roi_name	perm_00000	perm_00001	perm_00002	perm_00003	perm_00004	perm_00005	perm_00006	perm_00007	perm_00008	perm_00009	perm_00010	perm_00011	perm_00012	perm_00013	perm_00014	perm_00015	perm_00016	perm_00017	perm_00018	perm_00019	perm_00020	perm_00021	perm_00022	perm_00023	perm_00024	perm_00025	perm_00026	perm_00027	perm_00028	perm_00029	perm_00030	perm_00031	perm_00032	perm_00033	perm_00034	perm_00035	perm_00036	perm_00037	perm_00038	perm_00039	perm_00040	perm_00041	perm_00042	perm_00043	perm_00044	perm_00045	perm_00046	perm_00047	perm_00048	perm_00049	perm_00050	perm_00051	perm_00052	perm_00053	perm_00054	perm_00055	perm_00056	perm_00057	perm_00058	perm_00059	perm_00060	perm_00061	perm_00062	perm_00063	perm_00064	perm_00065	perm_00066	perm_00067	perm_00068	perm_00069	perm_00070	perm_00071	perm_00072	perm_00073	perm_00074	perm_00075	perm_00076	perm_00077	perm_00078	perm_00079	perm_00080	perm_00081	perm_00082	perm_00083	perm_00084	perm_00085	perm_00086	perm_00087	perm_00088	perm_00089	perm_00090	perm_00091	perm_00092	perm_00093	perm_00094	perm_00095	perm_00096	perm_00097	perm_00098	perm_00099
DefaultA_FPole_1_L	2.09283	-1.018083	-1.240739	0.161311	-0.971826	0.084208	-0.946734	-1.319419	-0.752784	0.527377	-1.188543	-0.562111	1.608662	-0.507278	-0.932819	-1.124217	1.140217	0.019427	-0.464165	-0.416882	-0.524998	-0.180744	-0.720649	-0.257786	-0.165487	-0.113482	-0.828203	-0.932653	0.022253	0.629147	-1.240794	-0.82572	-1.10312	-0.214945	0.145757	-1.220232	-1.19973	1.607039	0.437495	-0.225311	1.440402	2.161476	-0.689948	-0.701138	-0.86623	-1.206522	0.290938	-0.074745	-0.568913	-0.109085	0.93096	0.080897	-0.335021	-0.855951	-0.316546	1.937725	-0.612584	-1.316109	-0.330184	-0.550756	0.26611	-1.045208	-0.909531	1.401974	1.233734	-0.840688	-1.00544	-0.577914	-0.818361	-0.505128	0.165619	-0.799004	-0.804606	0.26695	-1.331433	-0.95518	0.351649	-0.633209	-0.356747	0.473906	-0.619959	0.879261	0.051639	0.466917	-0.556901	1.442972	-1.110832	-0.577054	-1.009687	-0.64548	-1.431625	-0.4112	-1.174881	-1.127269	1.68775	0.558169	-0.015112	-0.69096	-0.771698	-0.368066
DefaultA_IPL_1_L	-0.658093	-1.434433	-0.688	0.56902	-0.885008	-1.263605	2.30581	-1.823938	-1.086285	-1.215881	-1.170663	-0.993352	-1.030293	-0.15717	-0.347383	-0.505996	-1.341257	-0.757789	-1.27563	-1.102465	-0.524998	-1.166393	-0.720847	-1.333064	-1.060233	-0.967967	-1.064581	-1.083835	-1.144606	-0.67781	-1.574138	0.273205	-1.298783	0.406088	-0.273266	-0.709334	2.034129	-1.047805	-0.852457	-0.940772	-1.028698	-0.477475	0.444903	-0.715361	0.326492	-1.525012	-1.015492	-1.762226	-1.147918	-0.990133	-1.371799	0.303599	-1.577799	-0.875107	-0.140019	-0.558055	0.595082	-2.26899	-0.895391	-0.004994	-0.945942	-1.093866	1.686491	-1.154411	-0.997804	-1.026552	1.59047	-1.042446	-1.035147	-0.881046	-1.537306	-0.890505	-1.167866	-1.135428	-0.936137	-1.131008	0.599437	0.136044	-1.08436	-0.026758	-1.33193	-1.045262	-0.542079	-1.23929	-1.134506	-0.655779	-1.110832	-0.577054	-1.302434	-0.7726	-1.502734	-1.183247	-1.155814	-0.842548	-0.613224	-1.17301	0.28426	-1.056421	-0.158118	-0.367799
DefaultA_IPL_2_L	-0.658093	-1.434433	-0.688	0.56902	-0.885008	-1.263605	-0.348464	-1.823938	-1.086285	-1.215881	-1.170663	-0.993352	-1.081109	-0.15717	-0.347383	1.086592	-1.341257	-0.757789	-1.27563	-1.102465	-0.524998	-1.166393	-0.613424	-1.333064	-0.956948	0.182156	-1.064581	-1.083835	-1.144606	-0.67781	-1.574138	0.094517	-1.298783	2.260072	-0.273266	-0.709334	-1.19973	-0.551104	0.731135	-0.940772	-1.028698	-0.477475	0.444903	-0.715361	1.562674	-1.525012	-1.015492	-1.762226	-1.147918	-0.990133	-1.371799	0.303599	-1.577799	-0.87381	-0.140019	-0.558055	1.905802	-2.26899	-0.895391	-1.250662	-0.945942	-1.093866	1.686491	-1.154411	-0.997804	-1.026552	-0.3665	-0.876675	-1.035147	-1.124707	-1.537306	-0.890505	-1.167866	-0.992019	-0.936137	-1.131008	0.599437	0.136044	-1.544735	0.831346	-1.33193	-0.284037	-0.542079	-1.23929	-1.134506	-0.655779	-0.973136	-1.262356	-1.261988	-0.570055	-1.502734	-0.058133	-1.155814	-0.842548	-0.613224	-1.060135	-1.652841	-1.341163	-0.158118	-1.14253
DefaultA_PCC_1_L	-0.256047	0.274923	-1.240739	0.161311	1.181417	0.662388	-0.946734	-1.322163	-0.752784	0.527377	-1.188543	-0.562111	-0.603465	-0.51949	0.794494	0.262201	-1.097673	-0.796063	-0.316166	-1.151069	2.301362	-1.014071	-0.632959	-0.257786	-1.060233	-0.113482	-0.208587	-0.616506	0.022253	-0.220512	-0.40613	-0.82572	-1.10312	-0.214945	0.145757	-1.220232	-1.233218	-0.395981	0.437495	-0.547852	-0.702884	2.161476	-0.689948	-0.701138	-0.86623	-1.206522	0.290938	-0.074745	-0.902633	-0.109085	0.001568	1.429888	-0.335021	-0.855951	-0.67813	1.121047	-0.612584	-1.316109	-0.730133	-0.550756	-0.516637	-1.045208	-0.710927	1.401974	-0.997804	-0.512763	-1.673618	-0.454745	-0.669363	-0.505128	-0.766308	-0.799004	2.687354	0.697544	-1.331433	-0.95518	-0.71032	-0.633209	-0.356747	0.473906	-0.619959	0.436769	0.051639	0.466917	-0.856147	-0.655779	-0.652822	-0.577054	-1.009687	-0.625932	-1.431625	-0.4112	-1.174881	-1.127269	-0.291506	-0.640332	-0.015112	-0.69096	-0.19004	-0.368066
DefaultA_PFCd_1_L	2.09283	0.112273	0.565477	-0.103305	-0.971826	0.662388	-0.892475	0.100671	-0.752784	0.391744	-0.659907	-0.214028	0.425607	1.096039	0.406844	-0.262312	-0.577424	1.013102	-1.003479	1.572755	1.137015	-0.359337	0.157489	2.000957	0.244466	-0.113482	-0.208587	-0.133468	0.589039	2.109257	-0.117013	0.751771	-1.10312	0.619869	0.145757	-0.788611	0.158788	1.790992	1.717044	1.356448	1.440402	2.554493	0.733174	-0.76428	-0.86623	0.109068	0.556249	0.863154	-0.902633	-0.244549	0.93096	1.429888	-0.051059	-0.171361	1.44912	1.121047	0.297533	-1.28541	-0.266443	-0.004994	2.646767	-1.045208	-0.754416	-0.418067	-0.997804	-0.94571	-0.692457	-0.454745	-0.593927	0.447019	-0.179444	-0.890505	2.687354	0.697544	0.46516	-0.95518	-0.169974	1.097918	0.376325	0.724923	0.51059	0.879261	2.352235	0.466917	-0.556901	1.442972	-1.110832	-0.577054	-1.302434	-0.625932	-0.964407	0.295586	-1.174881	0.54188	1.68775	2.02351	0.28426	-0.431726	1.579906	1.268895
DefaultA_PFCm_1_L	2.09283	0.274923	-1.28368	0.161311	-0.990831	-1.263605	-0.946734	-1.322163	-0.752784	0.527377	-1.188543	-0.689786	-0.603465	-0.194189	-0.481407	-1.124217	-1.097673	0.019427	-0.787842	-0.416882	-0.524998	-0.180744	-0.720649	-0.257786	-1.002105	-0.113482	-0.828203	-1.192134	0.022253	0.629147	-0.40613	-0.82572	-1.10312	-0.214945	-0.888903	-1.220232	-0.851127	1.607039	0.437495	-0.225311	-0.702884	2.161476	-0.689948	-0.701138	-0.853729	-1.206522	0.556249	-0.074745	-1.050126	-0.109085	-0.087805	0.080897	-0.335021	-0.855951	-0.236084	-0.64653	-0.71434	-1.316109	-0.330184	-0.550756	0.26611	-1.045208	-0.909531	-0.59876	-0.520799	-0.840688	-1.00544	-0.577914	-0.928633	-0.505128	-1.378112	-0.558459	-0.804606	0.26695	-1.331433	-0.98036	-0.71032	-0.633209	-0.356747	0.473906	-1.019289	0.879261	0.051639	0.466917	-0.556901	1.442972	-1.322237	-0.577054	-1.009687	-0.625932	-0.882175	-0.4112	-1.174881	-1.127269	1.68775	-0.640332	-0.015112	-0.69096	-0.19004	-0.368066
DefaultA_PFCm_2_L	-0.471983	0.217532	-1.240739	0.161311	-0.990831	-1.263605	-0.946734	-0.915388	-0.752784	0.527377	-1.188543	-0.689786	-0.603465	1.096039	-1.051533	-1.124217	-0.669642	0.019427	-0.787842	-1.151069	-0.524998	-0.693466	-0.470518	-0.257786	-0.750017	-0.113482	-0.408447	1.11979	0.022253	0.629147	-1.282276	-0.82572	-1.10312	-0.214945	-0.888903	-0.921751	-1.19973	1.607039	0.437495	-0.940772	-0.702884	-0.15702	-1.070484	-0.701138	-0.162408	-0.61156	0.290938	-0.074745	-0.902633	-0.109085	-0.087805	0.080897	-0.375598	-0.855951	-0.316546	-0.64653	-0.667563	-1.316109	-0.330184	-0.550756	-0.792327	-1.045208	-0.909531	-0.59876	-1.522078	-0.840688	-0.875436	-0.639766	1.058958	0.799078	0.165619	0.406032	-0.804606	0.26695	-1.331433	-0.98036	-0.71032	-0.633209	-0.356747	0.473906	-0.471545	0.879261	-0.51396	0.113424	-0.556901	-0.655779	-1.322237	-1.034724	-0.548525	-0.7726	-1.431625	-0.969884	-1.174881	-1.002594	-0.291506	-1.120246	-0.015112	-0.69096	0.479846	-0.368066
DefaultA_PFCm_3_L	-0.471983	0.112273	-1.28368	0.161311	-0.990831	-1.263605	-0.457221	-0.915388	-0.752784	0.527377	-1.188543	-0.689786	-0.603465	-0.194189	-0.481407	-1.124217	-1.097673	1.013102	-0.787842	-1.151069	-0.524998	0.06139	-0.720649	-0.257786	-0.956948	-0.113482	-0.798612	-0.660751	0.022253	0.629147	-1.282276	-0.82572	-1.10312	-0.214945	-0.888903	-0.921751	-1.233218	1.607039	0.437495	-0.940772	-0.702884	-0.15702	-1.070484	-0.701138	-0.162408	-1.206522	0.556249	-0.074745	-1.050126	-0.109085	0.93096	0.080897	-0.335021	-0.855951	-0.316546	-0.64653	-0.667563	-1.316109	-0.266443	-0.550756	-0.792327	-1.045208	-0.710927	-0.59876	-0.520799	-0.885191	-0.875436	-0.876675	-0.928633	-0.505128	-1.537306	-0.936976	-0.804606	0.26695	-1.331433	0.373112	-1.765116	-0.485749	-0.356747	0.473906	-1.019289	0.879261	0.051639	0.466917	-0.556901	-0.655779	-1.110832	-1.034724	-1.261988	-0.7726	-0.882175	-1.60632	-0.486996	-1.127269	1.68775	-1.120246	-0.015112	-0.733822	-0.19004	-0.368066
DefaultA_PFCm_4_L	-0.471983	-1.434433	0.565477	0.156735	-0.98254	-0.957698	0.225499	-1.319419	-0.696106	-1.215881	-0.538154	-0.562111	-0.603465	-0.507278	-1.051533	2.307152	-1.097673	0.019427	-1.003479	-1.151069	-0.524998	-0.340426	-0.720649	-0.257786	0.563728	-0.113482	-0.828203	-0.660751	-1.144606	0.629147	-1.574138	-0.82572	-1.059114	-0.214945	-0.888903	-0.921751	-1.19973	1.607039	0.437495	-0.492835	-0.702884	-0.15702	-0.689948	-0.701138	-0.876227	0.109068	-0.54821	-1.263958	-0.642865	-0.109085	-0.024772	0.080897	-1.577799	-0.875107	-0.942226	0.34335	0.297533	-2.26899	-0.537645	-0.60689	-0.792327	-1.045208	-0.710927	-0.809665	-1.14172	-1.026552	-1.00544	-0.639766	-1.035147	-0.949552	-0.841353	-0.890505	-0.089545	0.26695	-1.331433	1.596022	-1.765116	-0.633209	-1.375319	0.473906	-0.619959	0.879261	0.051639	-1.23929	-1.134506	-0.655779	-0.584598	-0.577054	-1.261988	-0.570055	-1.502734	-1.60632	-1.155814	-1.002594	-0.291506	-1.120246	-1.652841	-1.341163	0.479846	-1.14253
DefaultA_PHC_1_L	-0.851629	0.072396	1.240481	0.622129	-0.646124	0.010534	-0.946734	-0.833765	-0.696106	-0.155011	-1.188543	1.150091	0.841036	-0.595969	0.794494	2.307152	-0.669642	-0.275682	0.38283	-1.123388	-0.524998	-0.340426	0.055657	0.149339	1.787661	1.026724	-0.798612	1.004767	0.022253	-0.768802	-1.240794	-0.608506	-1.10312	0.406088	-0.171465	-0.921751	-0.851127	-0.647746	1.704869	-0.492835	-0.289828	0.385199	1.241527	-0.911125	0.675574	1.029657	-0.400028	-0.706121	1.214767	-0.826722	0.001568	-0.021069	-0.526039	0.532697	1.696332	-0.447709	-0.298308	-1.28541	-0.566942	-0.60689	0.26611	-0.237809	0.190695	-0.809665	-0.520799	-0.840688	1.792845	-0.876675	-0.818361	-0.755035	1.54547	-0.38412	-0.804606	-0.992019	2.277081	0.373112	0.599437	-0.485749	-0.147829	0.549077	0.142409	-1.125186	-0.191775	0.42826	-0.630008	-0.208867	-0.313005	-1.034724	-1.261988	0.92381	-0.34246	0.617341	-0.486996	-0.651663	-0.497531	-0.318679	0.255353	-0.06265	-0.494292	1.268895
DefaultA_Temp_1_L	-0.658093	-1.434433	-0.688	0.622129	-0.885008	-0.957698	0.951842	-1.823938	-1.086285	-1.215881	-1.170663	-0.993352	-1.081109	-0.15717	-1.051533	1.414977	-1.341257	0.177178	-1.27563	-1.102465	-0.246309	-1.166393	-0.613424	-1.333064	-0.956948	2.450449	-0.798612	-1.083835	-1.144606	-0.67781	-1.240794	0.399171	-1.298783	0.406088	-0.273266	-0.709334	2.178846	-1.047805	0.068598	-0.940772	-1.028698	0.385199	1.218014	-0.715361	1.562674	-1.525012	-1.015492	-1.762226	-1.147918	-0.990133	-1.450665	-0.424692	-1.577799	-0.87381	-0.140019	-0.558055	1.174727	-2.26899	-0.895391	-1.250662	-0.792327	0.724551	2.391556	-1.154411	-0.997804	-1.026552	1.59047	-1.042446	-1.035147	-1.124707	-1.537306	-0.890505	-1.167866	-0.957947	-0.936137	-1.131008	0.599437	-0.075017	-1.544735	-0.026758	-1.33193	-1.045262	-0.542079	-1.23929	-1.134506	-0.655779	-1.322237	-1.262356	-1.302434	1.178435	-1.502734	-0.10201	-1.155814	-0.842548	-0.613224	-1.060135	-1.652841	-1.341163	-0.250173	-0.830613
DefaultA_Temp_2_L	-0.658093	-1.434433	0.492893	0.622129	-0.885008	-0.957698	2.30581	-1.823938	-1.086285	-1.215881	-1.170663	-0.993352	-1.081109	-0.15717	-0.347383	-0.505996	-1.341257	-0.275682	-1.27563	-1.102465	-0.524998	-1.166393	-0.168955	-1.333064	-0.956948	2.450449	-1.064581	-1.192134	-1.144606	-0.67781	-1.240794	0.273205	-1.298783	2.260072	-0.273266	-0.709334	0.048103	-0.551104	-0.107474	-0.940772	-1.028698	0.385199	0.884269	-0.715361	0.326492	-1.525012	-1.015492	-1.762226	-1.147918	-0.990133	-1.450665	0.405116	-1.577799	-0.87381	-0.140019	-0.558055	0.595082	-2.26899	-0.895391	-1.250662	-0.792327	-1.093866	1.280199	-1.154411	-0.997804	-1.026552	1.59047	-1.042446	-1.035147	-1.124707	-1.537306	-0.890505	-1.167866	-1.135428	-0.936137	-1.131008	1.5237	0.136044	-1.544735	0.831346	-1.33193	-1.045262	-0.542079	-1.23929	-1.134506	-0.655779	1.499017	-1.262356	-1.302434	0.082458	-1.502734	-0.10201	-1.155814	-0.842548	-0.613224	-1.060135	-1.652841	-1.341163	0.218382	-0.367799
DefaultA_TempPole_1_L	-0.658093	-0.942174	0.239984	0.622129	-0.98254	-1.263605	-0.892475	-1.823938	-0.696106	-0.155011	-1.188543	2.21315	-1.030293	-0.15717	-1.051533	-1.124217	2.193893	-0.757789	-1.003479	-1.102465	-0.524998	-0.340426	-0.389709	0.329907	-0.165487	-0.113482	-0.193218	-1.083835	0.022253	-1.004602	-1.574138	-1.000872	-1.10312	-0.625797	-0.171465	-0.921751	-1.181191	-1.001991	-1.148828	-0.492835	-1.028698	-0.858611	-0.689948	0.700763	1.951132	-1.26788	-0.54821	-0.706121	-1.147918	-0.990133	2.243278	-0.021069	-0.375598	-0.87381	-0.942226	-1.116581	-0.298308	-2.26899	-0.566942	-1.01975	-0.792327	-1.011119	0.190695	-0.809665	-1.522078	-0.8815	-0.692457	0.467906	-0.663335	-1.000899	-0.841353	-0.890505	-1.167866	2.132123	-0.936137	1.596022	-1.765116	-0.861415	-1.544735	-1.44477	2.319747	-1.125186	-0.932926	0.42826	-0.630008	-0.655779	2.098037	-1.149101	-1.302434	-0.64548	-0.964407	-1.60632	-1.174881	-1.002594	-0.291506	1.713424	-0.015112	1.211181	-0.7923	-0.368066
DefaultA_pCun_1_L	-0.256047	0.112273	0.239984	0.161311	-0.971826	0.662388	-0.946734	-1.322163	-0.752784	0.527377	-1.188543	-0.562111	-0.603465	-0.51949	0.794494	0.262201	-1.097673	-0.796063	-0.316166	-1.151069	2.301362	-0.180744	-0.720649	-0.257786	-1.060233	-0.113482	-0.208587	-0.932653	0.022253	-0.220512	-0.40613	-0.82572	-1.10312	-0.214945	0.145757	-1.220232	-1.233218	-0.395981	0.437495	-0.225311	-0.702884	-0.15702	-0.689948	-0.701138	-0.86623	-1.206522	0.290938	-0.074745	-0.902633	-0.109085	0.001568	1.429888	-0.051059	-0.855951	-0.67813	1.121047	-0.612584	-1.316109	-0.730133	-0.550756	-0.516637	-1.045208	-0.710927	1.401974	-1.522078	-0.512763	-1.673618	-0.577914	-0.669363	-0.505128	-0.766308	-0.799004	-0.804606	0.697544	-1.331433	-0.95518	-0.71032	-0.633209	-0.356747	0.473906	-0.619959	0.436769	0.051639	0.466917	-0.856147	-0.655779	-0.652822	-0.577054	-0.548525	-0.625932	-1.431625	-0.4112	-1.174881	-1.127269	-0.291506	0.558169	-0.015112	-0.69096	-0.19004	-0.368066
DefaultB_FPole_1_L	2.09283	-1.018083	-1.240739	0.161311	-0.971826	-0.157688	-0.946734	0.861149	-0.752784	0.527377	-1.188543	-0.562111	1.608662	-0.507278	0.794494	-1.124217	-0.117506	0.019427	-0.464165	-0.416882	-0.524998	-0.180744	-0.720649	-0.257786	-0.165487	-0.113482	-0.828203	-0.932653	0.022253	0.629147	-0.40613	-0.82572	-1.10312	-0.214945	0.145757	-1.220232	-1.19973	1.607039	0.437495	-0.575256	1.440402	2.161476	-0.689948	-0.701138	-0.86623	-1.206522	0.290938	-0.074745	-0.568913	-0.109085	0.93096	0.080897	-0.335021	-0.855951	-0.316546	1.937725	-0.612584	-1.316109	-0.330184	-0.550756	0.26611	-1.045208	-0.909531	1.401974	1.233734	-0.840688	-1.00544	-0.577914	-0.818361	-0.505128	0.165619	-0.799004	-0.804606	0.26695	-1.331433	-0.98036	0.351649	0.248116	-0.356747	0.473906	-0.619959	0.879261	0.051639	0.466917	-0.556901	1.442972	-1.110832	-0.577054	-1.009687	-0.64548	-1.431625	-0.4112	-1.174881	-1.127269	-0.291506	-0.640332	-0.015112	-0.69096	-0.771698	-0.368066
DefaultB_IPL_1_L	-0.658093	-1.434433	-0.688	0.56902	-0.885008	-1.263605	-0.946734	-1.823938	-1.086285	-1.215881	-1.170663	-0.993352	-1.081109	-0.15717	-0.347383	0.735437	-1.341257	-0.757789	-1.27563	-1.102465	-0.75659	-1.166393	-0.76817	-1.333064	-0.956948	-0.967967	-1.064581	-1.083835	-1.144606	-0.67781	-1.574138	0.273205	-1.298783	-0.0357	-0.273266	-0.921751	0.881619	-0.551104	0.731135	-0.940772	-1.028698	-0.477475	0.444903	-0.715361	-0.162408	-1.525012	-1.015492	-1.762226	-1.147918	-0.990133	-1.371799	0.303599	-1.577799	-0.87381	-0.140019	-0.447709	0.595082	-2.26899	-0.895391	-1.250662	-0.945942	-1.091376	-0.218981	-1.154411	-0.997804	-1.026552	-0.258611	-0.639766	-1.035147	-1.124707	-1.537306	-0.890505	-1.167866	-0.992019	-0.936137	-1.131008	0.599437	-0.350371	-1.031369	-0.026758	-1.33193	-1.045262	-0.542079	-1.23929	-1.134506	-0.655779	-0.973136	-1.262356	-1.261988	-0.85882	-1.502734	-1.183247	-1.155814	-0.842548	-0.613224	-1.060135	-1.652841	-1.341163	-0.158118	-0.367799
DefaultB_IPL_2_L	-0.658093	-1.434433	-0.688	0.56902	-0.885008	-1.263605	2.30581	-1.823938	-1.086285	-1.215881	-1.170663	-0.993352	-1.081109	-0.15717	-0.347383	1.086592	-1.341257	-0.275682	-1.27563	-1.102465	-0.246309	-1.166393	-0.613424	-1.333064	-0.956948	0.182156	-0.798612	-1.192134	-1.144606	-0.67781	-1.240794	0.273205	-1.298783	-0.0357	-0.273266	-1.220232	-1.19973	-0.551104	0.731135	-0.940772	-1.028698	-0.477475	0.884269	-0.715361	0.326492	-1.525012	-1.015492	-1.762226	-1.147918	-0.990133	-1.450665	-0.424692	-1.577799	-0.87381	-0.140019	-0.558055	-0.317342	-2.26899	-0.895391	-1.250662	0.26611	-1.091376	-0.218981	-1.154411	-0.997804	-1.026552	-0.258611	-1.042446	-1.035147	-1.124707	-1.537306	-0.890505	-1.167866	-0.992019	-0.936137	-1.131008	0.599437	0.136044	-1.08436	0.831346	-1.33193	-1.045262	-0.542079	-1.23929	-1.134506	-0.655779	-0.973136	-1.262356	-1.302434	-0.544721	-1.502734	-1.183247	-1.155814	-0.842548	-0.613224	-1.060135	-1.652841	-1.341163	0.218382	-0.367799
DefaultB_PCC_1_L	-0.256047	-1.434433	-1.240739	-0.634973	-0.98254	0.084208	-0.892475	-1.823938	-0.696106	0.527377	-1.170663	-0.689786	0.152441	-0.194189	-0.932819	2.307152	-1.097673	-0.796063	0.38283	-1.151069	2.301362	-0.340426	-0.613424	-0.257786	-0.750017	-0.113482	-0.798612	-0.660751	0.022253	-0.220512	-1.282276	-1.23097	-1.059114	-0.214945	-0.760582	-0.921751	-0.186538	-0.831417	0.437495	-0.693647	-0.681268	-0.15702	-1.063742	-0.701138	-0.86623	-0.61156	-0.529724	-1.263958	-0.642865	-0.109085	-0.087805	1.429888	-1.04886	-0.87381	0.59159	-0.207704	0.297533	0.842341	-0.537645	-0.86073	0.125526	-1.045208	-1.128436	-0.809665	-1.14172	-1.026552	-0.875436	-0.639766	-0.669363	-1.000899	-0.841353	-0.890505	-0.804606	0.26695	-0.936137	-0.98036	-1.765116	-0.485749	-0.356747	0.473906	-1.019289	0.879261	0.051639	0.466917	-0.856147	-0.655779	-0.973136	-1.262356	-1.261988	-0.544721	-1.502734	-0.969884	-0.260701	-0.842548	-0.291506	-1.120246	-0.015112	-1.056421	-0.19004	-1.052553
DefaultB_PCC_2_L	-0.256047	0.112273	0.565477	0.161311	-0.212053	0.662388	-0.946734	-1.322163	-0.752784	0.527377	-1.188543	-0.562111	-0.603465	-0.194189	0.794494	0.262201	-0.117506	-0.796063	-0.316166	-0.416882	-0.524998	-0.180744	-0.720649	-0.257786	-1.060233	-0.113482	-0.208587	-0.932653	0.022253	-0.220512	-1.240794	-0.82572	-1.10312	-0.214945	0.145757	-1.220232	-1.233218	-0.395981	0.437495	-0.225311	-0.210293	2.161476	-0.689948	-0.701138	-0.86623	-1.206522	0.290938	-0.074745	-0.902633	-0.109085	0.001568	1.429888	-0.335021	-0.855951	-0.67813	1.121047	-0.612584	-1.316109	-0.730133	-0.550756	-0.516637	-1.045208	-0.710927	1.401974	-1.522078	-0.512763	-1.673618	-0.454745	-0.818361	-0.505128	-0.766308	-0.799004	-0.804606	0.697544	-1.331433	-0.95518	-0.71032	-0.633209	-0.356747	0.473906	-0.619959	0.436769	0.051639	-0.843744	-0.856147	-0.655779	-0.652822	-0.577054	-1.009687	-0.625932	-1.431625	-0.4112	-1.174881	-1.127269	-0.291506	0.558169	-0.015112	-0.69096	-0.19004	-0.368066
DefaultB_PFCd_1_L	2.09283	0.112273	0.565477	-0.103305	-0.212053	0.662388	0.225499	0.100671	-0.628963	0.527377	-0.659907	-0.214028	0.425607	1.096039	0.406844	-0.262312	-0.577424	1.013102	-1.003479	1.572755	1.137015	-0.359337	0.157489	2.000957	0.244466	0.053412	-0.208587	-0.133468	0.589039	2.109257	-0.117013	0.751771	-1.059114	0.619869	0.145757	-0.788611	0.158788	1.790992	1.717044	1.356448	1.440402	2.554493	0.733174	-0.76428	1.951132	0.109068	0.556249	0.045323	-0.642865	-0.244549	0.671151	1.429888	-0.375598	-0.171361	1.44912	1.121047	0.297533	-1.28541	-0.266443	-0.004994	2.646767	-1.045208	-0.754416	-0.418067	-0.997804	-0.94571	-0.692457	-0.454745	-0.593927	0.447019	-0.179444	-0.890505	2.687354	0.697544	0.46516	-0.95518	0.351649	1.097918	-0.690756	0.724923	0.205489	0.879261	2.352235	-0.830986	2.413128	1.442972	-0.639555	-0.577054	-1.302434	-0.236624	-0.964407	0.295586	-0.710826	-0.842548	1.68775	2.02351	0.28426	-0.431726	1.579906	1.268895
DefaultB_PFCd_2_L	2.09283	0.112273	0.565477	-0.103305	-0.212053	0.662388	-0.892475	-1.319419	-0.752784	0.391744	-0.659907	-0.214028	0.425607	1.096039	0.406844	-0.262312	-0.577424	1.013102	-1.003479	1.572755	1.137015	-0.359337	0.157489	2.000957	0.244466	-0.113482	-0.208587	-0.133468	0.589039	2.109257	-0.117013	0.751771	-1.10312	0.619869	0.145757	-0.788611	0.158788	1.790992	1.717044	1.356448	1.440402	2.554493	0.733174	-0.76428	-0.86623	0.109068	0.556249	0.863154	-0.642865	-0.244549	0.93096	1.429888	-0.051059	-0.171361	1.44912	1.121047	0.297533	-1.28541	-0.266443	-0.004994	2.646767	-1.045208	-0.754416	-0.418067	1.233734	-0.94571	-0.692457	-0.454745	-0.593927	0.447019	-0.179444	-0.890505	2.687354	0.697544	0.46516	-0.95518	0.351649	1.097918	0.376325	0.724923	0.51059	0.879261	2.352235	0.466917	-0.556901	1.442972	-1.110832	-0.577054	-1.302434	-0.625932	-0.964407	0.295586	-1.174881	0.54188	1.68775	2.02351	0.28426	-0.431726	1.579906	1.268895
DefaultB_PFCd_3_L	2.09283	0.112273	0.565477	-0.453143	-0.971826	0.662388	-0.892475	-1.319419	-0.752784	0.391744	-0.659907	-0.214028	1.608662	1.096039	-0.082984	-0.262312	1.140217	0.019427	-1.003479	1.572755	1.137015	-0.359337	0.157489	-0.257786	1.338934	-0.113482	-0.208587	-0.616506	0.589039	2.109257	-0.117013	-0.82572	-1.10312	0.619869	0.145757	-0.788611	-1.233218	1.607039	1.717044	1.356448	1.440402	2.161476	0.733174	-0.76428	-0.86623	0.627098	0.556249	0.863154	-0.43813	-0.109085	0.93096	1.429888	-0.335021	-0.171361	1.44912	1.937725	0.297533	-1.28541	-0.266443	-0.004994	0.26611	-1.045208	-0.754416	-0.418067	1.233734	-0.94571	-0.692457	-0.454745	-0.593927	0.447019	-0.179444	-0.890505	2.687354	0.697544	-1.331433	-0.95518	0.351649	0.248116	-0.356747	0.724923	0.205489	0.879261	0.051639	0.466917	-0.556901	1.442972	-1.110832	-0.577054	0.13794	-0.625932	-0.964407	0.295586	-1.174881	0.54188	1.68775	2.02351	0.28426	-0.431726	1.579906	1.268895
DefaultB_PFCd_4_L	2.09283	0.274923	-1.28368	-0.103305	-0.971826	0.662388	-0.946734	-1.319419	-0.752784	0.527377	-1.188543	-0.562111	1.608662	1.096039	-0.082984	-0.262312	-0.117506	0.019427	-1.003479	-0.416882	2.301362	-0.359337	0.157489	-0.257786	-0.165487	-0.113482	-0.208587	-0.616506	0.589039	0.629147	-0.117013	-0.82572	-1.10312	0.619869	0.145757	-1.220232	-1.233218	1.607039	0.437495	-0.225311	1.440402	2.161476	-0.689948	-0.701138	-0.86623	-1.206522	0.556249	0.863154	-0.902633	-0.109085	-0.087805	0.080897	-0.051059	-0.171361	-0.236084	1.937725	-0.612584	-1.316109	-0.266443	-0.004994	2.646767	-1.045208	-0.55492	-0.418067	1.233734	-0.94571	-0.692457	-0.454745	-0.928633	0.447019	-0.179444	-0.799004	2.687354	0.697544	-1.331433	-0.95518	0.351649	0.248116	-0.356747	0.473906	-0.619959	0.879261	0.051639	0.466917	-0.556901	1.442972	-1.110832	-0.577054	-1.009687	-0.625932	-1.431625	-0.4112	-1.174881	0.54188	1.68775	-0.640332	0.28426	-0.431726	1.579906	-0.368066
DefaultB_PFCl_1_L	1.796117	-1.018083	2.633297	2.574901	-0.450437	-0.591862	0.951842	0.100671	-0.628963	-1.431931	-1.170663	-0.734038	-0.794995	1.995615	0.406844	2.307152	-0.577424	2.362935	-1.003479	0.018626	2.301362	-1.014071	-0.389709	-0.342164	0.244466	1.026724	-0.784327	-1.044513	-0.703197	1.55142	-0.117013	1.533497	-1.059114	1.637713	-0.171465	-0.307521	2.034129	0.514632	1.704869	-0.77511	-0.210293	2.133954	1.679114	0.611517	1.951132	-1.191494	-0.529724	0.045323	-1.107267	-0.244549	0.671151	2.488086	-1.04886	-0.875107	2.14171	2.043961	2.994713	-2.26899	-0.770819	-0.86073	2.646767	-1.011119	0.185782	-0.418067	0.769029	-0.8815	0.78519	-0.983363	-0.663335	-0.654087	-0.766308	-0.890505	1.474304	-0.957947	0.46516	-1.131008	-0.169974	1.61508	-0.690756	1.730315	-0.619959	-0.085416	1.845517	-0.830986	-1.134506	-0.655779	-0.097108	-1.149101	-1.302434	1.178435	-1.502734	0.617341	-0.260701	0.143427	1.935342	0.758485	-0.434157	-0.764502	0.483508	-0.367799
DefaultB_PFCv_1_L	-0.471983	-0.942174	-0.839795	0.161311	-0.98254	-1.139372	-1.183474	0.861149	-0.752784	-0.715487	-0.538154	-0.993352	-1.296508	-0.595969	-0.481407	-0.505996	-1.097673	0.019427	-0.787842	-1.151069	-0.524998	-0.340426	-0.389709	-0.257786	-1.002105	1.026724	1.953403	-0.660751	0.611816	-0.954966	-1.574138	-1.000872	-1.10312	0.406088	-0.888903	1.901942	-1.19973	-1.001991	-0.012997	-0.575256	-1.028698	-0.201395	-1.234347	-0.701138	-0.86623	-0.61156	-0.54821	-0.706121	-0.642865	-0.244549	2.243278	-1.177605	-1.201596	-0.823445	-0.884079	-0.207704	-0.71434	-2.26899	-0.566942	-0.86073	-0.792327	-1.045208	-0.909531	-0.809665	-1.14172	-0.8815	-1.00544	-0.639766	-1.035147	-0.654087	-0.841353	-0.890505	0.201165	-1.010181	-0.936137	-1.131008	-1.765116	-0.485749	-0.356747	0.473906	-1.33193	-0.211481	-0.542079	-0.843744	-0.630008	-0.655779	-0.097108	-1.262356	-0.383834	-0.625932	-0.139798	-0.4112	-0.622095	-1.002594	-0.291506	-0.640332	-0.015112	-1.341163	-0.158118	-1.156184
DefaultB_PFCv_2_L	-0.471983	-1.434433	-1.059949	0.161311	-0.646124	-1.139372	-0.892475	0.861149	-0.696106	-1.215881	-0.538154	-0.993352	-1.296508	-0.387083	0.794494	0.179877	-0.022898	-0.891269	-1.003479	0.018626	1.368747	-0.340426	-0.632959	-1.333064	-0.750017	2.450449	-0.798612	0.630699	-1.233011	-0.954966	-1.574138	-1.23097	-1.10312	0.406088	-0.171465	-0.921751	-1.19973	-1.001991	-0.012997	-0.225311	-0.210293	-0.190681	-1.209064	0.700763	-0.228218	-1.525012	-0.54821	-0.889495	-0.43813	-0.244549	-0.024772	-1.177605	-0.526039	-0.87381	-0.140019	-0.207704	0.297533	-2.26899	-0.266443	-0.86073	-0.625402	-0.755448	-0.710927	-0.809665	-1.14172	-1.026552	-0.692457	-0.639766	-0.663335	-0.755035	-0.841353	-0.890505	-0.804606	-1.010181	-0.936137	-1.131008	-0.71032	-0.485749	-1.544735	0.549077	2.319747	-0.211481	-0.932926	-0.843744	-0.630008	-1.132494	-0.973136	-0.455831	-1.261988	-0.897268	-0.139798	-0.4112	-1.155814	-0.842548	-0.613224	-1.120246	-0.015112	-1.341163	-0.158118	-1.052553
DefaultB_Temp_1_L	-0.658093	-1.434433	0.492893	0.56902	-0.885008	-0.957698	2.30581	-1.823938	-1.086285	-1.215881	-1.170663	-0.993352	-1.081109	-0.15717	-0.347383	1.086592	-1.341257	0.177178	-1.27563	-1.102465	-0.246309	-1.166393	-0.76817	-1.333064	-0.956948	0.549692	-0.798612	-1.192134	-1.144606	-0.67781	-1.240794	0.399171	-1.298783	-0.0357	-0.273266	-1.220232	2.034129	-0.551104	0.731135	-0.940772	-1.028698	-0.477475	0.884269	-0.715361	1.510431	-1.525012	-1.015492	-1.762226	-1.147918	-0.990133	-1.450665	0.405116	-1.577799	-0.87381	-0.140019	-0.558055	1.905802	-2.26899	-0.895391	-1.250662	-0.792327	-1.093866	1.686491	-1.154411	-0.997804	-1.026552	1.59047	-1.042446	-1.035147	-1.124707	-1.537306	-0.890505	-1.167866	-0.992019	-0.936137	-1.131008	0.599437	-0.075017	-1.544735	0.831346	-1.33193	-1.045262	-0.542079	-1.23929	-1.134506	-0.655779	-0.564709	-1.262356	-1.302434	2.319506	-1.502734	-0.10201	-1.155814	-0.842548	-0.613224	-1.17301	-1.652841	-1.341163	-0.250173	-0.367799
DefaultB_Temp_2_L	-0.658093	-1.434433	0.492893	0.161311	-0.885008	-0.957698	2.30581	-1.823938	-1.086285	-1.215881	-1.170663	-0.993352	-1.081109	-0.15717	-0.347383	1.086592	-1.341257	0.177178	-1.27563	-1.102465	-0.524998	-1.166393	-0.168955	-1.333064	-0.956948	2.450449	-0.880058	-1.192134	-1.144606	-0.67781	-1.240794	0.295732	-1.298783	2.260072	-0.273266	-0.709334	2.178846	-0.551104	-0.012997	-0.940772	-1.028698	0.385199	1.218014	-0.715361	1.510431	-0.346335	-1.015492	-1.762226	-1.147918	-0.990133	-1.450665	0.303599	-1.577799	-0.87381	-0.140019	-0.558055	0.595082	-2.26899	-0.895391	-1.250662	-0.792327	0.724551	2.391556	-1.154411	-0.997804	-1.026552	1.59047	-1.042446	-1.035147	-1.124707	-1.537306	-0.890505	-1.167866	-1.135428	-0.936137	-1.131008	0.599437	0.136044	-1.544735	0.831346	-1.33193	-1.045262	-0.542079	-1.23929	-1.134506	-0.655779	1.634615	-1.262356	-1.302434	1.97156	-1.502734	-0.10201	-1.155814	-0.842548	-0.613224	-1.060135	-1.652841	-1.056421	0.218382	-0.367799
DefaultB_TempPole_1_L	-0.658093	-1.434433	0.492893	0.622129	-0.885008	-0.957698	0.951842	-1.823938	-1.086285	-1.215881	-1.170663	-0.993352	-1.081109	-0.15717	0.794494	0.179877	-1.341257	-0.275682	-1.27563	-1.102465	-0.524998	-1.166393	-0.613424	-1.333064	-0.956948	2.450449	-1.064581	-1.192134	-1.144606	-0.67781	-1.240794	0.399171	-1.298783	0.406088	-0.273266	-0.709334	2.178846	-0.551104	0.068598	-0.940772	-1.028698	0.385199	1.218014	-0.715361	1.562674	-0.346335	-1.015492	-1.762226	-1.147918	-0.990133	-1.450665	0.405116	-1.577799	-0.87381	-0.140019	-0.558055	1.174727	-2.26899	-0.895391	-1.250662	-0.792327	0.724551	2.391556	-1.154411	-0.997804	-1.026552	1.59047	-1.042446	-1.035147	-1.124707	-1.537306	-0.890505	-1.167866	-1.135428	-0.936137	-1.131008	0.599437	0.136044	-1.544735	-0.026758	-1.33193	-1.045262	-0.542079	-1.23929	-1.134506	-0.655779	1.634615	-1.262356	-1.302434	-0.625932	-1.502734	-0.10201	-1.155814	-0.842548	-0.613224	-1.060135	-1.652841	-1.056421	0.218382	-0.367799
DefaultB_TempPole_2_L	-0.658093	-1.434433	-0.688	0.622129	-0.885008	-0.957698	0.951842	-1.823938	-1.086285	-1.215881	-1.170663	-0.993352	-1.081109	-0.15717	-1.051533	0.179877	-1.341257	0.177178	-1.27563	-1.102465	-0.524998	-1.166393	-0.613424	-1.333064	-0.956948	2.450449	-1.064581	-1.083835	-1.144606	-0.768802	-1.574138	0.399171	-1.298783	0.406088	-0.273266	-0.709334	2.178846	-1.047805	0.068598	-0.940772	-1.028698	-0.201395	0.444903	-0.715361	1.562674	-1.525012	-1.015492	-1.762226	-1.147918	-0.990133	-1.450665	-0.424692	-1.577799	-0.87381	1.696332	-0.558055	1.174727	-2.26899	-0.895391	-1.250662	-0.792327	0.724551	1.280199	-1.154411	-0.997804	-1.026552	1.59047	-1.042446	-1.035147	-1.124707	-1.537306	-0.890505	-1.167866	-0.957947	-0.936137	-1.131008	0.599437	0.136044	-1.544735	-0.026758	-1.33193	1.014126	-0.542079	-1.23929	-1.134506	-0.655779	-0.564709	-1.262356	-1.302434	2.319506	-1.502734	-0.10201	-1.155814	-0.842548	-0.613224	-1.17301	-1.652841	-1.341163	-0.250173	-0.367799
DefaultC_IPL_1_L	-0.658093	-1.434433	-0.688	0.56902	-0.885008	-1.263605	2.30581	-1.823938	-1.086285	-1.215881	-1.170663	-0.993352	-1.030293	-0.595969	-1.051533	0.735437	-1.341257	-0.757789	-1.27563	-1.102465	-0.524998	-1.166393	-0.720847	-1.333064	-0.956948	-0.80582	-1.064581	-1.083835	-1.144606	-0.768802	-1.574138	0.399171	-1.298783	2.260072	-0.273266	-1.220232	2.034129	-1.047805	-0.012997	-0.547852	-1.028698	-0.384487	-1.234347	-0.715361	1.510431	-1.525012	-0.400028	-1.762226	-1.147918	-0.990133	-1.450665	0.303599	-1.577799	-0.87381	-0.140019	-0.558055	1.174727	-2.26899	-0.895391	-1.250662	0.26611	-1.093866	-0.218981	-1.154411	-0.997804	-1.026552	-0.258611	-0.876675	-1.035147	-0.881046	-1.537306	-0.890505	-1.167866	-1.135428	-0.936137	-1.131008	0.599437	0.136044	-1.544735	-0.026758	-1.33193	-1.045262	-0.542079	-1.23929	-1.134506	-0.655779	-1.110832	-1.262356	-0.548525	-0.85882	-1.502734	-0.058133	-1.155814	-0.842548	-0.613224	-1.060135	-1.652841	-1.341163	-0.158118	-0.367799
DefaultC_PFCd_1_L	2.09283	0.112273	0.565477	-0.103305	-0.212053	0.662388	-0.892475	0.100671	-0.628963	-1.438103	-0.659907	-0.214028	0.425607	1.096039	0.406844	-0.262312	-0.577424	1.890067	-1.003479	1.572755	1.137015	-0.359337	-0.612412	2.000957	0.244466	0.053412	-0.208587	-0.133468	-0.703197	2.109257	-0.40613	0.751771	-1.059114	-0.625797	-0.171465	-0.788611	0.692606	1.790992	1.704869	-0.547852	-0.210293	2.554493	0.733174	-0.76428	1.951132	0.109068	-0.529724	0.045323	-0.642865	-0.244549	0.671151	1.429888	-0.051059	-0.171361	1.44912	0.34335	0.297533	-1.28541	-0.266443	-0.86073	2.646767	-0.402188	-0.55492	-0.418067	-0.997804	-0.94571	-0.692457	-0.454745	-0.593927	-0.654087	-0.179444	-0.890505	2.687354	0.697544	0.46516	-0.95518	0.351649	1.097918	-0.690756	0.724923	-0.619959	-0.085416	1.177987	-0.830986	-1.134506	1.442972	-0.097108	-0.641344	-1.302434	-0.236624	-0.964407	1.504623	-0.710826	0.143427	1.68775	2.02351	0.28426	-0.431726	1.579906	1.268895
DefaultC_PFCd_2_L	2.09283	0.112273	0.565477	-0.103305	-0.450437	0.662388	-0.892475	0.100671	-0.628963	0.391744	-0.659907	-0.734038	-0.208679	-0.507278	0.406844	-0.262312	-0.577424	1.013102	-1.003479	1.572755	2.301362	-0.359337	0.157489	2.000957	0.244466	0.053412	-0.208587	-0.616506	-0.703197	2.109257	-0.117013	0.751771	-1.10312	0.619869	0.145757	-0.788611	0.158788	1.790992	1.717044	-0.77511	-0.210293	2.554493	0.733174	-0.76428	-0.86623	0.109068	0.556249	0.045323	-0.902633	-0.244549	0.671151	1.429888	-0.051059	-0.171361	1.44912	0.34335	0.297533	-1.28541	-0.266443	-0.004994	2.646767	-0.402188	-0.55492	-0.418067	1.233734	-0.94571	-0.692457	-0.454745	-0.593927	-0.654087	-0.179444	-0.890505	2.687354	0.697544	0.46516	-0.95518	-0.169974	1.097918	0.376325	0.724923	-0.619959	-0.085416	2.352235	-0.830986	-1.134506	1.442972	-1.110832	-1.149101	-1.302434	-0.236624	-0.964407	0.295586	-1.174881	0.54188	1.68775	-0.507908	0.28426	-0.431726	1.579906	-0.368066
DefaultC_PHC_1_L	-0.256047	0.217532	0.239984	0.161311	-0.646124	-0.798311	-0.946734	-0.833765	-0.696106	-1.165755	-1.188543	-0.562111	-1.030293	-0.73711	0.794494	2.307152	-0.669642	-0.796063	0.38283	0.018626	-0.524998	-0.340426	0.055657	-0.342164	-1.060233	1.026724	-0.798612	-0.660751	0.022253	-0.220512	-1.282276	0.751771	0.306271	0.406088	-0.888903	-0.921751	-0.851127	-0.395981	0.437495	-0.547852	0.189684	-0.190681	-1.070484	-0.701138	0.675574	-0.61156	-0.435465	-0.706121	1.214767	1.123488	0.93096	-0.021069	-0.526039	0.532697	1.696332	-0.64653	-0.71434	-1.28541	-0.566942	-0.60689	-0.744316	-0.237809	0.190695	-0.809665	-1.522078	-0.840688	-1.00544	-0.876675	-0.669363	-0.755035	0.596634	-0.38412	-0.804606	-0.992019	2.277081	0.373112	0.599437	-0.485749	-0.147829	0.549077	-1.154847	-1.125186	-0.191775	0.42826	-0.630008	-0.655779	-0.313005	-1.034724	-1.261988	0.92381	-0.34246	-1.60632	-0.486996	-0.651663	-0.291506	-0.507908	0.736974	-0.06265	-0.494292	-0.830613
DefaultC_PHC_2_L	-0.471983	-1.434433	-0.688	-0.634973	-0.98254	-1.139372	2.30581	-1.319419	-0.696106	0.527377	-1.188543	-0.689786	1.608662	-0.507278	-0.082984	0.397732	2.193893	-0.757789	-0.454853	-1.102465	-0.75659	0.06139	-0.648247	-0.342164	-0.165487	0.549692	-0.798612	-0.235976	-1.144606	-0.954966	-1.240794	0.399171	-1.10312	-0.461924	-0.888903	-0.921751	-1.181191	-1.001991	0.731135	-0.693647	-0.702884	-0.384487	-1.209064	-0.701138	-0.162408	-0.61156	1.008346	-1.762226	-1.147918	-0.990133	-1.371799	-1.177605	-1.577799	-0.875107	0.59159	-1.080903	0.595082	-2.26899	-0.537645	-0.60689	-0.945942	-1.091376	-0.014135	-0.526517	-1.522078	-0.8815	-0.258611	-0.876675	-0.669363	-1.000899	-0.841353	-0.890505	0.201165	0.26695	-0.936137	-1.131008	-0.918924	-0.075017	-0.356747	-0.026758	-0.619959	-1.045262	-0.932926	0.42826	0.358125	-0.655779	1.499017	-0.577054	-1.261988	-0.85882	1.588455	-0.058133	-0.622095	-1.127269	-0.816627	-1.120246	0.736974	1.211181	-0.250173	-1.052553
DefaultC_RSC_1_L	-0.256047	0.072396	-1.240739	0.161311	-0.212053	-0.798311	-0.457221	-0.915388	-0.696106	0.882871	-1.188543	-0.689786	-0.603465	-0.51949	-1.051533	0.262201	-1.097673	-0.796063	-0.787842	-1.151069	-0.75659	-0.340426	-0.720649	-0.257786	-1.060233	-0.113482	-0.828203	-1.083835	0.022253	-0.220512	-1.574138	0.399171	-1.10312	-0.214945	0.145757	-1.220232	0.881619	-0.395981	0.437495	-0.547852	-0.702884	-0.190681	-1.070484	-0.701138	-0.876227	-0.61156	-0.529724	-0.074745	-0.498287	-0.109085	-1.371799	1.429888	-0.526039	-0.855951	-0.884079	-0.207704	-0.848373	-1.28541	-0.730133	-0.550756	-0.516637	-1.045208	-0.710927	-0.659757	-0.891123	-0.512763	-1.673618	-0.577914	-0.669363	-0.505128	-1.537306	-0.799004	-0.089545	-1.010181	-1.331433	-0.412139	-0.71032	-0.350371	-1.031369	0.473906	-0.471545	0.436769	0.051639	0.466917	-0.630008	-0.655779	-0.652822	-1.034724	-1.261988	-0.625932	-0.868404	-0.058133	-1.174881	-1.002594	-0.291506	-0.507908	0.736974	-1.056421	-0.19004	-0.830613
DefaultC_RSC_2_L	-0.256047	0.217532	-1.240739	0.161311	-0.990831	0.662388	-0.457221	-0.915388	-0.752784	-1.165755	-1.188543	-0.689786	-0.603465	-0.51949	-0.481407	0.179877	-1.097673	-0.796063	-0.454853	-1.151069	-0.524998	-0.340426	-0.720649	-0.257786	-1.060233	-0.113482	-0.798612	-0.660751	-0.703197	-0.220512	-1.574138	-0.82572	-1.10312	0.406088	0.145757	-0.921751	-1.233218	-0.395981	0.437495	-0.225311	-0.702884	-0.15702	-1.070484	-0.701138	-0.86623	-1.206522	-0.400028	-1.371704	-1.050126	-0.109085	-1.371799	0.080897	-0.526039	-0.855951	-0.884079	-0.64653	-0.317342	-1.316109	-0.730133	-0.550756	-0.516637	-1.045208	-0.710927	-0.809665	-1.522078	-0.512763	-0.933021	-0.876675	-0.669363	-0.755035	-1.378112	-0.558459	-0.804606	-0.992019	-1.331433	-0.98036	-0.71032	-0.633209	-0.356747	0.473906	-1.019289	0.436769	0.051639	-0.843744	-0.457406	-0.655779	-0.652822	-1.149101	-1.261988	-0.7726	-0.882175	0.295586	-1.174881	-1.002594	-0.291506	-0.507908	-0.015112	-1.056421	-0.19004	-0.368066
DefaultC_RSC_3_L	-0.256047	0.217532	-1.240739	0.161311	-0.990831	-0.798311	-0.457221	-0.915388	-0.752784	0.882871	-1.188543	-0.689786	-0.603465	-0.73711	0.794494	2.307152	-1.097673	-0.796063	-0.454853	-0.416882	1.368747	-1.014071	-0.720649	-0.257786	-1.060233	-0.113482	-0.798612	-0.660751	-0.703197	-0.220512	-1.282276	-0.82572	-1.10312	0.406088	0.145757	-0.921751	-0.851127	-0.395981	0.437495	-0.547852	-0.702884	-0.15702	-1.070484	-0.701138	-0.876227	-0.61156	-0.529724	-1.371704	-0.902633	-0.109085	-1.371799	-0.067497	-0.526039	-0.855951	-0.67813	-0.64653	-0.71434	1.011143	-0.730133	-0.550756	-0.516637	-1.045208	-0.710927	-0.809665	-1.522078	-0.512763	-0.933021	-0.876675	-0.669363	-0.505128	-1.378112	-0.558459	-0.089545	-0.992019	-1.331433	-0.98036	-0.71032	-0.633209	-0.147829	0.473906	-0.265151	0.436769	0.051639	-0.843744	-0.856147	-0.655779	-0.652822	-1.149101	-1.261988	-0.7726	-0.882175	0.295586	-0.260701	-1.002594	-0.291506	-0.507908	-0.015112	-1.056421	-0.19004	-0.368066
DefaultC_pCun_1_L	-0.256047	-0.942174	0.02352	0.622129	-0.98254	-0.798311	-0.946734	0.861149	-0.546831	0.176578	-0.538154	-0.484298	-1.030293	-0.73711	-1.051533	0.735437	-0.662166	-0.796063	0.38283	-0.371698	-0.75659	0.06139	0.055657	-0.441347	-0.750017	-0.583808	-0.798612	-0.974695	-0.02659	-0.220512	-1.095836	0.399171	0.306271	-0.12261	-0.888903	-0.921751	-1.233218	-0.395981	-0.852457	-0.693647	-0.681268	-0.190681	-1.070484	0.700763	-0.162408	1.029657	-0.435465	-0.706121	-0.498287	-0.69569	-1.011802	-0.021069	-1.297221	0.532697	-0.884079	-1.080903	-0.848373	-2.26899	-0.566942	-1.075254	-0.945942	-0.237809	0.190695	-0.809665	-1.522078	0.277136	-0.46403	-0.983363	-0.669363	-0.881046	-1.537306	-0.908193	-0.804606	-1.010181	0.768839	0.426678	-0.199639	-0.485749	-1.375319	0.549077	-0.197956	-1.125186	-0.191775	-0.520383	-0.630008	-1.132494	-0.639555	-1.034724	-1.261988	-0.557256	-0.34246	-0.969884	-0.260701	-1.002594	-0.497531	-0.556491	-1.652841	-1.341163	0.479846	1.268895
DefaultC_pCun_2_L	-0.256047	-0.942174	-0.839795	0.161311	-0.98254	-0.798311	-0.932211	-1.823938	-0.696106	-0.133532	-1.188543	2.21315	-1.030293	-0.73711	-1.051533	0.262201	-1.097673	1.013102	-1.003479	-1.151069	-0.524998	-0.340426	-0.720649	-0.257786	-1.002105	-0.113482	-0.798612	-0.974695	0.022253	-0.220512	-1.240794	-1.031971	-1.10312	-0.461924	2.600739	-1.285912	-1.233218	-0.395981	0.437495	-0.492835	-0.702884	-0.15702	-1.070484	0.700763	-1.065561	-1.525012	-0.435465	-0.706121	-0.498287	-0.109085	-1.371799	1.429888	-0.526039	-0.87381	-0.942226	-0.64653	-0.71434	-2.26899	-0.537645	-0.550756	-0.945942	-1.045208	-0.710927	-0.526517	-0.891123	-0.610981	0.011877	-0.639766	-0.669363	-0.755035	-0.766308	-0.890505	-0.804606	2.132123	-0.936137	-1.131008	-0.199639	-0.350371	-0.356747	0.549077	-1.154847	-0.284037	0.051639	0.42826	-0.856147	-0.655779	-1.110832	-1.034724	-1.261988	-0.557256	-0.882175	0.295586	-0.622095	-1.002594	-0.895562	-0.507908	-0.015112	-1.056421	1.579906	-0.368066
DefaultC_pCun_3_L	-0.256047	0.217532	0.239984	0.161311	2.071951	-0.798311	-0.932211	-0.915388	-0.696106	0.527377	-1.188543	-0.689786	-0.603465	-0.73711	-0.481407	0.262201	-1.097673	-0.796063	-1.27563	-1.151069	-0.246309	0.06139	-0.720649	-0.342164	-1.060233	-0.113482	-0.798612	-0.660751	-0.703197	-0.220512	-1.574138	-0.82572	-1.10312	0.406088	0.145757	-0.921751	-1.233218	-0.395981	0.437495	-0.225311	-0.702884	-0.190681	-1.070484	-0.701138	-0.162408	-1.206522	-0.435465	-0.386365	-1.050126	-0.109085	-1.371799	1.429888	-0.526039	-0.855951	-0.942226	1.121047	-0.667563	-2.26899	-0.730133	-0.60689	-0.516637	-1.045208	-0.710927	-0.418067	-1.522078	-0.8815	0.011877	-0.876675	-0.669363	-0.505128	-0.766308	-0.908193	-0.804606	-0.992019	-1.331433	0.373112	-0.71032	-0.785265	-0.356747	0.549077	-1.154847	-0.284037	0.051639	-0.843744	-0.457406	-0.655779	-0.652822	-1.149101	-1.261988	-0.557256	-0.139798	0.617341	-0.486996	-1.002594	-0.291506	-0.507908	0.736974	-1.056421	1.579906	1.268895
Language_IFG_1_L	1.796117	-1.018083	2.633297	2.574901	-0.450437	-0.591862	0.951842	0.100671	-0.628963	-1.165755	-1.170663	-0.734038	-0.208679	1.995615	3.209099	2.307152	-0.577424	2.362935	-1.003479	0.018626	2.301362	-1.014071	-0.197801	-0.342164	0.244466	1.026724	-0.784327	-1.044513	0.611816	1.55142	-0.429093	1.533497	-1.059114	1.637713	-0.171465	-0.307521	2.034129	-0.474157	1.704869	-0.77511	-0.702884	2.133954	0.717192	0.611517	1.951132	-1.191494	-0.529724	-1.263958	-1.107267	-0.69569	0.671151	2.488086	-0.375598	-0.875107	2.14171	2.043961	2.994713	-2.26899	-0.770819	-0.86073	0.26611	-1.011119	0.185782	-0.418067	-0.997804	-0.8815	0.78519	-0.577914	-0.663335	-0.755035	-1.378112	-0.890505	1.474304	0.26695	2.277081	-1.131008	-0.199639	1.61508	-1.031369	1.730315	-0.619959	1.014126	1.845517	-0.830986	-1.134506	-0.655779	-0.097108	-1.149101	-1.302434	1.178435	-1.502734	0.617341	-0.260701	-0.842548	1.935342	2.02351	-0.434157	-0.764502	0.483508	-0.367799
Language_IFG_2_L	1.796117	-1.018083	2.633297	2.574901	-0.450437	-0.957698	0.951842	0.100671	-0.628963	-1.165755	-1.170663	-0.734038	-0.794995	1.995615	3.209099	2.307152	-0.577424	2.362935	-1.003479	0.018626	2.301362	-1.014071	-0.197801	-0.342164	0.244466	1.026724	-0.784327	-1.044513	0.611816	1.55142	-1.282276	1.533497	-1.059114	1.637713	-0.171465	-0.307521	2.034129	-0.079557	-0.012997	-0.77511	-0.702884	2.133954	0.717192	0.611517	1.951132	-1.191494	-0.529724	-1.263958	-1.107267	-0.69569	-0.476103	2.488086	-1.04886	-0.875107	2.14171	-0.207704	2.994713	-2.26899	-0.770819	-0.86073	-0.744316	-1.011119	0.185782	-0.418067	-0.763051	-0.8815	0.78519	-0.983363	-0.663335	-0.654087	-1.378112	-0.890505	1.474304	-0.957947	2.277081	-1.131008	-0.199639	1.61508	-1.031369	1.730315	-0.619959	1.014126	1.845517	-0.830986	-1.134506	-0.655779	-0.097108	-1.149101	-1.302434	1.178435	-1.502734	0.617341	-0.260701	-0.842548	1.935342	0.758485	-0.434157	-0.764502	0.483508	-0.367799
Language_IPL_1_L	-0.658093	-1.434433	-0.688	0.56902	-0.885008	-1.263605	-0.348464	-1.823938	-1.086285	-1.431931	-1.170663	-0.993352	-0.794995	-0.15717	-0.347383	-0.505996	-0.88347	-0.757789	-1.27563	-1.102465	-0.524998	-1.014071	-0.470518	-0.745472	-0.956948	-0.967967	-1.064581	-1.083835	-1.144606	-0.768802	-1.574138	0.295732	-1.298783	-0.0357	-0.273266	-1.285912	0.348971	-0.647746	-1.10813	-0.77511	-0.702884	-0.477475	-1.031089	-0.951148	-0.539904	-1.191494	-1.015492	-1.263958	-1.147918	-0.990133	-1.011802	-0.424692	-1.04886	-0.87381	0.487289	-0.447709	1.174727	-2.26899	-0.770819	-1.250662	-0.744316	-1.091376	-0.218981	-1.154411	-0.520799	-1.026552	-0.3665	-0.876675	-1.035147	-0.654087	-1.378112	-0.890505	-1.167866	-0.992019	-0.936137	-1.131008	0.599437	0.136044	-0.690756	-0.026758	-1.154847	-1.045262	-0.542079	-1.23929	-0.457406	-0.655779	-0.564709	-1.149101	-1.261988	0.082458	-1.07908	0.295586	-0.608013	-1.002594	-0.613224	-1.17301	-1.652841	-1.341163	-0.158118	-0.497786
Language_PFCd_1_L	1.13128	0.112273	0.565477	-0.103305	-0.212053	-0.591862	0.225499	0.100671	-0.628963	-1.438103	-0.659907	-0.214028	0.425607	1.096039	0.406844	2.307152	-0.577424	1.890067	-1.003479	-0.371698	1.137015	-0.359337	-0.612412	2.000957	0.244466	0.053412	-0.208587	-0.133468	-0.703197	0.924621	-0.40613	0.751771	-1.059114	1.637713	-0.171465	-0.788611	0.692606	1.790992	0.72668	-0.547852	-0.210293	2.554493	0.733174	-0.76428	1.951132	0.109068	-0.529724	0.045323	-0.642865	-0.244549	0.671151	1.429888	-0.375598	-0.171361	1.44912	0.34335	0.297533	-1.28541	-0.266443	-0.86073	2.646767	-0.402188	-0.55492	-0.809665	-0.997804	-0.94571	-0.692457	-0.454745	-0.663335	0.447019	-0.766308	-0.890505	0.201165	-0.957947	0.46516	-0.95518	-0.169974	1.097918	-0.690756	0.724923	-0.265151	-0.085416	2.352235	-0.830986	2.413128	1.442972	-0.639555	-0.641344	-0.43046	-0.236624	-0.964407	1.504623	-0.710826	0.143427	1.68775	-0.507908	0.28426	-0.431726	1.579906	1.741427
Language_PFCd_2_L	2.09283	0.112273	-1.240739	-0.103305	-0.971826	0.662388	-0.892475	-1.319419	-0.752784	0.391744	-0.659907	-0.214028	1.608662	-0.507278	-0.198287	-0.262312	1.140217	0.019427	-1.003479	1.572755	1.137015	-0.359337	0.157489	-0.257786	1.338934	-0.113482	-0.208587	-0.616506	0.589039	2.109257	-0.117013	-0.82572	-1.10312	0.619869	0.145757	-0.788611	-1.233218	1.607039	0.437495	1.356448	1.440402	2.161476	-0.689948	-0.76428	-0.86623	0.627098	0.556249	0.863154	-0.43813	-0.109085	0.93096	1.429888	-0.335021	-0.171361	1.44912	1.937725	0.297533	-1.28541	-0.266443	-0.004994	0.125526	-1.045208	-0.754416	-0.418067	1.233734	-0.94571	-0.692457	-0.454745	-0.593927	0.447019	-0.179444	-0.890505	2.687354	0.697544	-1.331433	-0.95518	0.351649	0.248116	-0.356747	0.724923	0.205489	0.879261	0.051639	0.466917	-0.556901	1.442972	-1.110832	-0.577054	-1.009687	-0.625932	-0.964407	0.295586	-1.174881	0.54188	1.68775	2.02351	0.28426	-0.431726	-0.771698	1.268895
Language_PFCl_1_L	1.796117	-1.018083	2.633297	2.574901	-0.450437	-0.591862	0.951842	0.100671	-0.628963	-1.431931	-1.170663	-0.734038	-0.794995	2.622078	0.406844	2.307152	-0.577424	2.362935	-1.003479	0.018626	2.301362	-1.014071	-0.389709	-0.342164	0.244466	1.026724	-0.784327	-1.044513	0.611816	1.55142	-1.282276	1.533497	-1.059114	1.637713	-0.171465	-0.307521	2.034129	0.514632	1.704869	-0.77511	-0.702884	-0.233676	1.679114	0.611517	1.951132	-1.191494	-0.529724	-1.263958	-1.107267	-0.69569	0.671151	2.488086	-1.04886	-0.875107	2.14171	2.043961	2.994713	-2.26899	-0.770819	-0.86073	2.646767	-1.011119	0.185782	-0.418067	-0.763051	-0.8815	0.78519	-0.983363	-0.663335	-0.654087	-1.378112	-0.890505	1.474304	-0.957947	2.277081	-1.131008	-0.199639	1.61508	-0.690756	1.730315	-0.619959	-0.085416	1.845517	-0.830986	-1.134506	-0.655779	-0.097108	-1.149101	-1.302434	1.178435	-1.502734	0.617341	-0.260701	-0.842548	1.935342	0.758485	-0.434157	-0.764502	0.968104	-0.367799
Language_Temp_1_L	-0.658093	-1.434433	-0.688	0.56902	-0.885008	-1.263605	2.30581	-1.823938	-1.086285	-1.215881	-1.170663	-0.993352	-1.081109	-0.15717	-0.347383	0.179877	-1.341257	0.177178	-1.27563	-1.102465	-0.246309	-1.166393	-0.76817	-1.333064	-0.956948	0.549692	-0.880058	-1.192134	-1.144606	-0.67781	-1.240794	0.399171	-1.298783	-0.0357	-0.273266	-1.220232	2.034129	-0.551104	0.731135	-0.940772	-1.028698	-0.477475	1.218014	-0.715361	1.510431	-1.525012	-1.015492	-1.762226	-1.147918	-0.990133	-1.450665	0.405116	-1.577799	-0.87381	-0.140019	-0.558055	1.905802	-2.26899	-0.895391	-1.250662	-0.792327	-1.093866	1.686491	-1.154411	-0.997804	-1.026552	1.59047	-1.042446	-1.035147	-1.124707	-1.537306	-0.890505	-1.167866	-0.992019	-0.936137	-1.131008	0.599437	0.136044	-1.544735	0.831346	-1.33193	-1.045262	-0.542079	-1.23929	-1.134506	-0.655779	-0.564709	-1.262356	-1.302434	-0.236624	-1.502734	-0.10201	-1.155814	-0.842548	-0.613224	-1.060135	-1.652841	-1.341163	-0.158118	-0.367799
Language_Temp_2_L	-0.658093	-1.434433	0.492893	0.161311	-0.885008	-1.263605	2.30581	-1.823938	-1.086285	-1.215881	-1.170663	-0.993352	-1.081109	-0.15717	-0.347383	0.109273	-1.341257	0.177178	-1.27563	-1.102465	-0.246309	-1.166393	-0.613424	-1.333064	-0.956948	1.026724	-1.064581	-1.192134	-1.144606	-0.67781	-1.240794	0.399171	-1.298783	0.406088	-0.273266	-0.709334	0.158788	-0.551104	0.731135	-0.940772	-1.028698	-0.201395	1.681549	-0.715361	1.510431	-1.525012	-1.015492	-1.762226	-1.147918	-0.990133	-1.450665	-0.424692	-1.577799	-0.87381	-0.140019	-0.558055	1.905802	-2.26899	-0.895391	-1.250662	-0.792327	-1.093866	-0.07946	-1.154411	-0.997804	-1.026552	-0.258611	-1.042446	-1.035147	-1.124707	-1.537306	-0.890505	-1.167866	-1.135428	-0.936137	-1.131008	1.289186	-0.075017	-1.544735	-0.026758	-1.33193	-1.045262	-0.542079	-1.23929	-1.134506	-0.655779	-0.564709	-1.262356	-1.302434	-0.739551	-1.502734	-0.10201	-1.155814	-0.842548	-0.613224	-1.17301	-1.652841	-1.341163	0.218382	-0.367799
Language_Temp_3_L	-0.658093	-1.434433	-0.688	0.622129	-0.646124	-1.263605	1.551362	-0.383611	-1.086285	-1.431931	-1.170663	-0.749658	-0.794995	-1.115261	-0.318849	2.307152	-0.88347	-0.988713	-0.454853	-1.102465	-0.246309	-1.014071	-0.613424	-0.257786	-1.060233	2.450449	-0.798612	-1.083835	-1.144606	-0.768802	-1.574138	-0.608506	-1.298783	0.406088	-0.888903	-0.66019	-0.196418	-0.647746	0.068598	-0.77511	-0.702884	2.133954	0.884269	-0.951148	1.562674	-1.525012	-1.015492	-1.263958	-1.147918	-0.990133	-1.011802	-0.424692	-1.04886	-0.87381	-0.140019	-0.447709	1.174727	-2.26899	-0.770819	-1.250662	-0.792327	0.724551	0.190695	-0.809665	-0.424673	-0.610981	-0.21199	-0.876675	-1.035147	-0.654087	-1.378112	-0.890505	-1.167866	-0.992019	-0.936137	-1.131008	0.599437	-0.485749	-1.544735	0.831346	-1.154847	-1.045262	-0.542079	-0.996506	-0.457406	-0.655779	-1.322237	-1.149101	-1.261988	-0.64548	-1.502734	1.504623	-0.608013	-1.002594	-0.895562	-1.17301	-0.995492	-1.341163	-0.250173	-1.14253
Language_TempPole_1_L	-0.658093	-1.434433	0.492893	0.161311	-0.885008	-0.957698	0.951842	-1.823938	-1.086285	-1.215881	-1.170663	-0.993352	-1.081109	-0.15717	-0.347383	1.086592	-1.341257	0.177178	-1.27563	-1.102465	-0.524998	-1.166393	-0.168955	-1.333064	-0.956948	2.450449	-1.064581	-1.192134	-1.144606	-0.67781	-1.240794	0.273205	-1.298783	2.260072	-0.273266	-0.709334	0.048103	-0.551104	0.068598	-0.940772	-1.028698	0.385199	1.218014	-0.715361	-0.162408	-1.525012	-1.015492	-1.762226	-1.147918	-0.990133	-1.450665	0.405116	-1.577799	-0.87381	-0.140019	-0.558055	1.174727	-2.26899	-0.895391	-1.250662	-0.792327	-1.091376	2.391556	-1.154411	-0.997804	-1.026552	1.59047	-1.042446	-1.035147	-1.124707	-1.537306	-0.890505	-1.167866	0.26695	-0.936137	-1.131008	0.599437	0.136044	-1.544735	-0.026758	-1.33193	-1.045262	-0.542079	-1.23929	-1.134506	-0.655779	0.079101	-1.262356	-1.302434	2.319506	-1.502734	-0.10201	-1.155814	-0.842548	-0.613224	-1.060135	-1.652841	-1.056421	0.218382	-0.367799
ContA_Cingm_1_L	-0.256047	0.112273	-1.240739	-0.103305	-0.212053	0.662388	0.225499	-0.383611	-0.628963	0.527377	-0.659907	-0.214028	1.608662	1.096039	0.794494	2.307152	-0.117506	1.013102	-1.003479	1.572755	1.137015	-0.359337	-0.632959	-0.257786	1.787661	-0.113482	-0.208587	-0.616506	-0.703197	-0.220512	-0.40613	0.751771	-1.10312	0.619869	0.145757	-0.788611	0.692606	1.607039	0.437495	-0.547852	-0.210293	-0.15702	0.717192	-0.76428	-0.86623	0.109068	0.290938	0.863154	-0.43813	-0.109085	0.93096	1.429888	-0.375598	-0.875107	1.44912	1.121047	0.297533	-0.477918	-0.266443	-0.86073	-0.516637	-0.402188	-0.909531	1.401974	-0.520799	-0.8815	-0.692457	-0.639766	-0.663335	1.450527	-1.378112	-0.890505	2.687354	0.697544	1.190585	-0.95518	-0.71032	-0.633209	0.376325	0.724923	0.51059	0.879261	2.352235	-0.830986	-1.134506	1.442972	-0.639555	-0.641344	-0.43046	-0.027462	-0.964407	0.617341	-0.710826	0.143427	-0.291506	-0.507908	0.28426	-0.764502	1.579906	0.549825
ContA_IPS_1_L	-0.658093	-0.942174	-0.688	0.56902	0.552787	-1.263605	-0.946734	0.861149	-0.696106	0.527377	-1.170663	-0.214028	-1.296508	-0.15717	-1.051533	-1.124217	-1.097673	-0.757789	0.38283	-1.151069	-0.75659	-0.340426	-0.197801	0.329907	-1.002105	-0.967967	-0.798612	-1.083835	-0.8775	-0.954966	-0.429093	0.273205	-1.10312	-0.0357	-0.171465	-0.921751	0.881619	-0.079557	0.72668	-0.940772	-0.599491	-0.477475	0.444903	-0.701138	-0.162408	-0.346335	-1.015492	-0.889495	-0.642865	-0.990133	-0.024772	-0.846164	-0.428328	-0.87381	0.487289	-0.447709	1.174727	-2.26899	-0.566942	-1.01975	-0.945942	-1.045208	-0.322305	-0.526517	-0.997804	-0.8815	-0.692457	-0.876675	-1.035147	-1.000899	-0.841353	-0.890505	-0.804606	2.132123	-1.331433	-0.98036	0.599437	-0.785265	-0.356747	0.831346	-0.619959	-1.125186	-0.932926	0.42826	-1.134506	-0.655779	-0.973136	-1.262356	-1.261988	-0.85882	-1.502734	-1.183247	-0.622095	-1.002594	-0.895562	-1.120246	0.736974	-1.341163	-0.158118	-0.367799
ContA_IPS_2_L	-0.658093	-0.942174	-0.688	0.56902	-0.646124	-0.798311	-0.348464	-0.013401	-0.696106	-0.133532	-0.538154	2.21315	-0.794995	-0.15717	-0.932819	0.179877	-1.097673	-0.757789	0.302861	-1.151069	-0.75659	-1.014071	-0.76817	0.329907	-1.060233	-0.967967	1.953403	-0.235976	-1.233011	-0.768802	-1.240794	0.094517	-0.93023	-0.0357	-0.171465	-1.285912	0.980182	-0.551104	-0.852457	2.319854	-0.599491	-0.477475	-1.209064	-0.951148	-0.162408	-0.61156	-0.400028	-1.263958	-0.642865	-0.990133	-1.011802	-0.021069	-0.428328	-0.875107	-0.140019	-0.447709	-0.317342	-2.26899	-0.537645	-0.60689	-0.945942	-1.093866	-0.322305	-0.809665	-0.520799	-0.8815	-0.875436	0.467906	-1.035147	-1.124707	-0.841353	-0.890505	-1.167866	0.26695	-0.936137	-1.131008	-0.199639	-0.785265	-1.544735	0.831346	-0.619959	-1.045262	-0.542079	0.466917	-1.134506	-0.655779	-0.973136	-0.437311	-1.261988	-0.739551	1.588455	-1.183247	-1.174881	-0.842548	-0.613224	-1.120246	0.736974	-0.431726	-0.158118	-0.830613
ContA_IPS_3_L	-0.658093	-0.942174	0.161499	-0.634973	-0.885008	-1.139372	1.233827	0.100671	-0.696106	-1.215881	-0.538154	-0.562111	-1.296508	-0.595969	-0.198287	0.262201	-0.669642	-0.757789	0.38283	-1.151069	-0.75659	-0.340426	-0.612412	-1.333064	-1.060233	-0.967967	-0.798612	-1.083835	-1.144606	-0.768802	-1.574138	0.273205	-1.10312	-0.461924	-0.888903	-1.285912	0.348971	-1.047805	-0.852457	-0.547852	-0.702884	-0.384487	-1.063742	-0.951148	-0.539904	-0.61156	-0.54821	-1.263958	-0.642865	-0.990133	2.243278	0.303599	-0.375598	-0.87381	-0.140019	1.121047	-0.317342	-0.477918	-0.566942	-0.86073	-0.945942	-1.093866	1.280199	-0.809665	-0.763051	-0.8815	-0.933021	-0.639766	-0.669363	-0.949552	-1.537306	-0.890505	0.290787	0.26695	-0.936137	-0.98036	-1.765116	-0.785265	-0.356747	0.473906	-0.619959	-1.125186	-0.542079	0.42826	-1.134506	-0.655779	-0.564709	-1.034724	-0.43046	-0.7726	-1.502734	0.617341	-0.622095	-0.842548	-0.895562	-1.120246	2.070396	-1.341163	-0.158118	-1.052553
ContA_Ins_1_L	-0.471983	-1.434433	2.633297	-0.634973	-0.646124	-0.591862	-0.892475	0.100671	-0.696106	-0.715487	-1.188543	-0.689786	-1.296508	-0.595969	-0.347383	-1.124217	-1.097673	2.362935	-1.003479	-1.151069	-0.524998	-0.340426	-0.632959	0.149339	-1.002105	-0.967967	-0.798612	-0.235976	0.611816	-0.954966	-1.240794	-0.82572	-1.10312	-0.214945	-0.171465	-1.285912	-1.181191	-0.474157	-0.012997	-0.940772	-0.702884	2.133954	-1.234347	0.611517	-0.86623	-0.346335	1.008346	-0.706121	-1.050126	-0.990133	0.001568	-1.072106	0.50106	-0.87381	-0.884079	-0.207704	-0.71434	-2.26899	-0.566942	-0.626087	-0.945942	-1.045208	-0.710927	-0.659757	-1.522078	-0.8815	-0.875436	-0.876675	-1.035147	-0.654087	-0.841353	-0.890505	-0.804606	0.26695	-0.936137	-0.98036	0.599437	-0.350371	-0.356747	0.473906	2.319747	-0.211481	1.845517	-0.843744	-0.630008	-0.655779	-0.584598	-0.577054	-1.261988	-0.897268	-0.139798	-1.60632	-1.155814	-1.002594	-0.291506	2.02351	-0.015112	-1.056421	-0.303421	-0.368066
ContA_OFC_1_L	-0.471983	2.639	0.239984	0.161311	-0.646124	-1.139372	-0.892475	0.100671	-0.696106	1.267479	-1.188543	-0.562111	-1.296508	-1.115261	0.794494	0.109273	-0.669642	-0.918342	-1.003479	0.018626	-0.524998	-0.340426	-0.613424	-0.257786	-1.002105	1.026724	-0.798612	-0.235976	-1.233011	-0.954966	-1.240794	-1.23097	-1.298783	0.406088	-0.888903	-0.921751	-1.181191	-1.001991	1.704869	1.433641	-1.028698	-0.201395	-1.031089	-0.701138	-0.86623	-0.61156	-0.54821	-1.263958	-1.147918	-0.69569	-1.011802	-1.177605	-1.201596	-0.87381	-0.884079	-0.207704	-0.71434	-2.26899	-0.566942	-1.01975	-0.744316	-1.045208	-0.710927	-0.809665	1.966883	-0.8815	-0.875436	-0.639766	-1.035147	-0.243292	-1.378112	-0.890505	-0.804606	0.26695	-0.936137	1.596022	0.599437	-0.485749	-1.031369	0.549077	-0.619959	-0.211481	-0.932926	0.466917	-1.134506	-1.132494	-0.097108	-0.455831	-1.261988	1.178435	1.588455	-0.544633	-0.260701	-0.842548	-0.291506	-1.120246	-1.652841	-1.341163	-0.792011	-0.830613
ContA_PFCd_1_L	1.13128	-0.620887	2.633297	2.574901	-0.212053	-0.591862	0.225499	0.100671	-0.628963	-1.438103	-0.659907	-0.734038	-0.208679	1.003736	0.406844	2.307152	-0.577424	1.890067	-1.003479	-0.371698	1.137015	-1.014071	-0.389709	-0.342164	0.244466	0.053412	-0.588607	-0.910188	-0.703197	0.924621	-1.240794	0.751771	-1.059114	-0.625797	-0.171465	-0.788611	0.692606	-0.395981	0.72668	-0.547852	-0.210293	0.636831	0.733174	-0.76428	1.951132	0.109068	-0.529724	-0.889495	-0.642865	-0.244549	0.671151	2.488086	-1.04886	-0.875107	2.14171	0.34335	0.297533	-1.28541	-0.770819	-0.86073	2.646767	-0.402188	0.185782	-0.809665	-0.424673	-0.8815	-0.692457	-0.639766	-0.663335	0.447019	-0.766308	-0.890505	0.201165	-0.957947	0.46516	-1.131008	-0.169974	1.097918	-0.690756	1.730315	-0.265151	-0.085416	1.177987	-0.830986	2.413128	-0.707176	-0.097108	-0.641344	-0.43046	1.178435	-1.502734	1.504623	-0.710826	0.143427	1.935342	-0.507908	-0.852792	-0.431726	3.131973	1.741427
ContA_PFCl_1_L	1.796117	-1.018083	2.633297	2.574901	-0.450437	-0.957698	0.951842	0.100671	-0.628963	-1.431931	-1.170663	-0.734038	-0.794995	0.372705	-0.481407	2.307152	-0.577424	2.362935	-1.003479	0.018626	2.301362	-1.014071	-0.197801	-0.342164	0.244466	1.026724	-0.784327	-1.044513	0.611816	1.55142	-0.429093	1.533497	-1.059114	1.637713	-0.171465	-0.307521	2.034129	-0.079557	1.704869	-0.77511	-0.702884	2.133954	1.679114	0.611517	1.951132	-1.191494	-0.529724	-1.263958	-1.107267	-0.69569	-0.476103	2.488086	-1.04886	-0.875107	2.14171	2.043961	2.994713	-2.26899	-0.770819	-0.86073	0.125526	-1.011119	0.185782	-0.418067	0.769029	-0.8815	0.78519	-0.983363	-0.663335	-0.654087	-1.378112	-0.890505	1.474304	-0.957947	2.277081	-1.131008	-0.199639	1.61508	-1.031369	1.693255	-0.619959	1.014126	1.845517	-0.830986	-1.134506	-0.655779	-0.097108	-1.149101	-1.302434	1.178435	-1.502734	0.617341	-0.260701	-0.842548	1.935342	0.758485	-0.434157	-0.764502	0.483508	-0.367799
ContA_PFCl_2_L	1.796117	-1.018083	2.633297	2.574901	-0.450437	-0.591862	0.951842	0.100671	-0.628963	-1.431931	-1.170663	-0.734038	-0.794995	1.995615	3.209099	2.307152	-0.577424	2.362935	-1.003479	0.018626	2.301362	-1.014071	-0.197801	-0.342164	0.244466	1.026724	-0.784327	-1.044513	0.611816	1.55142	-0.429093	1.533497	-1.059114	1.637713	-0.171465	-0.307521	2.034129	0.514632	1.704869	-0.77511	-0.702884	2.133954	0.717192	0.611517	1.951132	-1.206522	-0.529724	-1.263958	-1.107267	-0.69569	-0.476103	2.488086	-1.04886	-0.875107	2.14171	2.043961	2.994713	-2.26899	-0.770819	-0.86073	0.125526	-1.011119	0.185782	-0.418067	-0.763051	-0.8815	0.78519	-0.577914	-0.663335	-0.755035	-1.378112	-0.890505	1.474304	-0.957947	2.277081	-1.131008	-0.199639	1.61508	-1.031369	1.730315	-0.619959	1.014126	1.845517	-0.830986	-1.134506	-0.655779	-0.097108	-1.149101	-1.302434	1.178435	-1.502734	0.617341	-0.260701	-0.842548	1.935342	0.758485	-0.434157	-0.764502	0.483508	-0.367799
ContA_PFCl_3_L	1.796117	-1.018083	2.633297	2.574901	-0.450437	-0.957698	0.951842	0.100671	-0.628963	-1.215881	-1.170663	-0.734038	-0.208679	1.995615	3.209099	2.307152	-0.577424	2.362935	-1.003479	0.018626	2.301362	-1.014071	-0.197801	-0.342164	0.244466	1.026724	-0.784327	-1.044513	0.611816	1.55142	-1.282276	1.533497	-1.059114	1.637713	-0.171465	-0.307521	-0.851127	-0.079557	1.704869	-0.77511	-0.702884	2.133954	0.717192	0.611517	1.951132	-1.206522	-0.529724	-1.263958	-1.107267	-0.69569	-0.476103	2.488086	-1.04886	-0.875107	2.14171	-0.207704	2.994713	-2.26899	-0.770819	-0.86073	0.125526	-1.011119	0.185782	-0.418067	-0.997804	-0.8815	0.78519	-0.577914	-0.663335	-0.755035	-1.378112	-0.890505	1.474304	0.26695	2.277081	-1.131008	-0.199639	1.61508	-1.031369	1.730315	-0.619959	1.014126	1.845517	-0.830986	-1.134506	-0.655779	-0.097108	-1.149101	-1.302434	1.178435	-1.502734	0.617341	-0.260701	-0.842548	1.935342	0.758485	-0.434157	-0.764502	0.483508	-0.367799
ContA_PFCl_4_L	1.796117	-1.018083	2.633297	2.574901	-0.450437	-0.957698	0.951842	0.100671	-0.628963	-1.215881	-1.170663	-0.734038	-0.208679	1.995615	3.209099	2.307152	-0.577424	2.362935	-1.003479	0.018626	2.301362	-1.014071	-0.197801	-0.342164	0.244466	1.026724	-0.784327	-1.044513	0.611816	1.55142	-0.117013	1.533497	-1.059114	1.637713	-0.171465	-0.307521	-0.851127	-0.079557	-0.012997	-0.575256	-0.702884	2.133954	0.717192	0.611517	1.951132	-1.206522	-0.529724	-1.263958	-1.107267	-0.69569	-0.476103	2.488086	-1.04886	-0.875107	2.14171	-0.207704	2.994713	-2.26899	-0.770819	-0.550756	0.125526	-1.011119	0.185782	-0.418067	-0.424673	-0.8815	0.78519	-0.983363	-0.663335	0.447019	-0.400095	-0.890505	1.474304	0.26695	2.277081	-1.131008	-0.199639	1.61508	-1.031369	1.730315	-0.619959	1.014126	1.845517	-0.830986	-1.134506	-0.655779	-0.097108	-1.149101	-1.009687	1.178435	-1.502734	0.617341	-0.260701	-0.842548	1.935342	0.758485	-0.434157	-0.764502	0.483508	-0.367799
ContA_Temp_1_L	-0.658093	-1.434433	0.492893	0.56902	0.138167	-0.957698	2.30581	-1.823938	-1.086285	-1.215881	-1.170663	-0.993352	-1.081109	-0.15717	-0.347383	0.109273	-1.341257	0.177178	-1.27563	-1.102465	-0.524998	-1.166393	-0.168955	-1.333064	-0.956948	0.182156	-0.880058	-1.192134	-1.144606	-0.67781	-1.240794	0.399171	-1.298783	2.260072	-0.273266	-0.709334	2.178846	-0.551104	-0.012997	-0.940772	-1.028698	-0.477475	1.681549	-0.715361	1.510431	-0.346335	-1.015492	-1.762226	-1.147918	-0.990133	-1.450665	0.405116	-1.577799	-0.87381	-0.140019	-0.558055	1.905802	-2.26899	-0.895391	-1.250662	-0.792327	0.724551	0.185782	-1.154411	-0.997804	-1.026552	1.59047	-1.042446	-1.035147	-0.881046	-1.537306	-0.890505	-1.167866	-1.135428	-0.936137	-1.131008	0.599437	0.136044	-1.544735	0.831346	-1.33193	-1.045262	-0.542079	-1.23929	-1.134506	-0.655779	1.499017	-1.262356	-1.302434	1.97156	-1.502734	-0.10201	-1.155814	-0.842548	-0.613224	-1.060135	-1.652841	-1.056421	0.218382	-0.367799
ContB_FPole_1_L	2.09283	0.112273	-1.28368	0.161311	-0.971826	-0.157688	-0.946734	-1.319419	-0.752784	-0.715487	-1.188543	-0.562111	1.608662	-0.507278	-0.082984	-1.124217	-0.117506	0.019427	-0.464165	-0.416882	2.301362	-0.180744	-0.720649	-0.257786	-1.002105	-0.113482	-0.828203	-0.932653	0.589039	0.629147	-0.40613	-0.82572	-1.10312	-0.214945	0.145757	-1.220232	-1.19973	1.607039	0.437495	-0.575256	1.440402	2.161476	-0.689948	-0.701138	-0.86623	-1.206522	0.290938	-0.074745	-0.568913	-0.109085	0.93096	0.080897	-0.335021	-0.855951	-0.316546	1.937725	-0.612584	-1.316109	-0.330184	-0.550756	0.26611	-1.045208	-0.909531	-0.59876	-1.522078	-0.840688	-1.00544	-0.577914	-0.928633	-0.505128	-1.378112	-0.799004	-0.804606	0.26695	-1.331433	-0.98036	0.351649	-0.633209	-0.356747	0.473906	-1.019289	0.879261	0.051639	0.466917	-0.556901	1.442972	-1.322237	-0.577054	-1.009687	-0.625932	-1.431625	-0.4112	-1.174881	0.54188	-0.291506	-0.640332	-0.015112	-0.69096	-0.19004	-0.368066
ContB_IPL_1_L	-0.658093	-1.434433	-0.688	0.56902	-0.885008	-1.263605	1.233827	-1.823938	-1.086285	-1.165755	-1.170663	-0.993352	-0.794995	-0.15717	-0.347383	1.414977	-0.88347	-0.757789	-1.27563	-1.123388	-0.75659	-1.014071	-0.613424	-1.333064	-1.060233	-0.967967	-1.064581	-1.083835	-1.144606	-0.67781	-1.574138	0.094517	-1.298783	-0.0357	-0.273266	-1.285912	0.206523	-0.551104	-0.852457	-0.77511	-1.028698	-0.384487	-1.063742	-0.715361	-0.162408	-1.191494	-1.015492	-1.762226	-0.73479	-0.990133	-1.371799	0.303599	-1.577799	-0.87381	0.487289	-0.558055	1.174727	-2.26899	-0.895391	-1.250662	-0.945942	-1.093866	1.686491	-1.154411	-0.997804	-1.026552	-0.3665	-0.876675	-1.035147	-1.124707	-1.537306	-0.890505	-1.167866	-1.135428	-0.936137	-1.131008	-0.199639	-0.785265	-1.031369	0.831346	-1.019289	-1.045262	-0.542079	-1.23929	-0.457406	-0.655779	-1.110832	-1.149101	-1.261988	-0.570055	-1.07908	-1.183247	-0.622095	-0.842548	-0.497531	-1.060135	-0.995492	-1.341163	-0.158118	-0.497786
ContB_IPL_2_L	-0.658093	-1.434433	-0.688	0.56902	-0.885008	-1.263605	-0.348464	-1.823938	-1.086285	-1.215881	-1.170663	-0.993352	-1.081109	-0.15717	-0.347383	0.179877	-1.341257	-0.757789	-1.27563	-1.102465	-0.524998	-1.166393	-0.720847	-1.333064	-0.956948	-0.967967	-1.064581	-1.083835	-1.144606	-0.67781	-1.574138	0.094517	-1.298783	-0.0357	-0.273266	-0.709334	0.980182	-0.551104	0.731135	-0.940772	-1.028698	-0.477475	0.884269	-0.715361	-0.162408	-1.525012	-1.015492	-1.762226	-1.147918	-0.990133	-1.371799	0.303599	-1.577799	-0.87381	-0.140019	-0.558055	1.905802	-2.26899	-0.895391	-1.250662	-0.945942	-1.093866	1.686491	-1.154411	-0.997804	-1.026552	-0.258611	-1.042446	-1.035147	-1.124707	-1.537306	-0.890505	-1.167866	-0.992019	-0.936137	-1.131008	0.599437	0.136044	-1.544735	0.831346	-1.33193	-1.045262	-0.542079	-1.23929	-1.134506	-0.655779	-1.110832	-1.262356	-1.302434	-0.544721	-1.502734	-1.183247	-1.155814	-0.842548	-0.613224	-1.17301	-1.652841	-1.341163	-0.158118	-0.367799
ContB_IPS_1_L	-0.658093	-1.018083	0.161499	0.56902	-0.885008	-1.263605	1.233827	-1.823938	-1.086285	-1.165755	-1.170663	-0.993352	-0.794995	-0.15717	-1.051533	-0.505996	-0.88347	-0.757789	-1.27563	-1.102465	-0.246309	-1.014071	-0.76817	-0.745472	-1.060233	-0.967967	-1.064581	-1.083835	-1.144606	-0.768802	-1.574138	0.273205	-1.298783	-0.0357	-0.171465	-1.285912	-1.19973	-0.551104	-0.852457	-0.77511	-0.714282	-0.477475	-1.031089	-0.715361	1.510431	-1.525012	-1.015492	-1.762226	-0.73479	-0.990133	-1.371799	-0.021069	-1.04886	-0.875107	-0.140019	-0.558055	0.595082	-0.477918	-0.770819	-0.86073	-0.945942	-1.093866	-0.322305	-1.154411	-0.997804	-1.026552	-0.933021	-0.876675	-0.663335	-0.654087	-1.378112	-0.890505	-1.167866	-1.135428	-0.936137	-1.131008	-0.71032	0.136044	-1.08436	-0.026758	-1.154847	-1.045262	-0.542079	-1.23929	-0.457406	-0.655779	-0.564709	-1.149101	-0.43046	-0.7726	-1.502734	-1.183247	-0.622095	-1.002594	-0.613224	-1.060135	0.736974	-1.341163	-0.158118	-0.367799
ContB_OFC_1_L	1.796117	-1.018083	2.633297	0.161311	-0.450437	-0.157688	-0.946734	0.100671	-0.628963	-1.215881	-1.188543	-0.484298	-0.208679	1.995615	3.209099	2.307152	-1.097673	2.362935	-1.003479	0.018626	2.301362	-0.359337	-0.197801	-0.342164	0.244466	1.026724	-0.784327	-1.044513	0.611816	1.55142	-1.240794	-0.82572	-1.059114	-0.214945	-0.171465	-0.307521	-0.851127	-0.079557	-0.012997	-0.575256	-0.702884	2.133954	0.717192	0.611517	1.951132	-1.206522	-0.529724	-0.074745	-1.107267	-0.109085	-0.476103	2.488086	-0.335021	-0.855951	2.14171	-0.207704	-0.612584	-1.316109	-0.330184	-0.550756	0.26611	-1.011119	0.185782	-0.418067	-1.522078	-0.8815	0.78519	-0.577914	-0.667481	-0.505128	-0.400095	-0.558459	1.474304	0.26695	2.277081	-0.610889	0.351649	1.097918	-1.031369	1.730315	-1.019289	1.014126	1.845517	-0.830986	-0.556901	-0.655779	-0.097108	-1.149101	-1.009687	-0.64548	-0.964407	0.617341	-1.174881	0.54188	1.935342	0.758485	-0.015112	-0.69096	0.483508	-0.368066
ContB_OFC_2_L	-0.471983	0.217532	-1.28368	0.161311	-0.990831	-1.263605	-0.946734	0.100671	-0.752784	0.527377	-1.188543	-0.689786	-0.603465	-0.387083	-0.481407	-1.162996	-0.669642	-0.796063	-0.787842	-0.416882	-1.665037	-0.693466	-0.720649	-1.232619	-1.002105	1.026724	-0.828203	-1.192134	0.022253	-0.954966	-1.282276	-0.82572	-1.10312	-0.214945	-0.888903	-1.220232	-0.196418	1.607039	0.437495	-0.575256	-0.702884	-0.15702	-0.689948	-0.701138	-0.162408	-1.206522	0.556249	-0.074745	-1.050126	-0.109085	-1.371799	-1.177605	-0.335021	0.658799	-0.67813	1.937725	-0.71434	-1.316109	-0.730133	-0.550756	-0.744316	-1.045208	0.185782	-0.59876	-1.522078	-0.539058	-0.875436	-0.639766	-0.928633	-0.505128	0.165619	-0.558459	-0.762476	0.26695	-1.331433	-0.98036	0.599437	-0.485749	-0.356747	0.549077	-1.019289	1.014126	-0.191775	0.466917	-0.457406	1.442972	-0.097108	-1.034724	-0.548525	-0.625932	-0.882175	-0.4112	-0.486996	-1.002594	-0.291506	-1.120246	-0.015112	-0.733822	-0.19004	-0.368066
ContB_OFC_3_L	-0.471983	0.217532	-1.28368	0.161311	-0.990831	-1.263605	-0.457221	-0.915388	-0.752784	-1.165755	-1.188543	-0.689786	-0.603465	-0.194189	-0.481407	-1.124217	-1.097673	1.013102	-0.787842	-1.151069	-0.524998	-0.693466	-0.720649	-0.257786	-0.956948	-0.113482	-0.798612	1.11979	0.022253	0.629147	-1.282276	-0.82572	-1.10312	-0.214945	-0.888903	-0.921751	-1.233218	1.607039	0.437495	-0.940772	-0.702884	-0.15702	-1.070484	-0.701138	-0.162408	-0.61156	0.556249	-0.074745	-1.050126	-0.109085	-0.651646	0.080897	-0.335021	-0.855951	-0.236084	-0.64653	-0.667563	-1.316109	-0.566942	-0.550756	-0.792327	-1.045208	-0.710927	-0.59876	-0.520799	-0.885191	-0.875436	-0.876675	-0.928633	-0.505128	-1.378112	-0.936976	-0.804606	0.26695	-1.331433	0.373112	-0.71032	-0.485749	-0.356747	0.473906	-1.019289	0.879261	-0.51396	0.466917	-0.556901	-0.707176	-1.110832	-1.034724	-1.261988	-0.7726	-0.882175	-0.969884	-0.486996	-1.002594	-0.291506	-0.640332	-0.015112	0.250215	1.579906	-0.368066
ContB_PCC_1_L	-0.256047	-0.942174	-1.240739	0.161311	-0.646124	0.662388	-0.892475	0.100671	-0.752784	-1.165755	-1.188543	2.21315	0.152441	-0.51949	0.406844	-1.162996	-1.097673	-0.796063	-0.454853	-1.151069	-0.524998	-0.340426	-0.720649	-0.257786	-0.165487	-0.113482	-0.798612	-1.083835	0.022253	-0.220512	-1.240794	-0.82572	-1.10312	-0.214945	0.145757	-0.921751	-1.233218	-0.458749	0.437495	-0.492835	-0.702884	-0.15702	-1.070484	0.700763	-0.876227	-0.346335	-0.400028	-0.706121	-0.902633	-0.109085	-1.371799	1.429888	-0.335021	-0.87381	-0.942226	-0.207704	-0.71434	-1.316109	-0.537645	-1.01975	0.321308	-0.237809	-0.710927	-0.159625	-1.522078	-0.8815	-0.875436	-0.639766	-0.669363	-1.000899	-1.537306	-0.890505	-0.804606	0.26695	-0.936137	-1.131008	-1.765116	-0.633209	-0.356747	0.473906	-1.33193	0.436769	0.051639	-1.23929	-0.856147	-0.655779	-0.097108	-1.262356	-1.261988	-0.027462	1.588455	0.295586	-0.486996	-1.127269	1.68775	-0.507908	-0.61754	-1.056421	-0.19004	-0.497786
ContB_PFCd_1_L	1.13128	0.112273	2.633297	-0.103305	-0.450437	-0.591862	0.225499	0.100671	-0.628963	-1.438103	-0.659907	-0.734038	-0.794995	1.003736	0.406844	2.307152	-0.577424	1.890067	-1.003479	0.018626	2.301362	-1.014071	-0.389709	-0.342164	0.244466	0.053412	-0.588607	-0.910188	-0.703197	0.924621	-0.40613	0.751771	-1.059114	-0.625797	-0.171465	-0.788611	0.692606	0.514632	1.704869	-0.77511	-0.210293	0.636831	1.679114	-0.76428	1.951132	0.109068	-0.529724	-0.889495	-0.642865	-0.244549	0.671151	2.488086	-1.04886	-0.875107	2.14171	0.34335	0.297533	-1.28541	-0.266443	-0.86073	2.646767	-0.402188	0.185782	-0.418067	-0.424673	-0.8815	-0.692457	-0.983363	-0.663335	-0.654087	-0.766308	-0.890505	1.474304	-0.957947	0.46516	-0.91502	-0.169974	1.097918	-0.690756	1.730315	-0.265151	-0.085416	1.177987	-0.830986	-1.134506	-0.707176	-0.097108	-1.149101	-1.302434	1.178435	-1.502734	1.504623	-0.710826	0.143427	1.935342	0.758485	-0.852792	-0.431726	0.483508	-0.368066
ContB_PFCmp_1_L	2.09283	0.112273	0.565477	-0.103305	-0.212053	0.662388	-0.892475	-1.319419	-0.752784	0.391744	-0.659907	-0.214028	0.425607	-0.507278	0.406844	-0.262312	-0.117506	1.013102	-1.003479	-0.371698	1.137015	-0.359337	0.157489	2.000957	0.244466	-0.113482	-0.208587	-0.616506	0.589039	2.109257	-0.40613	0.751771	-1.10312	0.619869	0.145757	-0.788611	0.158788	1.790992	1.717044	1.356448	1.440402	2.554493	0.733174	-0.76428	1.951132	0.109068	0.556249	0.863154	-0.902633	-0.244549	0.93096	1.429888	-0.051059	-0.171361	-0.236084	1.121047	0.297533	-1.28541	-0.266443	-0.004994	2.646767	-1.045208	-0.710927	-0.418067	1.233734	-0.94571	-0.692457	-0.454745	-0.593927	0.447019	-0.766308	-0.890505	2.687354	0.697544	0.46516	-0.95518	-0.169974	1.097918	0.376325	0.724923	-0.619959	0.879261	2.352235	0.466917	-1.134506	1.442972	-1.110832	-0.577054	-1.302434	-0.625932	-0.964407	-0.4112	-0.710826	-0.842548	1.68775	-0.507908	0.28426	-0.431726	1.579906	1.268895
ContB_Temp_1_L	-0.658093	-1.434433	0.492893	0.161311	-0.885008	-0.957698	2.30581	-1.823938	-1.086285	-1.215881	-1.170663	-0.993352	-1.081109	-0.15717	-0.347383	1.086592	-1.341257	0.177178	-1.27563	-1.102465	-0.246309	-1.166393	-0.613424	-1.333064	-0.956948	2.450449	-1.064581	-1.192134	-1.144606	-0.67781	-1.240794	0.399171	-1.298783	0.406088	-0.273266	-0.709334	2.178846	-0.551104	0.731135	-0.940772	-1.028698	-0.201395	1.681549	-0.715361	1.562674	-0.346335	-1.015492	-1.762226	-1.147918	-0.990133	-1.450665	0.405116	-1.577799	-0.87381	-0.140019	-0.558055	1.905802	-2.26899	-0.895391	-1.250662	-0.792327	0.724551	2.391556	-1.154411	-0.997804	-1.026552	1.59047	-1.042446	-1.035147	-1.124707	-1.537306	-0.890505	-1.167866	-1.135428	-0.936137	-1.131008	1.289186	-0.075017	-1.544735	0.831346	-1.33193	-1.045262	-0.542079	-1.23929	-1.134506	-0.655779	-0.652822	-1.262356	-1.302434	1.97156	-1.502734	-0.10201	-1.155814	-0.842548	-0.613224	-1.060135	-1.652841	-1.341163	0.218382	-0.367799
ContB_Temp_2_L	-0.658093	-1.434433	0.492893	0.56902	-0.885008	-0.957698	2.30581	-1.823938	-1.086285	-1.215881	-1.170663	-0.993352	-1.081109	-0.15717	-0.347383	1.086592	-1.341257	0.177178	-1.27563	-1.102465	-0.524998	-1.166393	-0.168955	-1.333064	-0.956948	0.182156	-0.798612	-1.192134	-1.144606	-0.67781	-1.240794	0.399171	-1.298783	2.260072	-0.273266	-0.709334	2.178846	-0.551104	0.731135	-0.940772	-1.028698	-0.477475	1.681549	-0.715361	1.562674	-1.525012	-1.015492	-1.762226	-1.147918	-0.990133	-1.450665	0.405116	-1.577799	-0.87381	-0.140019	-0.558055	1.905802	-2.26899	-0.895391	-1.250662	-0.792327	-1.093866	1.686491	-1.154411	-0.997804	-1.026552	1.59047	-1.042446	-1.035147	-1.124707	-1.537306	-0.890505	-1.167866	-1.135428	-0.936137	-1.131008	0.599437	0.136044	-1.544735	0.831346	-1.33193	-1.045262	-0.542079	-1.23929	-1.134506	-0.655779	1.499017	-1.262356	-1.302434	1.97156	-1.502734	-0.10201	-1.155814	-0.842548	-0.613224	-1.060135	-1.652841	-1.056421	0.218382	-0.367799
ContC_Cingp_1_L	-0.256047	-0.415173	-1.240739	-0.634973	-0.646124	-0.798311	2.30581	-0.383611	-0.696106	0.882871	-1.188543	-0.689786	0.152441	-0.507278	-0.932819	0.179877	-0.669642	-0.796063	-0.787842	-1.151069	-0.524998	-0.180744	-0.632959	-0.257786	-1.002105	-0.113482	-0.828203	-0.660751	-0.8775	-0.220512	-1.282276	-0.82572	-0.787774	-0.461924	-0.888903	-1.220232	-1.233218	-0.395981	0.437495	-0.492835	-0.702884	-0.190681	-1.031089	-0.701138	-0.86623	-0.61156	-0.529724	-0.074745	-1.050126	-0.109085	-1.371799	-0.021069	-0.375598	-0.855951	-0.884079	-0.207704	-0.667563	-2.26899	-0.730133	-0.60689	-0.516637	-1.045208	-0.710927	-0.809665	-0.763051	-0.512763	-0.692457	-0.577914	-0.928633	-0.881046	-1.378112	-0.558459	-0.804606	0.26695	-1.331433	-0.98036	-0.71032	-0.350371	-0.356747	0.473906	-1.019289	0.436769	0.051639	-0.843744	-0.457406	-0.655779	-0.639555	-1.034724	-1.261988	-0.7726	-0.882175	1.504623	-1.174881	-1.127269	-0.291506	-0.507908	-0.015112	0.250215	-0.771698	-1.052553
ContC_Cingp_2_L	-0.256047	-0.620887	0.239984	-0.733385	-0.646124	1.484579	0.225499	0.861149	0.701087	1.267479	-0.538154	2.21315	0.152441	-0.194189	-0.932819	-1.162996	-0.669642	1.013102	-0.316166	-0.371698	1.137015	0.06139	1.105775	-0.441347	-0.750017	-0.113482	-0.588607	-0.616506	-0.703197	-0.220512	0.605635	1.260385	-0.93023	0.619869	-0.760582	1.901942	-0.196418	-0.395981	1.717044	-0.492835	0.999623	-0.15702	1.241527	-0.911125	0.675574	-1.26788	-0.435465	0.045323	0.7675	-0.244549	-0.257865	1.429888	-0.375598	-0.875107	0.969877	0.350698	-0.298308	-2.26899	-0.266443	1.205542	0.321308	-0.755448	-0.710927	-0.159625	-0.424673	-0.8815	-0.125159	-0.639766	-0.504539	-0.243292	1.524493	-0.38412	0.201165	2.132123	1.190585	-0.610889	-0.71032	-0.633209	0.574555	0.549077	2.319747	1.97411	-0.191775	0.42826	0.017166	1.192774	0.355448	-0.641344	-1.261988	-0.027462	-0.34246	-0.969884	-0.486996	2.444839	-0.497531	1.713424	1.145217	-0.764502	0.479846	1.268895
ContC_FPole_1_L	2.09283	0.112273	-1.240739	-0.453143	-0.971826	-0.957698	-0.946734	-1.319419	-0.752784	-0.715487	-1.188543	-0.562111	1.608662	-0.507278	-0.082984	-1.124217	-0.117506	0.019427	-0.464165	-0.416882	2.301362	-0.180744	-0.720649	-0.257786	-0.165487	-0.113482	-0.828203	-0.932653	0.589039	0.629147	-0.40613	-0.82572	-1.10312	-0.214945	0.145757	-1.220232	-1.19973	1.607039	0.437495	-0.575256	1.440402	2.161476	-0.280509	-0.701138	-0.86623	-1.206522	0.290938	-0.074745	-0.568913	-0.109085	0.93096	0.080897	-0.335021	-0.855951	1.44912	1.937725	0.297533	-1.316109	-0.330184	-0.550756	0.26611	-1.045208	-0.909531	-0.418067	0.555802	-0.840688	-0.692457	-0.577914	-0.818361	-0.505128	-0.400095	-0.799004	2.687354	0.26695	-1.331433	-0.95518	0.351649	-0.633209	-0.356747	0.473906	-0.619959	0.879261	0.051639	0.466917	-0.556901	1.442972	-1.110832	-0.577054	-1.009687	-0.625932	-1.431625	-0.4112	-1.174881	0.54188	1.68775	-0.640332	-0.015112	-0.69096	-0.771698	-0.368066
ContC_Ins_1_L	-0.471983	0.217532	-0.839795	0.161311	-0.990831	-0.157688	-0.946734	1.241178	-0.752784	-1.165755	-1.188543	-0.689786	-0.603465	-0.507278	0.794494	0.179877	-1.097673	1.013102	-0.787842	-1.151069	-0.524998	-0.693466	-0.720649	-1.232619	-1.060233	1.026724	-0.828203	-0.660751	0.589039	-0.954966	-1.240794	-0.82572	-1.10312	-0.214945	0.145757	-1.285912	-1.19973	-0.831417	-0.012997	-0.225311	-0.702884	-0.15702	-0.689948	-0.701138	1.951132	-0.346335	0.290938	-1.263958	-1.050126	-0.109085	-0.087805	-1.029431	-0.335021	-0.855951	-0.67813	-0.207704	1.174727	-1.316109	-0.730133	-0.550756	-0.792327	-1.011119	0.185782	-0.59876	-1.522078	-0.512763	-0.875436	-0.639766	-0.669363	-0.505128	-1.378112	-0.558459	-0.804606	2.132123	-1.331433	-0.98036	0.599437	-0.485749	-0.356747	0.549077	-1.019289	0.879261	-0.191775	0.466917	-0.856147	-0.655779	-1.322237	-0.84322	-0.548525	1.178435	-0.882175	-0.4112	-1.174881	-1.002594	-0.291506	-0.640332	-0.015112	-0.733822	-0.19004	-0.368066
ContC_PFCm_1_L	2.09283	0.274923	-1.28368	-0.103305	-0.971826	0.662388	-0.946734	-1.322163	-0.752784	0.527377	-1.188543	-0.562111	1.608662	1.096039	-0.932819	-0.262312	-1.097673	0.019427	-1.003479	-0.371698	2.301362	-0.359337	0.157489	-0.257786	-0.165487	-0.113482	-0.208587	-0.932653	0.589039	0.629147	-0.40613	-0.82572	-1.10312	-0.214945	-0.888903	-1.220232	-1.233218	1.607039	0.437495	-0.225311	-0.702884	2.161476	-0.689948	-0.701138	-0.86623	-1.206522	0.556249	-0.074745	-0.902633	-0.109085	-0.087805	0.080897	-0.051059	-0.855951	-0.236084	1.121047	-0.612584	-1.316109	-0.330184	-0.550756	2.646767	-1.045208	-0.710927	-0.418067	1.233734	-0.94571	-0.692457	-0.454745	-0.928633	-0.505128	-0.400095	-0.799004	2.687354	0.697544	-1.331433	-0.95518	-0.71032	0.248116	-0.356747	0.473906	-0.619959	0.879261	0.051639	0.466917	-0.556901	1.442972	-1.322237	-0.641344	-1.009687	-0.625932	-1.431625	-0.4112	-1.174881	0.54188	1.68775	-0.640332	-0.015112	-0.431726	-0.19004	-0.368066
ContC_PFCm_2_L	-0.471983	0.274923	-1.28368	0.161311	-0.990831	-1.263605	-0.946734	-1.322163	-0.752784	0.527377	-1.188543	-0.689786	-0.603465	-0.194189	-0.481407	-1.124217	-0.117506	0.019427	-0.787842	-0.416882	-0.524998	-0.693466	-0.720649	-0.257786	-1.002105	-0.113482	-0.828203	-1.192134	0.022253	0.629147	-0.429093	-0.82572	-1.10312	-0.214945	-0.888903	-1.220232	-0.851127	1.607039	0.437495	-0.225311	-0.702884	-0.15702	-0.689948	-0.701138	-0.162408	-1.206522	0.556249	-0.074745	-1.050126	-0.109085	-0.087805	0.080897	-0.335021	-0.855951	-0.236084	-0.64653	-0.71434	-1.316109	-0.330184	-0.550756	-0.792327	-1.045208	-0.55492	-0.59876	1.233734	-0.840688	-0.875436	-0.639766	-0.928633	-0.505128	-0.400095	-0.558459	-0.804606	0.26695	-1.331433	-0.98036	-0.71032	-0.633209	-0.356747	0.473906	-1.019289	0.879261	0.051639	0.466917	-0.556901	-0.655779	-1.110832	-0.84322	-1.009687	-0.625932	-0.882175	0.295586	-1.174881	-1.127269	1.68775	-1.120246	-0.015112	-0.733822	-0.19004	-0.368066
ContC_PHC_1_L	-0.256047	-1.018083	-0.839795	0.161311	-0.990831	-0.798311	-0.932211	-0.915388	-0.752784	-1.165755	-1.188543	-0.689786	-0.603465	-0.73711	-0.481407	2.307152	-1.097673	-0.796063	-0.454853	0.018626	-0.524998	-0.340426	-0.720649	-0.257786	-1.060233	-0.113482	-0.798612	-0.660751	0.022253	-0.220512	-1.574138	-0.82572	-1.059114	-0.214945	-0.888903	-0.921751	-0.851127	-0.395981	0.437495	-0.940772	-0.702884	-0.190681	-1.070484	-0.701138	-0.876227	-0.61156	-0.400028	-1.371704	-1.050126	-0.109085	-1.371799	-0.067497	-0.375598	-0.855951	-0.884079	-0.207704	-0.71434	-2.26899	-0.730133	-0.60689	-0.516637	-1.045208	-0.710927	-1.154411	-1.522078	-0.512763	-1.673618	-0.876675	0.458917	-0.654087	-1.378112	-0.558459	0.290787	-0.992019	-0.936137	0.373112	-0.199639	-0.633209	-0.356747	0.473906	-1.019289	0.436769	0.051639	-0.843744	-0.457406	-0.655779	-0.097108	-1.149101	-1.261988	-0.7726	-0.882175	-1.60632	-1.174881	-1.002594	-0.291506	-0.507908	0.736974	-1.341163	-0.19004	-0.368066
ContC_pCun_1_L	-0.256047	-1.434433	0.02352	-0.634973	2.071951	-0.157688	-0.457221	1.694415	-0.696106	-0.155011	-1.188543	-0.689786	-1.296508	-0.73711	-1.051533	0.262201	-1.097673	-0.757789	-0.787842	-1.151069	-0.524998	-0.340426	-0.648247	-0.257786	0.563728	0.182156	-0.798612	-0.660751	-0.02659	-0.220512	-1.282276	0.399171	-0.379724	-0.461924	-0.863325	-0.921751	0.348971	-0.395981	-0.852457	-0.492835	-0.714282	-0.384487	-1.070484	-0.701138	-0.86623	-0.61156	-0.435465	-0.706121	-0.902633	-0.826722	-1.011802	-0.021069	-1.201596	-1.081504	-0.884079	-1.080903	-0.848373	-1.28541	-0.537645	-0.60689	-0.945942	-1.093866	-0.014135	-0.809665	-1.522078	-0.94571	-0.46403	-0.983363	-0.669363	0.799078	-0.766308	-0.908193	-0.804606	-1.010181	-0.672793	-1.131008	0.599437	-0.785265	-1.375319	-0.665264	0.205489	-1.125186	-0.191775	-0.843744	-0.630008	-1.132494	-0.313005	-1.034724	-1.261988	-0.544721	-0.868404	-0.058133	-0.608013	-1.002594	-0.497531	-0.318679	0.736974	-0.06265	-0.494292	0.936945
ContC_pCun_2_L	-0.256047	0.217532	-0.839795	0.161311	-0.990831	-0.798311	-0.457221	-1.322163	-0.696106	-0.155011	-1.188543	-0.689786	-0.603465	-0.73711	-0.932819	0.179877	-1.097673	-0.796063	-0.787842	-1.151069	-0.524998	-0.340426	-0.720649	-0.257786	0.563728	-0.113482	-0.798612	-0.660751	0.022253	-0.220512	-1.282276	0.399171	-1.10312	-0.214945	0.145757	-0.921751	-1.233218	-0.395981	0.437495	-0.225311	0.189684	-0.190681	-1.070484	-0.701138	-0.86623	-0.61156	-0.400028	-0.386365	-0.642865	-0.109085	0.001568	0.080897	-0.526039	-0.855951	-0.942226	-0.64653	-0.317342	-1.28541	-0.566942	-0.60689	-0.945942	-1.045208	-0.710927	-0.809665	-1.522078	-0.94571	-0.933021	-0.876675	-0.669363	0.799078	0.596634	-0.908193	-0.804606	-0.992019	-0.727143	-1.131008	-0.71032	-0.785265	-1.375319	-0.665264	-1.154847	0.436769	-0.191775	-0.843744	-0.630008	-0.655779	-0.973136	-1.034724	-1.261988	-0.7726	-0.882175	-1.60632	-0.486996	-1.002594	-0.291506	-0.507908	0.736974	-1.056421	-0.19004	-0.368066
SalVenAttnA_FrMed_1_L	2.09283	0.112273	0.565477	-0.103305	-0.212053	0.662388	0.225499	0.100671	-0.628963	-1.438103	-0.659907	-0.214028	-0.208679	-0.507278	0.406844	-0.262312	-0.577424	1.013102	-1.003479	1.572755	1.137015	-0.359337	-0.632959	-0.342164	0.244466	-0.113482	-0.588607	-0.133468	-0.703197	2.109257	-1.240794	0.751771	-0.93023	-0.625797	0.145757	-0.788611	0.158788	1.790992	0.72668	1.356448	-0.702884	2.554493	-1.012782	-0.76428	1.951132	0.109068	0.556249	0.045323	-0.642865	-0.244549	-0.087805	1.429888	-0.375598	-0.171361	1.44912	1.121047	0.297533	-1.28541	-0.266443	-0.86073	2.646767	-0.402188	-0.55492	-0.418067	1.233734	-0.94571	-0.692457	-0.454745	-0.663335	0.447019	-0.766308	-0.890505	2.687354	-0.957947	0.46516	-0.95518	-0.169974	1.097918	-0.690756	0.724923	0.51059	-0.085416	2.352235	-0.830986	2.413128	1.442972	-0.639555	-0.641344	-0.43046	-0.236624	-0.964407	0.295586	-0.710826	0.143427	1.68775	2.02351	0.28426	-0.431726	1.579906	-0.368066
SalVenAttnA_FrMed_2_L	-0.256047	-0.620887	0.565477	-1.324749	-0.212053	-0.591862	0.225499	-0.383611	-0.546831	-1.438103	-0.659907	-0.214028	1.608662	-0.194189	-0.082984	-0.262312	-0.117506	1.013102	-1.003479	-0.371698	1.137015	-0.359337	-0.389709	-0.342164	0.244466	-0.113482	-0.588607	-0.910188	-0.703197	-0.220512	-0.40613	0.751771	-0.93023	-0.625797	-0.760582	-0.788611	0.692606	-0.395981	0.72668	-0.225311	-0.210293	2.554493	0.717192	-0.76428	1.951132	0.109068	-0.529724	-0.889495	-0.642865	-0.244549	-0.087805	1.429888	-0.375598	-0.171361	0.59159	0.34335	0.297533	-1.28541	-0.266443	-0.86073	2.646767	-0.402188	-0.55492	-0.418067	0.769029	-0.94571	-0.125159	-0.639766	-0.663335	-0.654087	-0.766308	-0.890505	2.687354	-0.957947	1.190585	-0.95518	-0.169974	1.097918	-0.690756	0.724923	-0.265151	-0.085416	0.051639	-0.830986	2.413128	-0.707176	-0.639555	-0.641344	-0.43046	-0.236624	-0.773536	1.504623	-0.710826	0.143427	-0.291506	-0.507908	-0.852792	-0.431726	1.579906	1.268895
SalVenAttnA_FrOper_1_L	-0.256047	-1.018083	2.633297	2.574901	-0.450437	-1.263605	0.225499	0.100671	-0.628963	-1.431931	-1.170663	-0.734038	0.425607	1.995615	-0.481407	2.307152	-0.577424	2.362935	-1.003479	0.018626	2.301362	-1.014071	-0.612412	-0.342164	-1.060233	1.026724	-0.784327	-1.044513	0.611816	-0.768802	-1.240794	1.533497	-1.059114	1.637713	-0.171465	-0.307521	2.034129	-0.079557	1.704869	-0.225311	-0.702884	0.636831	1.679114	0.611517	1.951132	-1.191494	-0.529724	-1.263958	-1.107267	-0.69569	-0.476103	-0.021069	-1.04886	-0.422066	2.14171	-0.447709	2.994713	-2.26899	-0.770819	-0.86073	-0.744316	-1.011119	0.185782	-0.418067	-0.520799	-0.8815	0.78519	-0.983363	-0.663335	-0.654087	-1.378112	-0.890505	1.474304	-0.957947	2.277081	-1.131008	-0.199639	2.643714	-1.375319	1.730315	-0.619959	1.014126	-0.542079	-0.830986	-1.134506	-0.655779	-0.097108	-1.149101	-1.302434	1.178435	-1.502734	0.617341	-0.260701	-0.842548	-0.704599	0.758485	-0.434157	-0.796568	0.483508	-0.367799
SalVenAttnA_IPL_1_L	-0.658093	-1.434433	-0.688	0.56902	-0.885008	-1.263605	-0.946734	-1.823938	-1.086285	-1.215881	-1.170663	-0.993352	-1.081109	-0.15717	-0.347383	-1.124217	-1.341257	-0.757789	-1.27563	-1.102465	-0.524998	-1.166393	-0.76817	-1.333064	-0.956948	-0.967967	-1.064581	-1.083835	-1.144606	-0.67781	-1.574138	0.295732	-1.298783	-0.0357	-0.273266	-0.66019	0.348971	-1.047805	-1.10813	-0.940772	-1.028698	-0.201395	-1.234347	-0.951148	1.510431	-1.525012	-1.015492	-1.762226	-1.147918	-0.990133	-1.450665	0.303599	-1.577799	-0.87381	0.487289	-0.558055	1.174727	-2.26899	-0.895391	-1.250662	-0.744316	-1.091376	0.185782	-1.154411	-0.997804	-1.026552	1.59047	-0.577914	-1.035147	-1.124707	-1.537306	-0.890505	-1.167866	-1.135428	-0.936137	-1.131008	1.5237	0.136044	-1.031369	0.831346	-1.33193	-1.045262	-0.542079	-1.23929	-1.134506	-0.655779	-1.110832	-1.262356	-1.261988	-0.85882	-1.502734	-0.10201	-1.155814	-0.842548	-0.613224	-1.17301	-1.652841	-1.341163	-0.158118	-0.367799
SalVenAttnA_Ins_1_L	1.796117	-1.018083	2.633297	2.574901	-0.450437	-0.591862	0.951842	0.100671	-0.628963	-1.165755	-1.170663	-0.734038	0.425607	1.995615	0.794494	2.307152	-0.577424	2.362935	-1.003479	0.018626	2.301362	-1.014071	-0.612412	-0.342164	-1.060233	1.026724	-0.784327	-1.044513	0.611816	1.55142	-1.240794	1.533497	-1.059114	1.637713	-0.171465	-0.788611	2.034129	0.514632	1.704869	1.356448	-0.702884	0.636831	1.679114	0.611517	1.951132	-1.191494	-0.529724	0.045323	-1.107267	-0.69569	0.671151	2.488086	-1.04886	-0.875107	2.14171	2.043961	2.994713	-2.26899	-0.770819	-0.86073	0.125526	-1.011119	0.185782	-0.418067	-0.763051	-0.8815	0.78519	-0.639766	-0.663335	-0.755035	-1.378112	-0.890505	1.474304	-0.957947	2.277081	-1.131008	-0.199639	1.61508	-0.690756	1.730315	-0.619959	-0.085416	1.845517	-0.830986	-1.134506	-0.655779	-0.097108	-1.149101	-0.43046	0.92381	-1.502734	0.617341	-0.710826	-0.842548	1.935342	0.758485	-0.434157	-0.431726	0.968104	-0.367799
SalVenAttnA_Ins_2_L	-0.851629	0.217532	0.02352	0.622129	-0.646124	-0.798311	1.233827	0.100671	-0.696106	-1.165755	-1.188543	-0.214028	-1.030293	-0.73711	0.794494	0.109273	-0.669642	-0.275682	0.38283	0.018626	-0.524998	-0.340426	0.630741	0.329907	-1.060233	1.026724	-0.798612	1.004767	0.022253	-0.768802	-1.008354	-0.608506	0.306271	0.406088	-0.171465	-0.921751	-0.196418	-0.474157	-0.012997	-0.547852	0.189684	-0.190681	-1.070484	-0.911125	0.675574	1.029657	-0.400028	-0.706121	1.214767	-0.990133	0.001568	-0.021069	-0.526039	0.532697	1.696332	0.350698	-0.298308	-1.28541	-0.566942	-0.60689	0.125526	-0.237809	0.190695	-0.809665	-0.891123	0.135957	-1.00544	-0.876675	-1.035147	-0.755035	1.54547	-0.38412	-0.804606	-0.992019	2.277081	0.373112	0.599437	-0.485749	-1.08436	0.549077	0.142409	-1.125186	-0.191775	0.42826	0.358125	-0.655779	-0.639555	-1.034724	-1.261988	1.178435	-0.139798	-0.058133	-0.486996	-0.651663	-0.164988	-0.507908	0.736974	-1.056421	0.968104	1.268895
SalVenAttnA_Ins_3_L	-0.851629	0.217532	1.240481	0.161311	-0.646124	-0.798311	1.551362	0.861149	-0.696106	-0.155011	-1.188543	-0.562111	-1.030293	-0.595969	0.794494	2.307152	0.564009	-0.275682	0.38283	-1.123388	-0.524998	-0.340426	0.055657	0.149339	-1.060233	1.026724	-0.798612	1.004767	0.022253	-0.768802	-1.008354	-0.608506	0.306271	0.406088	-0.863325	-0.921751	-0.196418	-0.647746	1.704869	-0.492835	-0.402194	0.385199	1.679114	-0.911125	0.675574	-0.61156	-0.400028	-0.706121	1.214767	-0.826722	0.001568	-0.021069	-0.526039	-0.823445	1.696332	-0.447709	-0.71434	-1.28541	-0.566942	-0.60689	0.125526	-0.237809	0.190695	-0.809665	-0.891123	0.277136	1.792845	-0.876675	-1.035147	-0.755035	1.54547	-0.38412	-0.804606	-0.992019	2.277081	0.373112	0.599437	-0.485749	-0.147829	0.549077	0.142409	-1.125186	-0.191775	0.42826	0.358125	-0.208867	-0.639555	-1.034724	-1.261988	0.92381	-0.139798	0.617341	-0.486996	-0.651663	-0.497531	-0.507908	0.736974	-0.06265	0.968104	1.268895
SalVenAttnA_PFCd_1_L	1.13128	-0.620887	0.565477	-0.103305	-0.212053	-0.591862	0.225499	-1.319419	-0.628963	0.391744	-0.659907	-0.734038	0.425607	1.096039	0.406844	2.307152	-0.577424	1.890067	-1.003479	-0.371698	1.137015	-0.359337	-0.612412	2.000957	0.244466	0.053412	-0.588607	-0.133468	-0.703197	0.924621	-1.240794	0.751771	-0.93023	-0.625797	-0.171465	-0.788611	0.692606	-0.037182	0.72668	-0.547852	-0.210293	0.636831	0.384678	-0.76428	1.951132	0.109068	-0.400028	-0.889495	-0.642865	-0.244549	-0.087805	-1.072106	-0.375598	-0.875107	0.59159	0.34335	0.297533	-1.28541	-0.266443	-0.86073	2.646767	-0.402188	0.185782	-0.809665	0.769029	-0.8815	-0.692457	-0.639766	-0.663335	-0.654087	-0.766308	-0.890505	0.201165	-0.957947	1.190585	-0.91502	-0.169974	1.097918	-0.690756	0.724923	-0.265151	-0.085416	1.177987	-0.996506	2.413128	-0.707176	-0.639555	-0.641344	-0.43046	-0.236624	-0.773536	1.504623	-0.710826	0.143427	-0.704599	-0.507908	-0.852792	-0.431726	3.131973	1.741427
SalVenAttnA_SPL_1_L	-0.256047	-1.434433	-0.839795	-0.453143	-0.646124	-0.798311	0.225499	-0.833765	-0.752784	0.527377	-0.538154	-0.484298	-0.603465	-0.73711	-0.932819	-1.162996	-1.097673	1.013102	-0.787842	-0.371698	-0.003172	1.73834	-0.632959	-0.257786	-0.165487	-0.113482	-0.828203	-1.192134	-0.02659	-0.220512	-1.282276	1.260385	-0.519629	0.619869	-0.888903	-1.285912	0.206523	-0.395981	0.437495	-0.547852	0.999623	-0.15702	-1.031089	-0.701138	-0.86623	-1.26788	0.290938	-0.386365	-0.73479	-0.109085	-0.257865	1.429888	-0.526039	-0.875107	-0.884079	1.121047	-0.317342	-0.477918	-0.730133	1.339485	-0.516637	-0.755448	-0.710927	-0.809665	-0.424673	-0.840688	-1.673618	-0.639766	1.058958	1.450527	-0.400095	-0.558459	0.201165	0.26695	1.190585	-0.98036	-0.71032	-0.350371	-0.356747	0.703644	0.142409	0.436769	0.051639	-0.843744	0.017166	-0.655779	-0.973136	0.714773	-1.261988	-0.027462	-0.882175	1.504623	-0.622095	-1.002594	-0.164988	-0.507908	-0.015112	-1.056421	0.479846	-0.368066
SalVenAttnA_SPL_2_L	-0.256047	-0.620887	0.565477	-0.834541	-0.646124	-0.798311	1.551362	-0.833765	-0.546831	-1.438103	-0.538154	-0.749658	-1.030293	-0.194189	-0.082984	0.397732	-0.662166	-0.12251	0.38283	-1.123388	-0.75659	0.06139	-0.613424	-0.441347	-0.750017	0.053412	-0.798612	-0.974695	-1.233011	-0.220512	0.139096	1.260385	-0.93023	-0.625797	-0.760582	-0.66019	0.348971	-0.037182	1.704869	-0.575256	-0.714282	-0.15702	0.384678	-0.951148	-0.228218	-1.26788	-0.435465	-0.889495	-0.73479	-0.990133	-0.257865	-0.067497	-0.526039	-0.875107	0.969877	0.34335	-0.298308	-0.477918	-0.566942	-0.851331	-0.516637	-0.755448	-0.014135	-0.809665	-0.891123	-0.610981	-0.46403	-0.639766	-0.504539	-0.755035	-1.537306	-0.38412	0.201165	-1.010181	1.190585	-0.91502	-0.71032	-0.350371	0.574555	0.549077	-0.359973	-0.284037	-0.191775	-0.406006	-0.457406	-0.707176	-0.973136	-1.034724	-0.43046	-0.027462	-1.07908	-0.969884	-0.486996	-0.651663	-0.497531	-0.507908	-0.852792	-1.056421	0.479846	-0.497786
SalVenAttnA_SPL_3_L	-0.256047	-1.434433	0.02352	-0.834541	-0.646124	-0.798311	1.233827	-0.833765	-0.546831	-0.155011	-0.538154	-0.749658	0.46224	-0.194189	-0.876598	0.397732	-0.662166	-0.12251	0.38283	-0.371698	-0.75659	0.06139	-0.613424	-0.441347	-0.750017	0.053412	-0.798612	-0.974695	-1.233011	-0.220512	-1.008354	1.260385	-0.93023	-0.461924	-0.760582	-0.66019	0.348971	-0.647746	1.704869	-0.575256	-0.714282	-0.15702	0.384678	-0.951148	-0.228218	-1.26788	-0.435465	-0.889495	-0.73479	-0.990133	-0.257865	-0.067497	-0.526039	-0.875107	-0.884079	-0.447709	-0.298308	-0.477918	-0.566942	-1.075254	-0.516637	-0.755448	-0.014135	-0.809665	-0.891123	-0.610981	-0.46403	-0.639766	-0.504539	-0.755035	1.524493	-0.38412	0.201165	-1.010181	1.190585	-0.91502	-0.71032	-0.350371	-1.031369	0.549077	-0.600177	-0.284037	-0.191775	-0.406006	0.017166	-0.707176	-0.973136	-1.034724	-1.261988	-0.027462	-1.07908	-0.969884	-0.486996	-0.651663	-0.497531	-0.640332	-0.852792	-1.056421	0.479846	-0.497786
SalVenAttnB_IFG_1_L	1.796117	-1.018083	2.633297	2.574901	-0.450437	-0.591862	0.951842	0.100671	-0.628963	-1.165755	-1.170663	-0.734038	-0.794995	1.995615	3.209099	2.307152	-0.577424	2.362935	-1.003479	0.018626	2.301362	-1.014071	-0.197801	-0.342164	0.244466	1.026724	-0.784327	-1.044513	0.611816	1.55142	-1.282276	1.533497	-1.059114	1.637713	-0.171465	-0.307521	2.034129	-0.474157	1.704869	-0.77511	-0.702884	2.133954	1.679114	0.611517	1.951132	-1.191494	-0.529724	-1.263958	-1.107267	-0.69569	0.671151	2.488086	-1.04886	-0.875107	2.14171	2.043961	2.994713	-2.26899	-0.770819	-0.86073	0.26611	-1.011119	0.185782	-0.418067	-0.763051	-0.8815	0.78519	-0.983363	-0.663335	-0.654087	-1.378112	-0.890505	1.474304	-0.957947	2.277081	-1.131008	-0.199639	2.643714	-0.690756	1.730315	-0.619959	1.014126	1.845517	-0.830986	-1.134506	-0.655779	-0.097108	-1.149101	-1.302434	1.178435	-1.502734	0.617341	-0.260701	-0.842548	1.935342	0.758485	-0.434157	-0.764502	0.483508	-0.367799
SalVenAttnB_IPL_1_L	-0.256047	-1.434433	0.161499	0.56902	-0.646124	-0.591862	1.233827	-0.013401	-0.546831	-1.165755	-1.188543	-0.993352	-0.794995	-0.595969	-0.932819	0.735437	-0.669642	-0.757789	-0.454853	-0.371698	-0.75659	-1.014071	-0.632959	-0.745472	-1.060233	-0.967967	-0.798612	-0.910188	-0.703197	-0.768802	-1.574138	0.094517	-0.93023	-0.625797	-0.171465	-1.285912	0.206523	-0.474157	0.72668	-0.77511	-0.714282	-0.15702	0.444903	-0.951148	-0.162408	-1.26788	-0.400028	-0.889495	-0.73479	-0.990133	-0.257865	-0.069022	-1.04886	-0.855951	0.487289	-0.447709	1.174727	-2.26899	-0.770819	-0.86073	-0.945942	-1.011119	-0.322305	-0.809665	-0.424673	-0.610981	-0.508801	-0.639766	-0.663335	-0.654087	-1.378112	-0.890505	0.290787	-0.992019	-0.936137	-1.131008	0.599437	0.136044	-1.031369	0.831346	-0.600177	-0.284037	1.177987	-0.996506	0.017166	-0.655779	-1.110832	-1.149101	-1.261988	-0.570055	-1.07908	0.295586	0.017408	-1.002594	-0.895562	-0.507908	-1.652841	-0.083725	-0.158118	-0.497786
SalVenAttnB_IPL_2_L	-0.658093	-0.942174	-0.688	0.56902	-0.646124	-1.263605	1.233827	-1.823938	-0.696106	-0.133532	-0.538154	-0.993352	1.608662	-0.15717	0.102322	-1.124217	-1.097673	-0.757789	0.38283	-1.123388	-0.524998	-0.359337	-0.632959	-1.333064	-1.060233	-0.967967	1.953403	-0.660751	-1.144606	-0.954966	-1.240794	0.399171	0.306271	-0.0357	-0.273266	-0.921751	0.881619	0.514632	-1.10813	-0.940772	-0.599491	-0.477475	1.218014	-0.951148	-0.539904	-0.61156	1.008346	-0.889495	-1.050126	-0.990133	2.243278	-0.069022	-0.428328	-0.875107	0.487289	-0.447709	1.174727	-1.316109	-0.330184	-0.626087	-0.744316	-1.091376	1.280199	-0.809665	-0.997804	-0.840688	-1.00544	-0.577914	-1.035147	-0.654087	-0.841353	-0.890505	0.201165	0.26695	-0.936137	-1.131008	-1.765116	-0.350371	-1.544735	0.831346	-0.619959	-0.284037	-0.542079	0.42826	-1.134506	-0.655779	-1.110832	-0.455831	-1.261988	-0.570055	1.588455	-1.60632	-1.174881	-1.002594	-0.895562	-0.556491	-0.015112	1.211181	-0.158118	-1.052553
SalVenAttnB_Ins_1_L	1.796117	-1.018083	2.633297	2.574901	-0.212053	-0.591862	0.951842	0.100671	-0.628963	-1.165755	-1.170663	-0.734038	-0.794995	1.995615	3.209099	2.307152	-0.577424	2.362935	-1.003479	0.018626	2.301362	-1.014071	-0.197801	-0.342164	0.244466	1.026724	-0.784327	-1.044513	0.611816	1.55142	-1.282276	1.533497	-1.059114	1.637713	-0.171465	-0.307521	2.034129	0.514632	1.704869	-0.77511	-0.702884	0.636831	1.679114	0.611517	1.951132	-1.191494	-0.529724	-1.263958	-1.107267	-0.69569	-0.476103	2.488086	-1.04886	-0.875107	2.14171	2.043961	2.994713	-2.26899	-0.770819	-0.86073	0.125526	-1.011119	-1.041614	-0.418067	0.769029	-0.8815	0.78519	-0.983363	-0.663335	-1.124707	-1.378112	-0.890505	1.474304	-0.957947	2.277081	-1.131008	-0.199639	1.61508	-1.08436	1.730315	-0.619959	-0.085416	1.845517	-0.830986	-1.134506	-0.655779	-0.097108	-1.149101	-1.302434	1.178435	-1.502734	0.617341	-0.260701	-0.842548	1.935342	0.758485	-0.434157	-0.764502	0.483508	-0.367799
SalVenAttnB_Ins_2_L	1.796117	-1.018083	2.633297	2.574901	-0.450437	0.662388	0.951842	0.100671	-0.628963	-1.165755	-1.170663	-0.734038	-0.208679	1.995615	3.209099	2.307152	-0.577424	2.362935	-1.003479	0.018626	2.301362	-1.014071	-0.197801	-0.342164	0.244466	1.026724	-0.784327	-1.044513	0.611816	1.55142	-0.117013	1.533497	-1.059114	1.637713	-0.171465	-0.307521	2.034129	0.514632	-0.012997	-0.77511	-0.702884	2.133954	0.717192	0.611517	1.951132	-1.191494	-0.529724	-1.263958	-1.107267	-0.244549	-0.476103	2.488086	-1.04886	-0.875107	2.14171	2.043961	2.994713	-2.26899	-0.770819	-0.86073	0.125526	-1.011119	0.185782	-0.418067	-0.424673	-0.8815	0.78519	-0.577914	-0.663335	-0.654087	-1.378112	-0.890505	1.474304	-0.957947	2.277081	-1.131008	-0.199639	1.61508	-1.031369	1.730315	-0.619959	1.014126	1.845517	-0.830986	-1.134506	-0.655779	-0.097108	-1.149101	-1.302434	1.178435	-1.502734	0.617341	-0.260701	-0.842548	1.935342	2.02351	-0.434157	-0.764502	0.483508	-0.367799
SalVenAttnB_OFC_1_L	-0.471983	0.217532	0.555858	0.161311	-0.885008	-1.263605	-0.892475	0.100671	-0.696106	-0.715487	-1.188543	-0.993352	-1.030293	-0.507278	0.794494	0.109273	-1.097673	-0.918342	-1.003479	0.018626	-0.003172	-1.166393	-0.612412	0.329907	-0.956948	1.026724	1.953403	-0.932653	0.022253	-0.954966	-1.282276	-1.000872	-1.10312	-0.214945	-0.171465	-0.921751	-1.181191	-0.395981	0.437495	-0.575256	-0.702884	-0.15702	-1.070484	-0.701138	-0.853729	-0.61156	0.290938	-0.074745	-1.147918	-0.109085	-0.024772	-1.177605	-1.297221	-0.875107	-0.942226	-0.207704	-0.71434	-2.26899	-0.566942	-0.86073	-0.625402	-1.093866	-0.55492	-0.809665	1.966883	-0.8815	-0.692457	-0.639766	-1.035147	-0.505128	-1.537306	-0.890505	-1.159397	0.26695	-0.936137	-1.131008	0.599437	-0.485749	-0.356747	0.549077	-0.253619	-0.211481	0.617252	0.113424	-1.134506	-0.707176	-0.097108	-0.455831	-1.261988	-0.625932	-0.139798	-0.544633	-0.486996	-0.842548	-0.291506	-1.120246	-0.015112	1.211181	-0.158118	-0.830613
SalVenAttnB_OFC_2_L	-0.471983	-0.942174	0.02352	0.161311	-0.98254	-1.263605	-0.645786	0.861149	-0.628963	-0.133532	-1.188543	-0.562111	-1.030293	-0.15717	-0.932819	1.086592	-1.097673	0.019427	0.38283	-1.151069	-0.524998	-0.340426	-0.389709	0.329907	-1.060233	1.026724	-0.798612	-1.083835	0.022253	-0.954966	-1.095836	-1.23097	-1.10312	0.406088	-0.171465	-0.921751	-1.181191	-1.001991	0.437495	-0.492835	-0.702884	-0.15702	-1.063742	-0.701138	-0.853729	-0.61156	0.290938	-0.706121	-1.147918	-0.109085	0.001568	-1.177605	-0.526039	0.191844	-0.942226	-1.116581	0.297533	-2.26899	-0.537645	-0.60689	-0.792327	-1.093866	0.185782	-0.809665	-0.997804	-0.840688	-1.00544	-0.639766	-1.035147	-0.654087	-1.537306	-0.890505	-1.167866	0.26695	-0.936137	-1.131008	-0.71032	-0.485749	-0.356747	0.549077	-1.154847	-0.211481	-0.542079	-0.843744	-0.630008	-1.132494	-0.973136	-0.577054	-1.261988	0.082458	-1.431625	-1.60632	-0.486996	-1.127269	-0.704599	-0.507908	-0.015112	1.211181	-0.792011	-1.052553
SalVenAttnB_PFCl_1_L	1.796117	0.112273	2.633297	-0.103305	-0.450437	0.662388	0.951842	0.100671	-0.628963	0.391744	-0.659907	-0.734038	-0.208679	1.003736	0.406844	2.307152	-0.577424	2.362935	-1.003479	0.018626	2.301362	-1.014071	-0.197801	-0.342164	0.244466	1.026724	-0.784327	-1.044513	0.611816	1.55142	-0.117013	1.533497	-1.059114	1.637713	-0.171465	-0.788611	2.034129	0.514632	1.704869	-0.77511	-0.702884	2.133954	0.717192	-0.76428	1.951132	0.109068	-0.529724	0.045323	-0.642865	-0.244549	0.671151	2.488086	-0.051059	-0.171361	2.14171	2.043961	0.297533	-1.28541	-0.266443	-0.004994	2.646767	-0.402188	0.185782	-0.418067	-0.997804	-0.8815	-0.692457	-0.983363	-0.593927	0.447019	-1.378112	-0.890505	1.474304	-0.957947	0.46516	-0.95518	-0.169974	1.097918	0.376325	1.730315	-0.619959	-0.085416	1.177987	-0.830986	-0.556901	1.442972	-0.097108	-0.577054	0.13794	1.178435	-0.964407	0.617341	-1.174881	0.54188	1.68775	0.758485	0.28426	-0.431726	0.483508	1.268895
SalVenAttnB_PFCl_2_L	2.09283	0.112273	0.565477	-0.103305	-0.971826	0.662388	-0.892475	-1.319419	-0.752784	0.391744	-0.659907	-0.214028	0.425607	-0.507278	-0.082984	-0.262312	-0.117506	0.019427	-1.003479	1.572755	2.301362	-0.359337	-0.470518	-0.257786	0.244466	-0.113482	-0.208587	-0.932653	0.589039	2.109257	-0.117013	0.751771	-1.10312	0.619869	0.145757	-0.788611	-1.233218	1.790992	1.717044	1.356448	1.440402	2.161476	-0.280509	-0.76428	-0.86623	0.627098	0.556249	0.863154	-0.902633	-0.109085	0.93096	1.429888	-0.335021	-0.171361	1.44912	1.937725	0.297533	-1.28541	-0.266443	-0.004994	0.125526	-1.045208	-0.754416	-0.418067	-0.997804	-0.94571	-0.692457	-0.454745	-0.593927	0.447019	-0.179444	-0.890505	2.687354	0.697544	-1.331433	-0.95518	0.351649	1.097918	0.376325	0.724923	0.205489	0.879261	0.051639	0.466917	-0.556901	1.442972	-1.110832	-0.577054	-1.009687	-0.625932	-0.964407	0.295586	-1.174881	0.54188	1.68775	-0.640332	0.28426	-0.431726	-0.771698	1.268895
SalVenAttnB_PFCl_3_L	1.796117	-1.018083	2.633297	2.574901	-0.450437	-0.957698	0.951842	0.100671	-0.628963	-1.215881	-1.170663	-0.734038	-0.208679	1.995615	3.209099	2.307152	-0.577424	2.362935	-1.003479	0.018626	2.301362	-1.014071	-0.197801	-0.342164	0.244466	1.026724	-0.784327	-1.044513	0.611816	1.55142	-0.429093	1.533497	-1.059114	1.637713	-0.171465	-0.307521	-0.851127	-0.079557	1.704869	-0.77511	-0.702884	2.133954	0.717192	0.611517	1.951132	-1.191494	-0.529724	-1.263958	-1.107267	-0.69569	-0.476103	2.488086	-1.04886	-0.875107	2.14171	-0.207704	2.994713	-2.26899	-0.770819	-0.86073	0.125526	-1.011119	0.185782	-0.418067	0.769029	-0.8815	0.78519	-0.577914	-0.663335	-0.755035	-1.378112	-0.890505	1.474304	0.26695	2.277081	-1.131008	-0.199639	1.61508	-1.031369	1.730315	-0.619959	1.014126	1.845517	-0.830986	-1.134506	-0.655779	-0.097108	-1.149101	-1.302434	1.178435	-1.502734	0.617341	-0.260701	-0.842548	1.935342	0.758485	-0.434157	-0.764502	0.483508	-0.367799
SalVenAttnB_PFCmp_1_L	2.09283	0.112273	-1.240739	-0.103305	-0.971826	0.662388	-0.892475	-1.319419	-0.752784	0.527377	-1.188543	-0.562111	1.608662	-0.507278	-0.082984	-0.262312	-0.117506	1.013102	-1.003479	-0.371698	2.301362	-0.359337	-0.632959	-0.257786	0.244466	-0.113482	-0.588607	-0.616506	0.589039	0.629147	-0.117013	-0.82572	-1.10312	-0.214945	0.145757	-1.220232	-1.233218	1.607039	0.437495	-0.225311	-0.702884	2.554493	0.733174	-0.701138	-0.86623	-1.206522	0.556249	0.863154	-0.902633	-0.109085	-0.087805	0.080897	-0.051059	-0.171361	-0.236084	1.121047	-0.612584	-1.28541	-0.266443	-0.550756	2.646767	-1.045208	-0.55492	-0.418067	-0.520799	-0.94571	-0.692457	-0.454745	-0.593927	0.447019	-0.179444	-0.799004	2.687354	0.697544	0.46516	-0.95518	-0.71032	0.248116	-0.356747	0.473906	-0.619959	0.879261	0.051639	0.466917	-0.556901	-0.655779	-1.110832	-1.149101	-1.302434	-0.625932	-1.431625	-0.4112	-1.174881	-1.127269	1.68775	2.02351	0.28426	-0.431726	1.579906	-0.368066
SalVenAttnB_SPL_1_L	-0.256047	-1.434433	0.565477	-0.834541	-0.646124	-0.798311	1.551362	-0.833765	-0.546831	-1.438103	-0.538154	-0.749658	0.46224	-0.194189	-0.198287	0.735437	-0.662166	1.013102	0.38283	-0.371698	-0.75659	0.06139	0.008079	-0.342164	-1.060233	0.053412	-0.798612	-0.974695	0.45674	-0.220512	-1.008354	1.260385	-0.93023	-0.625797	-0.171465	-0.66019	-0.196418	-0.395981	1.704869	-0.575256	-0.714282	-0.15702	0.384678	-0.951148	-0.228218	-1.26788	-0.435465	-0.889495	-0.73479	-0.244549	-0.257865	-0.067497	-0.526039	-0.875107	-0.884079	0.34335	-0.298308	-0.477918	-0.566942	-0.851331	-0.516637	-0.755448	-0.014135	-0.809665	-0.424673	-0.610981	-0.46403	-0.639766	-0.504539	-0.755035	-1.378112	-0.38412	0.201165	-1.010181	1.190585	-0.91502	-0.71032	-0.350371	-1.031369	0.549077	-0.359973	-0.284037	-0.191775	-0.406006	0.017166	-0.707176	-0.973136	-0.641344	-0.43046	-0.557256	-1.07908	-0.969884	-0.321165	-0.651663	-0.497531	-0.507908	-1.652841	-1.056421	0.479846	0.549825
SalVenAttnB_Temp_1_L	-0.658093	-1.434433	-0.688	0.56902	-0.885008	-1.263605	-0.946734	-1.823938	-1.086285	-1.215881	-1.170663	-0.993352	-1.081109	-0.15717	-0.347383	1.086592	-1.341257	-0.275682	-1.27563	-1.102465	-0.246309	-1.166393	-0.76817	-1.333064	-0.956948	0.182156	-1.064581	-1.083835	-1.144606	-0.67781	-1.574138	0.094517	-1.298783	2.260072	-0.273266	-1.220232	2.178846	-0.551104	-0.012997	-0.940772	-1.028698	-0.477475	0.444903	-0.715361	1.562674	-1.525012	-1.015492	-1.762226	-1.147918	-0.990133	-1.450665	-0.424692	-1.577799	-0.87381	-0.140019	-0.558055	1.905802	-2.26899	-0.895391	-1.250662	-0.792327	-1.093866	-0.322305	-1.154411	-0.891123	-1.026552	1.59047	-0.876675	-1.035147	-1.124707	-1.537306	-0.890505	-1.167866	-1.135428	-0.936137	-1.131008	0.599437	0.136044	-1.031369	0.831346	-1.33193	-1.045262	-0.542079	-1.23929	-1.134506	-0.655779	1.634615	-1.262356	-1.261988	-0.557256	-1.502734	-0.10201	-1.155814	-0.842548	-0.613224	-1.17301	-1.652841	-1.341163	-0.158118	-0.367799
DorsAttnA_IPL_1_L	-0.658093	-0.942174	0.161499	2.574901	1.181417	-1.263605	-0.348464	-1.823938	-0.696106	-1.438103	-0.538154	2.21315	-1.030293	1.003736	-1.051533	-1.124217	-0.577424	0.828454	0.38283	-1.151069	-0.246309	-0.340426	-0.656591	-0.257786	-0.750017	-0.967967	1.953403	-0.932653	0.022253	-0.768802	-1.282276	1.015571	-1.10312	-0.625797	-0.273266	-0.921751	0.881619	-0.079557	-1.10813	-0.492835	-0.702884	-0.858611	-1.209064	-0.951148	0.675574	-1.525012	-1.015492	-1.263958	-1.147918	-0.826722	0.001568	-0.846164	-1.297221	-0.875107	0.487289	-0.447709	1.174727	-2.26899	-0.537645	-0.626087	-0.945942	-1.045208	0.190695	-0.659757	-0.997804	-0.8815	-0.508801	-0.639766	-0.669363	1.23172	0.596634	-0.890505	-1.167866	0.884147	-0.936137	1.596022	-1.765116	1.61508	-0.356747	1.693255	2.319747	-1.045262	-0.542079	-0.996506	-1.134506	-0.655779	-1.110832	-0.455831	-1.261988	0.082458	-0.964407	-0.4112	-0.622095	-0.842548	-0.895562	-1.120246	0.736974	1.211181	-0.158118	-0.368066
DorsAttnA_IPL_2_L	-0.471983	-1.434433	0.239984	2.574901	-0.885008	-1.139372	-0.946734	-1.823938	-0.628963	0.527377	-1.188543	-0.214028	-1.296508	-0.15717	-1.051533	1.086592	-1.097673	-0.757789	-0.787842	-1.102465	-0.246309	-0.340426	-0.389709	-0.257786	-1.060233	-0.967967	1.953403	-0.235976	0.022253	-0.954966	-1.240794	0.094517	-1.10312	-0.0357	-0.171465	-0.921751	-1.233218	-1.001991	-1.10813	-0.940772	-0.702884	-0.477475	0.444903	-0.701138	-0.539904	-0.61156	-0.529724	-0.889495	-0.902633	-0.109085	0.001568	-1.177605	-1.201596	-0.875107	0.487289	-0.447709	1.174727	-1.28541	-0.566942	-1.250662	-0.945942	-1.045208	0.185782	-0.809665	-0.997804	-0.610981	-0.692457	-0.876675	-0.669363	-1.000899	-0.841353	-0.890505	-1.167866	2.132123	-0.936137	-1.131008	-0.918924	-0.785265	-0.356747	0.831346	2.319747	-1.125186	-0.932926	0.466917	-1.134506	-0.655779	-1.110832	-1.034724	-1.261988	-0.739551	1.588455	0.617341	-1.174881	-0.842548	-0.895562	-0.507908	-0.015112	-1.341163	-0.158118	-0.368066
DorsAttnA_IPS_1_L	-0.658093	-1.434433	0.02352	0.56902	-0.971826	-0.591862	1.233827	-0.833765	-0.546831	0.176578	-0.538154	-0.749658	-0.794995	-0.595969	-0.481407	-0.505996	-0.662166	-0.757789	0.38283	-1.123388	-0.524998	-0.340426	-0.632959	0.097028	-1.060233	-0.967967	-0.798612	-0.974695	-1.144606	-0.768802	-1.095836	0.295732	1.379442	-0.0357	-0.171465	-0.921751	-1.19973	-0.551104	-0.852457	-0.706724	-0.859441	-0.384487	-1.031089	-0.951148	-0.162408	-0.61156	-0.435465	-1.263958	-1.050126	-0.990133	-1.371799	-0.069022	-1.297221	-0.875107	0.487289	-0.447709	-0.317342	-0.477918	-0.566942	-0.449475	-0.945942	-0.237809	-0.322305	-0.809665	-0.891123	-0.610981	-0.3665	-0.876675	-0.669363	-1.000899	-1.537306	-0.908193	-1.167866	0.884147	-0.936137	-0.98036	0.599437	-0.785265	-1.375319	0.831346	-1.154847	-0.284037	-0.191775	0.42826	-0.457406	-1.132494	-1.110832	0.727448	-1.261988	-0.739551	-1.07908	-1.183247	-0.486996	-1.002594	-0.704599	-0.556491	-1.652841	-1.056421	-0.158118	-1.14253
DorsAttnA_IPS_2_L	-0.658093	-0.415173	0.02352	-0.634973	-0.646124	-0.798311	1.233827	-0.833765	-0.696106	-0.155011	-0.538154	-0.749658	-0.794995	-0.73711	-1.051533	0.397732	-0.88347	-0.918342	-0.454853	-1.151069	-0.524998	-0.340426	-0.632959	-0.546603	-0.750017	-0.967967	-0.798612	-0.660751	-0.8775	-0.768802	-1.095836	0.295732	0.306271	-0.461924	-0.888903	-0.66019	-1.19973	-1.047805	-0.852457	-0.706724	-0.681268	-0.858611	-1.209064	-0.951148	-0.86623	-0.61156	-0.435465	-1.263958	-0.642865	-0.990133	-1.011802	-0.021069	-1.297221	-0.823445	-0.140019	-1.116581	-0.317342	-0.477918	-0.566942	-0.550756	-0.945942	-1.093866	-0.322305	-0.809665	0.555802	-0.610981	-0.258611	-0.454745	-0.941816	-1.000899	-0.841353	-0.558459	-1.094387	-1.010181	-0.936137	-0.98036	1.289186	-0.075017	-1.375319	0.549077	-1.154847	-1.125186	-0.932926	0.466917	-0.457406	-1.132494	-0.564709	-0.577054	-1.261988	-0.7726	-1.502734	-1.60632	-0.622095	-1.002594	-0.816627	-0.556491	-1.652841	-1.341163	-0.158118	-0.830613
DorsAttnA_IPS_3_L	-0.933149	-0.386982	0.239984	-0.634973	-0.212053	-0.798311	0.493441	-0.833765	-0.696106	-0.155011	-1.188543	-0.749658	-0.794995	-0.73711	-0.932819	0.397732	-0.88347	-0.757789	-0.454853	-1.102465	-0.75659	-0.340426	0.008079	-0.546603	-0.750017	-0.724726	-0.798612	-0.660751	-0.8775	-0.768802	-1.095836	-1.000872	0.306271	-0.461924	-0.888903	-0.921751	-1.233218	-1.047805	-0.852457	-0.693647	-0.681268	-0.858611	-1.070484	-0.701138	-0.876227	-0.61156	-0.435465	-1.263958	-0.902633	-0.990133	-1.371799	-0.846164	-1.297221	-0.823445	-0.140019	1.121047	-0.848373	-1.28541	-0.566942	-1.01975	0.321308	-1.093866	-0.014135	-0.159625	-1.522078	-0.610981	-0.692457	-0.876675	-0.669363	-1.000899	-0.841353	-0.908193	-0.804606	-1.010181	-0.936137	-0.98036	-1.765116	-0.785265	-1.375319	-0.665264	-1.154847	-1.125186	-0.191775	0.466917	-1.03732	-1.132494	-1.110832	0.727448	-1.261988	-0.544721	0.632257	-1.60632	-0.608013	-0.720371	-0.497531	-0.556491	-1.652841	-1.056421	-0.494292	-0.830613
DorsAttnA_IPS_4_L	-0.658093	-0.942174	-0.809529	-0.634973	0.552787	-1.139372	0.493441	-1.823938	-0.696106	-1.165755	-1.188543	-0.689786	-1.296508	-0.863293	-1.051533	0.397732	-1.097673	-0.918342	0.38283	-1.151069	-0.524998	-0.340426	-0.720847	-1.333064	-1.002105	-0.724726	-0.798612	-0.235976	0.45674	-1.004602	-1.574138	-1.031971	0.306271	-0.461924	-0.863325	-1.285912	-1.105269	-1.047805	-1.148828	-0.940772	-0.702884	-0.858611	-1.070484	-0.701138	-0.876227	-0.851618	-0.54821	-0.706121	-0.902633	-0.826722	2.243278	-0.846164	-0.080025	-0.87381	-0.140019	-1.116581	-0.298308	-2.26899	-0.566942	-1.250662	-0.945942	-1.093866	1.280199	-0.526517	-0.997804	-1.026552	-0.258611	-0.639766	-1.035147	-0.949552	-1.537306	1.926416	-0.804606	0.26695	-0.936137	-1.131008	-1.765116	-0.861415	-0.356747	-0.665264	-0.619959	-1.045262	-0.542079	-0.843744	-0.630008	-0.655779	1.634615	-1.034724	-1.261988	-0.557256	-0.868404	-1.60632	-0.486996	-0.842548	-0.497531	-0.507908	-0.015112	-1.056421	-0.7923	1.268895
DorsAttnA_PFCd_1_L	1.13128	0.112273	0.565477	2.574901	-0.212053	-0.591862	0.225499	0.100671	-0.628963	-1.438103	-0.659907	-0.734038	0.425607	1.208508	0.406844	2.307152	-0.577424	1.890067	-1.003479	-0.371698	1.137015	-0.359337	-0.389709	-0.342164	0.244466	0.053412	-0.588607	-0.133468	-0.703197	0.924621	-1.240794	0.751771	-1.059114	-0.625797	-0.171465	-0.788611	0.692606	-0.395981	0.72668	-0.547852	-0.210293	0.636831	1.679114	-0.76428	1.951132	0.109068	-0.529724	-0.889495	-0.642865	-0.244549	0.671151	2.488086	-0.375598	-0.875107	0.59159	0.34335	0.297533	-1.28541	-0.266443	-0.86073	2.646767	-0.402188	0.185782	-0.809665	-0.520799	-0.8815	-0.692457	-0.639766	-0.663335	0.447019	-0.766308	-0.890505	0.201165	-0.957947	0.46516	-0.95518	-0.169974	1.097918	-0.690756	0.724923	-0.265151	-0.085416	1.177987	-0.830986	2.413128	-0.707176	-0.097108	-0.641344	-0.43046	1.178435	-0.964407	1.504623	-0.710826	0.143427	1.935342	-0.507908	-0.852792	-0.431726	3.131973	1.268895
DorsAttnA_PrCd_1_L	1.13128	-0.620887	0.161499	-0.103305	-0.212053	-0.591862	0.225499	-0.383611	-0.628963	-1.438103	-0.659907	-0.214028	0.425607	1.003736	0.406844	2.307152	-0.88347	1.890067	-1.003479	-0.371698	1.137015	-0.359337	-0.612412	-0.745472	0.244466	0.053412	-0.588607	-0.616506	-0.703197	0.924621	-0.40613	1.533497	-0.93023	-0.625797	-0.171465	-0.788611	0.692606	0.514632	0.72668	-0.547852	-0.210293	-0.233676	-1.012782	-0.76428	1.951132	0.109068	-0.400028	-0.889495	-0.642865	-0.244549	0.671151	2.488086	-0.375598	-0.875107	0.59159	0.34335	0.297533	-1.28541	-0.266443	-0.86073	2.646767	-0.402188	-0.909531	-0.809665	0.769029	-0.8815	-0.692457	-0.639766	-0.663335	-0.654087	-0.766308	-0.890505	0.201165	-0.957947	0.46516	-0.95518	-0.169974	-0.350371	-0.690756	1.693255	-0.265151	-0.085416	1.177987	-0.996506	2.413128	-0.707176	-0.097108	-0.641344	-0.43046	-0.236624	-0.773536	1.504623	-0.710826	0.143427	-0.704599	-0.507908	-0.852792	-0.431726	3.131973	-0.497786
DorsAttnA_PrCv_1_L	1.796117	-1.018083	2.633297	2.574901	-0.450437	-1.263605	0.951842	0.100671	-0.628963	-1.431931	-1.170663	-0.734038	-0.794995	0.372705	-0.481407	2.307152	-0.577424	2.362935	-1.003479	0.018626	2.301362	-1.014071	-0.197801	-0.342164	0.244466	1.026724	-0.784327	-1.044513	0.611816	1.55142	-1.282276	1.533497	-1.059114	1.637713	-0.171465	-0.307521	2.034129	0.514632	1.704869	-0.77511	-0.702884	-0.233676	1.679114	0.611517	1.951132	-1.191494	-0.529724	-1.263958	-1.107267	-0.244549	-0.476103	2.488086	-1.04886	-0.875107	2.14171	-0.447709	2.994713	-2.26899	-0.770819	-0.86073	-0.744316	-1.011119	0.185782	-0.418067	-0.520799	-0.8815	0.78519	-0.983363	-0.663335	-0.654087	-1.378112	-0.890505	1.474304	-0.957947	2.277081	-1.131008	-0.199639	2.643714	-1.08436	1.693255	-0.619959	-0.085416	1.845517	-0.830986	-1.134506	-0.655779	-0.097108	-1.149101	-1.302434	1.178435	-1.502734	-0.058133	-0.260701	-0.842548	-0.704599	0.758485	-0.434157	-0.764502	0.968104	-0.830613
DorsAttnA_SPL_1_L	-0.256047	-1.434433	0.02352	-0.834541	-0.646124	-0.798311	1.233827	-0.833765	-0.546831	-0.155011	-0.538154	-0.749658	0.46224	-0.194189	-0.876598	0.397732	-0.662166	-0.12251	0.38283	-1.123388	-0.75659	0.06139	-0.612412	-0.441347	-0.750017	0.053412	-0.798612	-0.974695	-1.233011	-0.768802	-1.008354	1.260385	-0.93023	-0.461924	-0.760582	-0.921751	0.348971	-0.037182	-0.852457	-0.575256	-0.714282	-0.15702	-1.070484	-0.951148	-0.228218	-1.26788	-0.435465	-0.889495	-0.902633	-0.990133	-0.257865	-0.069022	-0.526039	-0.875107	-0.884079	-0.447709	-0.298308	-2.26899	-0.566942	-1.075254	-0.516637	-0.755448	-0.014135	-0.809665	-0.891123	-0.610981	-0.46403	-0.639766	-0.504539	-0.755035	-1.537306	-0.38412	0.201165	-1.010181	1.190585	-0.91502	-0.71032	-0.350371	-1.031369	0.549077	-0.359973	-0.284037	-0.191775	-0.406006	0.017166	-0.707176	-0.973136	-1.034724	-1.261988	-0.557256	-0.34246	-0.969884	-0.486996	-0.651663	-0.497531	-1.17301	-1.652841	-1.056421	0.479846	0.936945
DorsAttnA_SPL_2_L	-0.933149	-0.942174	0.02352	0.622129	-0.98254	-0.798311	0.493441	0.861149	-0.546831	-0.155011	-1.188543	-0.562111	-1.030293	-0.73711	-1.051533	0.397732	-0.662166	-0.918342	0.38283	-1.123388	-0.75659	0.06139	0.055657	0.149339	0.563728	0.182156	-0.798612	1.004767	-0.02659	-0.768802	-1.282276	-1.000872	0.306271	-0.461924	-0.760582	-0.921751	-1.233218	-0.647746	0.437495	-0.693647	-0.402194	-0.858611	-1.070484	0.700763	-0.86623	1.029657	-0.435465	-0.706121	-0.642865	-0.353437	-1.011802	-0.021069	-0.080025	0.532697	-0.884079	-1.080903	-0.848373	-2.26899	-0.566942	-1.075254	-0.792327	-0.237809	-0.014135	-0.809665	-1.14172	0.277136	-0.258611	-0.983363	-0.669363	-0.881046	-1.537306	-0.908193	-0.804606	-1.010181	0.768839	0.426678	-1.765116	-0.769893	-1.375319	-0.665264	-0.471545	-1.125186	-0.191775	0.42826	-0.630008	-1.132494	-0.313005	-1.034724	-1.261988	-0.544721	1.588455	-1.60632	-0.260701	-0.735383	-0.497531	-0.556491	0.736974	-1.056421	-0.494292	-1.156184
DorsAttnA_TempOcc_1_L	-0.658093	-1.434433	0.492893	0.56902	-0.885008	-0.957698	2.30581	-1.823938	-1.086285	-1.215881	-1.170663	-0.993352	-1.081109	-0.15717	-0.347383	1.086592	-1.341257	0.177178	-1.27563	-1.102465	-0.524998	-1.166393	-0.168955	-1.333064	-0.956948	0.549692	-1.064581	-1.192134	-1.144606	-0.67781	-1.240794	0.273205	-1.298783	2.260072	-0.273266	-1.220232	2.178846	-0.551104	-0.012997	-0.940772	-1.028698	-0.477475	1.681549	-0.715361	1.510431	-1.525012	-1.015492	-1.762226	-1.147918	-0.990133	-1.450665	0.303599	-1.577799	-0.87381	-0.140019	-0.558055	1.905802	-2.26899	-0.895391	-1.250662	-0.792327	-1.091376	-0.218981	-1.154411	-0.997804	-1.026552	1.59047	-1.042446	-1.035147	-1.124707	-1.537306	-0.890505	-1.167866	-1.135428	-0.936137	-1.131008	0.599437	0.136044	-1.544735	0.831346	-1.33193	-1.045262	-0.542079	-1.23929	-1.134506	-0.655779	1.499017	-1.262356	-1.302434	-0.64548	-1.502734	-0.10201	-1.155814	-0.842548	-0.613224	-1.060135	-1.652841	-1.056421	0.218382	-0.367799
DorsAttnA_TempOcc_2_L	-0.658093	-1.434433	0.492893	0.56902	-0.885008	-0.957698	2.30581	-1.823938	-1.086285	-1.215881	-1.170663	-0.993352	-1.081109	-0.15717	-0.347383	0.262201	-1.341257	0.177178	-1.27563	-1.102465	-0.524998	-1.166393	-0.168955	-1.333064	-0.956948	0.182156	-0.880058	-1.192134	-1.144606	-0.67781	-1.240794	0.295732	-1.298783	2.260072	-0.273266	-0.709334	2.178846	-0.551104	-0.012997	-0.940772	-1.028698	-0.477475	1.681549	-0.715361	1.510431	-0.346335	-1.015492	-1.762226	-1.147918	-0.990133	-1.450665	0.405116	-1.577799	-0.87381	-0.140019	-0.558055	0.595082	-2.26899	-0.895391	-1.250662	-0.792327	-1.091376	1.686491	-1.154411	-0.997804	-1.026552	1.59047	-1.042446	-1.035147	-1.124707	-1.537306	-0.890505	-1.167866	-1.135428	-0.936137	-1.131008	1.5237	0.136044	-1.544735	0.831346	-1.33193	-1.045262	-0.542079	-1.23929	-1.134506	-0.655779	1.499017	-1.262356	-1.302434	1.97156	-1.502734	-0.10201	-1.155814	-0.842548	-0.613224	-1.060135	-1.652841	-1.056421	0.218382	-0.367799
DorsAttnA_TempOcc_3_L	-0.658093	-1.434433	0.492893	0.56902	-0.885008	-0.957698	2.30581	-1.823938	-1.086285	-1.215881	-1.170663	-0.993352	-1.081109	-0.15717	-0.347383	2.307152	-1.341257	-0.275682	-1.27563	-1.102465	-0.524998	-1.166393	-0.168955	-1.333064	-0.956948	0.182156	-1.064581	-1.192134	-1.144606	-0.67781	-1.240794	0.273205	-1.298783	2.260072	-0.273266	-0.709334	0.048103	-0.551104	0.731135	-0.940772	-1.028698	-0.477475	1.681549	-0.715361	0.326492	-1.525012	-1.015492	-1.762226	-1.147918	-0.990133	-1.450665	0.303599	-1.577799	-0.87381	-0.140019	-0.558055	0.595082	-2.26899	-0.895391	-1.250662	-0.792327	-1.091376	2.391556	-1.154411	-0.997804	-1.026552	-1.00544	-1.042446	-1.035147	-1.124707	-1.537306	-0.890505	-1.167866	-1.135428	-0.936137	-1.131008	1.5237	-0.075017	-1.544735	0.831346	-1.33193	-1.045262	-0.542079	-1.23929	-1.134506	-0.655779	1.499017	-1.262356	-1.302434	-0.544721	-1.502734	-0.10201	-1.155814	-0.842548	-0.613224	-1.060135	-1.652841	-1.341163	0.218382	-0.367799
DorsAttnA_TempPole_1_L	-0.921287	-0.942174	-0.839795	0.622129	-0.98254	-1.139372	-0.946734	-1.823938	-0.696106	-0.155011	-0.538154	-0.562111	-1.296508	-0.73711	-0.932819	-0.429946	-0.577424	-0.764193	-0.454853	-1.151069	-0.524998	-0.359337	-0.389709	0.329907	-0.165487	-0.967967	-0.193218	-1.083835	0.022253	-0.954966	-1.282276	-0.82572	-1.298783	-0.461924	-0.171465	-0.921751	-0.186538	-1.001991	-1.10813	-0.693647	1.440402	-0.15702	-1.063742	-0.701138	-0.876227	-1.26788	-0.54821	-1.263958	-1.147918	-0.990133	2.243278	-0.021069	-1.577799	-0.875107	-0.942226	0.350698	1.174727	-1.316109	-0.566942	-1.250662	-0.792327	-1.093866	-0.710927	-0.809665	-1.14172	-0.512763	-0.875436	-0.639766	-0.669363	-0.949552	-0.841353	-0.890505	0.201165	0.884147	-0.727143	-1.131008	-1.765116	-0.785265	-0.147829	-0.665264	2.319747	-1.125186	-0.932926	0.466917	-1.134506	-0.655779	-0.973136	-1.262356	-1.302434	0.082458	-1.431625	-1.60632	-0.622095	-1.002594	-0.613224	-1.120246	-0.015112	-1.341163	-0.158118	-0.367799
DorsAttnA_TempPole_2_L	-0.658093	-0.942174	-0.809529	0.622129	-0.212053	-1.139372	2.30581	0.100671	-0.752784	-0.155011	-0.538154	-0.993352	-1.081109	-0.15717	-1.051533	-1.162996	-1.097673	-0.757789	-1.003479	-1.151069	-0.524998	-0.340426	-0.632959	-0.257786	-1.002105	-0.80582	-0.193218	-0.235976	-1.144606	-1.004602	-1.574138	-1.000872	-1.10312	-0.214945	-0.171465	-1.220232	-1.233218	-1.001991	-0.706308	-0.940772	2.859336	-0.15702	-1.063742	0.700763	-0.86623	-0.346335	-0.54821	-0.706121	-1.147918	-0.990133	0.001568	-0.021069	-1.577799	-0.855951	-0.942226	-1.116581	-0.298308	-2.26899	-0.330184	-1.250662	-0.792327	-1.093866	-0.710927	-0.418067	-1.14172	-1.026552	-0.692457	-0.639766	-1.035147	-0.949552	-0.841353	-0.890505	-0.089545	0.26695	-0.936137	-0.98036	-1.765116	-0.633209	-0.356747	0.473906	1.846102	-0.934498	-0.542079	-1.23929	-0.630008	-0.655779	2.098037	-0.455831	-1.261988	-0.7726	-0.139798	-1.60632	-0.486996	-0.842548	-0.704599	-0.556491	-0.015112	-1.341163	-0.771698	-0.367799
DorsAttnB_FrMed_1_L	1.13128	-0.620887	0.565477	-0.103305	-0.212053	-0.591862	0.225499	-0.383611	-0.628963	-1.438103	-0.659907	-0.214028	0.425607	1.096039	0.406844	1.414977	-0.88347	1.890067	-1.003479	-0.371698	1.137015	-0.359337	-0.612412	-0.342164	0.244466	0.053412	-0.588607	-0.910188	-0.703197	0.924621	-1.240794	0.751771	-0.93023	-0.625797	-0.760582	-0.788611	0.692606	-0.037182	0.72668	-0.575256	-0.210293	-0.233676	0.384678	-0.76428	1.951132	-1.26788	-0.400028	-0.889495	-0.642865	-0.244549	-0.087805	-1.072106	-0.375598	-0.875107	0.59159	0.34335	0.297533	-1.28541	-0.266443	-0.86073	2.646767	-0.402188	-0.55492	-0.809665	0.769029	-0.8815	-0.692457	-0.639766	-0.663335	-0.654087	-0.766308	-0.890505	0.201165	-0.957947	1.190585	-0.95518	-0.169974	-0.633209	-0.690756	0.724923	-0.265151	-0.085416	1.177987	-0.996506	2.413128	-0.707176	-0.639555	-0.641344	-0.43046	-0.236624	-0.773536	1.504623	-0.710826	0.143427	-0.704599	-0.507908	-0.852792	-0.431726	3.131973	1.741427
DorsAttnB_ParOper_1_L	-0.256047	-0.942174	0.239984	2.574901	-0.98254	-1.139372	-0.457221	-1.823938	-0.696106	-0.155011	-1.188543	2.21315	-1.296508	-0.595969	-0.198287	-1.124217	-1.097673	-0.275682	-0.454853	-1.151069	-0.246309	-0.340426	-0.720649	-0.257786	-0.956948	-0.967967	1.953403	-0.932653	-1.144606	-0.954966	-1.240794	0.751771	-1.10312	-0.0357	-0.863325	-0.921751	0.881619	-1.047805	-1.10813	-0.575256	-0.599491	-0.15702	-1.209064	-0.701138	-0.539904	-1.206522	0.290938	-1.263958	-1.147918	-0.990133	0.001568	-0.846164	-1.297221	-0.875107	-0.140019	-0.447709	2.994713	-1.28541	-0.537645	-1.250662	-0.744316	-1.045208	1.686491	-0.809665	-1.14172	-0.840688	-0.692457	-0.639766	-1.035147	-0.755035	-0.841353	-0.890505	-0.804606	0.26695	2.277081	-1.131008	0.599437	1.61508	-0.356747	1.693255	-0.197956	-1.125186	-0.542079	0.42826	-1.134506	-1.132494	-0.097108	-1.149101	-1.261988	-0.7726	-0.139798	-1.60632	-0.622095	-0.842548	-0.895562	-0.507908	0.736974	-1.341163	-0.303421	-1.052553
DorsAttnB_PostC_1_L	-0.658093	-1.434433	0.161499	0.56902	-0.98254	-1.263605	0.493441	-0.383611	-0.696106	0.527377	-1.170663	-0.214028	-1.006531	0.372705	-1.051533	-1.124217	-1.097673	-0.764193	0.38283	-1.151069	-0.524998	-1.014071	-0.613424	0.329907	-1.060233	-0.967967	-0.798612	-0.660751	-1.144606	-0.954966	-1.240794	1.015571	0.192212	1.637713	-0.171465	-0.921751	0.206523	-1.001991	-1.10813	-0.940772	-0.599491	-0.15702	-1.031089	-0.701138	0.675574	-0.61156	-0.385439	-1.762226	-1.147918	-0.990133	2.243278	-0.021069	-1.577799	-0.87381	0.487289	-0.447709	1.174727	-0.477918	-0.566942	-0.60689	0.321308	-1.045208	0.185782	-0.59876	-1.522078	-0.8815	-0.508801	0.467906	-1.035147	-1.000899	-0.841353	-0.890505	-0.804606	-0.992019	-0.936137	-1.131008	1.289186	0.136044	-1.031369	1.693255	-1.33193	-1.125186	-0.542079	0.42826	-0.556901	-1.132494	-1.110832	-0.455831	-1.302434	-0.897268	-0.139798	-1.60632	-0.622095	-0.842548	-0.613224	-0.507908	-0.015112	-0.764502	-0.303421	-0.367799
DorsAttnB_PostC_2_L	-0.658093	-0.942174	0.161499	0.56902	-0.646124	-1.263605	0.493441	0.100671	-0.696106	-1.215881	-0.538154	-0.689786	1.608662	0.372705	-0.932819	-1.124217	-1.097673	-0.764193	-0.454853	-1.151069	-0.246309	-0.340426	-0.720649	-0.257786	-1.002105	-0.967967	1.953403	-1.083835	-0.02659	-0.768802	-1.240794	1.015571	-1.10312	-0.0357	-0.171465	-0.921751	0.881619	-1.047805	-1.10813	-0.492835	-1.028698	-0.15702	-1.063742	-0.701138	-0.539904	-0.61156	1.008346	-0.706121	-1.050126	-0.826722	2.243278	-0.069022	-0.375598	-0.87381	0.487289	-0.447709	1.174727	-2.26899	-0.566942	-0.626087	-0.744316	-1.045208	-0.014135	-0.526517	-1.14172	-0.8815	-1.00544	-0.876675	-1.035147	-0.755035	-0.841353	-0.890505	-1.167866	0.884147	-0.936137	-1.131008	1.289186	0.136044	-0.356747	0.831346	-1.33193	-1.125186	-0.542079	0.466917	-0.556901	-0.655779	-1.110832	-1.034724	-1.261988	-0.897268	-0.139798	-0.544633	-0.622095	-1.002594	-0.895562	-1.120246	-0.015112	-0.431726	-0.303421	-0.368066
DorsAttnB_PostC_3_L	-0.658093	-1.434433	0.161499	0.56902	-0.971826	-0.157688	-0.946734	-0.833765	-0.696106	-1.165755	-0.538154	-0.993352	-0.208679	-0.595969	-1.051533	0.735437	-0.88347	0.828454	-0.454853	-1.102465	-0.246309	-0.340426	-0.76817	-0.257786	-0.750017	-0.967967	-0.798612	-1.083835	-1.144606	-0.768802	-1.095836	1.015571	-1.298783	-0.0357	-0.171465	-0.66019	0.206523	0.514632	0.72668	-0.77511	-1.028698	-0.233676	-1.209064	-0.951148	-0.162408	-1.525012	-0.435465	-1.263958	-0.902633	-0.990133	-1.011802	-0.021069	-1.04886	-0.87381	0.487289	-0.447709	1.174727	-2.26899	-0.770819	-1.250662	-0.744316	-1.093866	1.280199	-0.809665	1.388213	-0.610981	-0.258611	-0.639766	-1.035147	-0.654087	-1.378112	-0.890505	0.201165	0.26695	-0.936137	-1.131008	1.289186	-0.350371	-1.375319	-0.026758	-1.154847	-1.045262	-0.542079	-0.996506	-0.457406	-0.655779	-0.973136	-1.149101	-1.261988	-0.625932	-1.502734	-1.183247	-0.608013	-1.002594	-0.497531	-0.640332	-1.652841	-1.341163	-0.303421	-0.367799
DorsAttnB_PrCd_1_L	1.13128	-0.620887	0.565477	-0.103305	-0.212053	-0.591862	0.225499	-0.383611	-0.628963	-1.438103	-0.659907	-0.214028	0.425607	1.208508	0.406844	2.307152	-0.577424	1.890067	-1.003479	-0.371698	1.137015	-0.359337	-0.612412	-0.745472	0.244466	0.053412	-0.588607	-0.910188	-0.703197	0.924621	-1.240794	0.751771	-0.93023	-0.625797	-0.171465	-0.788611	0.158788	-0.037182	0.72668	-0.547852	-0.210293	0.636831	0.384678	-0.76428	1.951132	0.109068	-0.400028	-0.889495	-0.642865	-0.244549	0.671151	2.488086	-0.375598	-0.875107	0.59159	0.34335	0.297533	-1.28541	-0.266443	-0.86073	2.646767	-0.402188	-0.55492	-0.809665	-0.520799	-0.8815	-0.692457	-0.639766	-0.663335	-0.654087	-0.766308	-0.890505	0.201165	-0.957947	1.190585	-0.91502	-0.169974	1.097918	-0.690756	0.724923	-0.265151	-0.085416	1.177987	-0.996506	2.413128	-0.707176	-0.639555	-0.641344	-0.43046	-0.027462	-0.773536	-0.058133	-0.710826	0.143427	-0.704599	-0.507908	-0.852792	-0.431726	3.131973	1.741427
DorsAttnB_PrCd_2_L	1.13128	-0.620887	0.565477	-0.103305	-0.212053	-0.591862	0.225499	-0.383611	-0.628963	-1.438103	-0.659907	-0.214028	0.425607	1.096039	0.406844	2.307152	-0.577424	1.890067	-1.003479	-0.371698	1.137015	-0.359337	-0.612412	-0.745472	0.244466	0.053412	-0.588607	-0.910188	-0.703197	0.924621	-1.240794	0.751771	-0.93023	-0.625797	-0.171465	-0.788611	0.692606	-0.037182	0.72668	-0.547852	-0.210293	0.636831	0.384678	-0.76428	1.951132	-1.26788	-0.400028	-0.889495	-0.642865	-0.244549	0.671151	2.488086	-0.375598	-0.875107	0.59159	0.34335	0.297533	-1.28541	-0.266443	-0.86073	2.646767	-0.402188	-0.55492	-0.809665	-0.520799	-0.8815	-0.692457	-0.639766	-0.663335	-0.654087	-0.766308	-0.890505	0.201165	-0.957947	1.190585	-0.91502	-0.169974	1.097918	-0.690756	0.724923	-0.265151	-0.085416	1.177987	-0.996506	2.413128	-0.707176	-0.639555	-0.641344	-0.43046	-0.236624	-0.773536	1.504623	-0.710826	0.143427	-0.704599	-0.507908	-0.852792	-0.431726	3.131973	1.741427
DorsAttnB_PrCv_1_L	-0.256047	-1.434433	2.633297	2.574901	-0.450437	-0.591862	0.225499	-0.383611	-0.628963	-1.431931	-0.538154	-0.214028	-0.794995	0.372705	0.406844	-0.505996	-0.577424	-0.918342	-1.003479	0.018626	1.137015	-1.014071	-0.612412	-0.745472	-1.060233	1.026724	-0.588607	-0.910188	-0.703197	-0.768802	-1.240794	1.533497	-0.93023	1.637713	-0.171465	-0.921751	0.692606	0.514632	1.704869	-0.225311	-0.702884	-0.233676	0.733174	-0.951148	1.951132	-1.191494	-0.400028	-0.889495	-0.642865	-0.867076	0.671151	-0.021069	-1.04886	-0.875107	0.59159	-0.447709	2.994713	-2.26899	-0.770819	-0.86073	-0.516637	-1.011119	0.185782	-0.809665	-0.763051	-0.8815	-0.692457	-0.983363	-0.663335	-0.654087	-1.378112	-0.890505	0.201165	-0.957947	2.277081	-1.131008	-0.199639	2.643714	-0.690756	1.693255	-0.265151	-1.125186	1.177987	-0.996506	-0.457406	-0.655779	-0.321574	-1.149101	-1.261988	1.178435	-0.773536	-0.058133	-0.710826	-0.842548	-0.895562	-0.507908	-0.852792	-0.796568	0.968104	-0.497786
DorsAttnB_SPL_1_L	-0.658093	-0.415173	0.239984	-0.634973	1.181417	-0.798311	1.233827	-0.833765	-0.696106	-1.215881	-1.188543	-0.993352	-1.296508	-0.595969	-0.932819	0.735437	-0.669642	-0.757789	-1.003479	-0.354142	-0.75659	0.563169	-0.612412	0.329907	-1.002105	-0.967967	-0.798612	-0.660751	0.084319	-0.768802	-1.574138	1.015571	-1.059114	-0.0357	-0.171465	0.620557	-1.233218	-1.047805	-1.10813	-0.940772	-0.702884	-0.858611	-1.031089	-0.701138	-0.228218	-0.346335	0.290938	-0.889495	-1.107267	-0.990133	2.243278	-0.846164	-1.577799	-0.87381	-0.140019	0.350698	-0.317342	-2.26899	-0.566942	-1.250662	-0.516637	-1.093866	-0.322305	-0.809665	-0.763051	-0.610981	-0.933021	0.467906	-0.663335	-1.000899	-1.537306	-0.890505	0.201165	0.26695	-0.936137	-1.131008	-1.765116	-0.785265	-0.356747	-0.026758	2.319747	-1.125186	-0.542079	-0.996506	-1.134506	-1.132494	-0.973136	-1.262356	-1.261988	-0.7726	-0.139798	0.617341	-1.174881	-0.720371	-0.497531	-1.120246	-0.015112	-1.056421	-0.158118	-0.367799
DorsAttnB_SPL_2_L	-0.256047	-1.434433	0.02352	0.622129	-0.646124	-0.798311	1.233827	-0.833765	-0.546831	-0.155011	-0.538154	-0.749658	-1.030293	-0.595969	-0.198287	0.262201	-0.117506	-0.12251	0.38283	-1.123388	-0.75659	-0.340426	0.008079	-0.441347	-0.750017	-0.967967	-0.798612	-0.974695	-1.233011	-0.768802	-1.240794	1.260385	0.306271	-0.461924	-0.760582	-0.66019	0.348971	-1.047805	1.704869	-0.575256	-0.714282	-0.15702	1.241527	-0.951148	-0.228218	1.901101	-0.435465	-0.889495	-0.73479	-0.990133	-0.257865	-0.069022	-0.526039	-0.875107	0.487289	-0.447709	-0.298308	-0.477918	-0.566942	-1.075254	-0.516637	-0.755448	-0.218981	-0.809665	-0.891123	-0.610981	-0.46403	-0.639766	-0.504539	-0.755035	1.524493	-0.38412	0.201165	-0.992019	1.190585	-0.91502	-0.71032	-0.350371	0.340193	0.549077	-0.600177	-0.284037	-0.191775	-0.406006	0.017166	-0.707176	-0.973136	-1.034724	-1.261988	-0.544721	-1.07908	-1.183247	-0.486996	-0.651663	-0.497531	-0.640332	-0.852792	-1.056421	-0.303421	1.268895
DorsAttnB_SPL_3_L	-0.256047	-1.434433	0.02352	0.622129	-0.646124	-0.798311	1.233827	-0.833765	-0.546831	-0.155011	-0.538154	-0.749658	-1.030293	-0.73711	-0.876598	0.397732	-0.662166	-0.275682	0.38283	-1.123388	-0.75659	0.06139	0.008079	-0.441347	-0.750017	0.182156	-0.798612	-0.974695	-1.233011	-0.768802	-1.008354	1.260385	0.306271	-0.461924	-0.760582	-0.921751	0.348971	-1.047805	0.437495	-0.492835	0.189684	-0.15702	1.241527	-0.486132	-0.228218	1.067327	-0.435465	0.045323	-0.498287	-0.990133	-0.257865	-0.069022	-1.201596	-0.87381	1.696332	-0.447709	-0.298308	-0.477918	-0.566942	-1.075254	0.321308	-0.755448	0.190695	-0.809665	-0.891123	-0.610981	-0.46403	-0.639766	-0.504539	-0.755035	-1.537306	-0.38412	-0.804606	-0.992019	-0.435026	-0.91502	-0.71032	-0.485749	0.340193	0.549077	-0.359973	-0.284037	-0.191775	0.42826	0.017166	-0.208867	-0.639555	-1.034724	-1.261988	-0.544721	1.588455	-1.183247	-0.486996	-0.651663	-0.497531	-0.507908	-1.652841	-1.056421	0.479846	-1.052553
DorsAttnB_SPL_4_L	-0.256047	-1.434433	0.02352	-0.834541	-0.646124	-0.798311	1.233827	-0.833765	-0.546831	-0.155011	-0.538154	-0.749658	-1.030293	-0.194189	-0.082984	0.397732	-0.662166	-0.12251	0.38283	-1.123388	-0.75659	0.06139	0.008079	-0.441347	-0.750017	0.182156	-0.798612	-0.974695	-1.233011	-0.768802	-1.008354	1.260385	-0.93023	-0.461924	-0.760582	-0.66019	0.348971	-0.647746	1.704869	-0.575256	-0.714282	-0.15702	1.241527	-0.951148	-0.228218	-1.26788	-0.435465	-0.889495	-0.73479	-0.990133	-0.257865	-0.067497	-0.526039	-0.875107	0.487289	-0.447709	-0.298308	-0.477918	-0.566942	-1.075254	-0.516637	-0.755448	-0.014135	-0.809665	-0.891123	-0.610981	-0.46403	-0.639766	-0.504539	-0.755035	-1.378112	-0.38412	0.201165	-1.010181	1.190585	-0.91502	-0.71032	-0.350371	-1.031369	0.549077	-0.600177	-0.284037	-0.191775	-0.406006	0.017166	-0.707176	-0.973136	-1.034724	-1.261988	-0.027462	-1.07908	-0.969884	-0.486996	-0.651663	-0.497531	-0.507908	-1.652841	-1.056421	0.479846	-0.471132
Aud_Ins_1_L	-0.256047	-1.434433	0.565477	0.161311	-0.450437	-0.798311	0.225499	0.100671	-0.628963	-1.165755	-1.170663	-0.214028	0.425607	-0.595969	0.794494	2.307152	-0.577424	-0.275682	-1.003479	0.018626	-0.524998	0.06139	0.055657	-0.342164	-1.060233	1.026724	-0.588607	1.004767	0.022253	-0.768802	0.076028	0.751771	-0.93023	0.406088	-0.171465	-0.921751	2.034129	-0.647746	1.704869	-0.547852	0.189684	-0.15702	1.679114	-0.951148	0.675574	1.029657	-0.400028	0.045323	1.214767	-0.244549	0.671151	-0.021069	-0.375598	0.532697	1.696332	-0.447709	-0.298308	-2.26899	-0.330184	-0.86073	-0.744316	-1.011119	0.190695	-0.809665	-0.424673	-0.8815	-0.692457	-0.639766	-0.669363	-0.755035	-0.766308	-0.38412	0.201165	-0.957947	2.277081	-0.91502	0.599437	-0.485749	-1.08436	0.549077	-0.619959	-1.125186	1.845517	-0.830986	0.017166	-0.707176	-0.097108	-1.034724	-1.261988	0.92381	-0.34246	-0.058133	-0.260701	-0.651663	-0.895562	-0.507908	-0.434157	-0.06265	0.968104	-0.367799
Aud_ParOcc_1_L	-0.658093	-1.434433	-0.688	0.56902	-0.885008	-0.798311	2.30581	-1.823938	-1.086285	-1.215881	-1.170663	-0.993352	-1.081109	-0.15717	-1.051533	0.262201	-1.341257	0.177178	-1.27563	-1.102465	-0.246309	-1.166393	-0.720847	-1.333064	-0.956948	-0.80582	-1.064581	-1.083835	-1.144606	-0.67781	-1.574138	0.273205	-1.10312	2.260072	-0.273266	-1.220232	0.048103	-0.551104	-0.107474	-0.940772	-1.028698	-0.477475	1.681549	-0.951148	1.510431	-1.525012	-1.015492	-1.762226	-1.147918	-0.990133	-1.450665	0.303599	-1.577799	-0.87381	-0.140019	-0.558055	0.595082	-2.26899	-0.895391	-1.250662	0.26611	-1.093866	2.391556	-1.154411	-0.997804	-0.610981	-0.258611	-1.042446	-1.035147	-1.124707	-1.537306	-0.890505	-1.167866	-0.992019	-0.936137	-1.131008	0.599437	0.136044	-1.544735	-0.026758	-1.33193	-1.045262	-0.542079	-1.23929	-0.856147	-0.655779	-0.564709	-1.262356	-1.261988	-0.64548	-0.964407	-0.10201	-1.155814	-0.842548	-0.613224	-1.060135	-1.652841	-1.056421	-0.158118	-0.367799
Aud_ST_1_L	-0.658093	-1.434433	0.02352	0.56902	1.181417	-0.798311	0.225499	-0.833765	-0.546831	-1.165755	-1.170663	-0.993352	-1.081109	-0.595969	0.794494	0.735437	-0.662166	-0.275682	-1.003479	-1.102465	-0.524998	0.06139	-0.76817	-0.441347	-0.956948	0.182156	-0.798612	-1.192134	-1.144606	-0.768802	-1.240794	0.295732	-0.93023	-0.0357	-0.171465	-0.66019	2.034129	-1.047805	1.704869	-0.547852	1.440402	-0.201395	1.218014	-0.951148	-0.539904	-1.525012	-0.435465	-0.889495	-0.642865	-0.990133	-1.450665	-0.846164	-0.526039	-0.87381	-0.140019	-0.558055	1.174727	-2.26899	-0.895391	-1.075254	-0.792327	-1.093866	2.391556	-0.809665	-0.891123	-0.610981	1.59047	-0.876675	-0.504539	-0.755035	-0.766308	-0.38412	-1.167866	-0.992019	-0.936137	0.373112	0.599437	-0.075017	-1.031369	-0.026758	-0.600177	-0.284037	-0.542079	-0.406006	0.017166	-0.655779	0.079101	-1.262356	-1.261988	0.082458	-1.502734	-1.183247	-0.486996	-0.651663	-0.613224	-1.17301	-0.852792	-1.056421	-0.158118	-0.367799
Aud_ST_2_L	-0.658093	-1.434433	-0.688	0.56902	-0.885008	-1.263605	2.30581	-1.823938	-1.086285	-1.165755	-1.170663	-0.993352	-1.030293	-0.15717	-0.347383	0.179877	-1.341257	-0.275682	-1.27563	-1.102465	-0.246309	-1.166393	-0.76817	-1.333064	-0.956948	0.549692	-1.064581	-1.083835	-1.144606	-0.67781	-1.240794	0.094517	-1.298783	-0.0357	-0.273266	-0.709334	2.034129	-1.047805	0.731135	-0.940772	-1.028698	-0.201395	1.218014	-0.715361	1.510431	-1.525012	-1.015492	-1.762226	-1.147918	-0.990133	-1.450665	-0.424692	-1.577799	-0.87381	-0.140019	-0.558055	1.905802	-2.26899	-0.895391	-1.250662	-0.792327	-1.093866	2.391556	-1.154411	-0.997804	-1.026552	1.59047	-1.042446	-1.035147	-1.124707	-1.537306	-0.890505	-1.167866	-0.992019	-0.936137	-1.131008	1.289186	0.136044	-1.544735	-0.026758	-1.33193	-1.045262	-0.542079	-1.23929	-1.134506	-0.655779	-0.564709	-1.262356	-1.302434	1.97156	-1.502734	-0.10201	-1.155814	-0.842548	-0.613224	-1.060135	-1.652841	-1.341163	-0.158118	-0.367799
Aud_ST_3_L	-0.658093	-1.434433	-0.688	0.161311	-0.885008	-1.263605	2.30581	-1.823938	-1.086285	-1.165755	-1.170663	-0.993352	-0.208679	-0.595969	-0.347383	0.109273	-1.341257	-0.988713	-1.27563	-1.102465	-0.246309	-1.166393	-0.76817	-1.333064	-0.956948	-0.967967	-1.064581	-1.083835	-1.144606	-0.67781	-1.574138	0.399171	-1.298783	-0.0357	-0.273266	-1.220232	2.034129	-1.047805	0.731135	-0.940772	-1.028698	-0.201395	1.681549	-0.715361	1.510431	-1.525012	-1.015492	-1.762226	-1.147918	-0.990133	-1.450665	-0.069022	-1.577799	-0.87381	-0.140019	-0.558055	-0.612584	-2.26899	-0.895391	-1.250662	-0.792327	-1.093866	-0.07946	-1.154411	-0.520799	-1.026552	1.59047	-0.639766	-1.035147	-1.124707	-1.537306	-0.890505	-1.167866	-0.992019	-0.936137	-1.131008	0.599437	-0.485749	-1.031369	-0.026758	-1.33193	-1.045262	-0.542079	-1.23929	-1.134506	-0.655779	0.079101	-1.262356	-1.261988	0.082458	-1.502734	0.295586	-1.155814	-0.842548	-0.613224	-1.17301	-1.652841	-1.341163	0.218382	-0.367799
Aud_ST_4_L	-0.658093	-1.434433	0.239984	0.161311	-0.971826	-0.798311	2.30581	0.861149	-0.752784	0.882871	-1.170663	2.21315	-1.081109	-0.507278	-1.051533	0.109273	2.193893	-0.988713	-1.003479	-1.151069	-0.524998	-0.180744	-0.613424	0.329907	-1.060233	1.026724	-0.193218	-1.083835	-1.144606	-0.954966	-1.574138	0.399171	-1.10312	0.406088	0.145757	-0.66019	0.158788	-0.647746	0.731135	-0.547852	-0.599491	-0.384487	-1.063742	-0.951148	-0.876227	0.109068	-0.54821	-1.263958	-1.147918	-0.109085	2.243278	-0.021069	-0.080025	-0.87381	-0.942226	1.121047	-0.612584	-2.26899	-0.566942	-0.550756	0.26611	-1.093866	0.190695	-0.526517	-1.14172	-0.8815	-0.258611	-0.639766	-0.669363	-0.654087	-0.841353	-0.890505	0.201165	2.132123	-0.936137	-1.131008	0.599437	-0.485749	-1.375319	-0.026758	-1.33193	-1.125186	-0.191775	-1.23929	-0.630008	-1.132494	1.634615	-0.455831	-0.432535	-0.236624	-1.502734	-0.969884	-0.260701	-0.842548	-0.613224	-0.507908	0.736974	-1.341163	0.218382	-0.367799
Aud_ST_5_L	-0.658093	-1.434433	-0.688	0.56902	-0.971826	-1.263605	-0.946734	-1.823938	-1.086285	-1.165755	-1.170663	-0.993352	-0.208679	-0.15717	-0.347383	0.735437	-1.341257	-0.275682	-1.27563	-1.102465	-0.246309	-1.166393	0.157489	-1.333064	-0.956948	-0.967967	-1.064581	-1.083835	-1.144606	-0.67781	-1.574138	0.094517	-1.298783	-0.0357	-0.273266	-0.709334	-1.19973	-0.647746	-0.852457	-0.940772	-1.028698	-0.477475	0.444903	-0.951148	-0.539904	-1.525012	-1.015492	-1.762226	-1.147918	-0.990133	-1.450665	0.303599	-1.577799	-0.87381	0.487289	-0.558055	1.174727	-2.26899	-0.895391	-1.250662	-0.792327	-1.093866	-0.322305	-1.154411	-0.424673	-1.026552	-1.00544	-0.639766	-1.035147	-1.124707	-1.537306	-0.890505	-1.167866	-0.992019	-0.936137	-1.131008	0.599437	0.136044	-1.544735	-0.026758	-1.33193	-1.045262	-0.542079	-1.23929	-1.134506	-0.655779	-0.564709	-1.262356	-1.261988	0.082458	-1.502734	-0.058133	-1.155814	-0.842548	-0.613224	-1.17301	-1.652841	-1.341163	-0.158118	-0.367799
Aud_ST_6_L	-0.658093	-1.434433	-0.688	0.56902	-0.885008	-1.263605	2.30581	-1.823938	-1.086285	-1.215881	-1.170663	-0.993352	-1.081109	-0.15717	-0.347383	0.735437	-1.341257	0.177178	-1.27563	-1.102465	-0.246309	-1.166393	-0.76817	-1.333064	-0.956948	-0.967967	-0.798612	-1.192134	-1.144606	-0.67781	-1.240794	0.399171	-1.298783	-0.0357	-0.273266	-0.709334	2.034129	-1.047805	0.731135	-0.940772	-1.028698	-0.201395	0.884269	-0.715361	1.510431	-1.525012	-1.015492	-1.762226	-1.147918	-0.990133	-1.450665	-0.424692	-1.577799	-0.87381	-0.140019	-0.558055	1.174727	-2.26899	-0.895391	-1.250662	-0.792327	-1.093866	1.280199	-1.154411	-0.997804	-1.026552	-1.00544	-1.042446	-1.035147	-1.124707	-1.537306	-0.890505	-1.167866	-0.992019	-0.936137	-1.131008	1.289186	0.136044	-1.544735	-0.026758	-1.33193	-1.045262	-0.542079	-1.23929	-1.134506	-0.655779	-1.322237	-1.262356	-1.302434	2.319506	-1.502734	-0.10201	-1.155814	-0.842548	-0.613224	-1.17301	-1.652841	-1.341163	-0.158118	-0.367799
Aud_ST_7_L	-0.658093	-1.434433	-0.688	0.161311	-0.971826	-0.798311	2.30581	-1.823938	-1.086285	0.882871	-0.538154	-0.993352	-0.208679	-0.15717	-1.051533	0.109273	-1.341257	-0.988713	-1.27563	-1.102465	-0.246309	-1.166393	-0.720847	-1.333064	-0.956948	1.026724	-0.798612	-1.083835	-1.144606	-0.768802	-1.095836	0.399171	-1.298783	-0.0357	-0.171465	-1.285912	0.158788	-0.647746	0.731135	-0.547852	-1.028698	-0.477475	1.218014	-0.951148	-0.876227	-1.525012	-1.015492	-1.263958	-1.147918	-0.990133	-1.011802	-0.424692	-1.04886	-0.87381	-0.140019	-0.558055	1.905802	-2.26899	-0.770819	-1.250662	-0.792327	-1.093866	-0.07946	-1.154411	-0.520799	-0.610981	-0.258611	-0.577914	-1.035147	-0.654087	-1.537306	-0.890505	-1.167866	0.26695	-0.936137	-1.131008	1.289186	-0.485749	-1.375319	-0.026758	-1.154847	-1.045262	-0.542079	-1.23929	-0.457406	-0.655779	0.079101	-1.262356	-1.261988	-0.897268	-1.502734	-1.183247	-0.608013	-0.842548	-0.613224	-1.17301	-1.652841	-1.341163	0.218382	-0.830613
Aud_TempPole_1_L	-0.658093	-0.942174	-0.688	0.622129	-0.98254	-1.139372	-0.892475	-1.823938	-0.628963	0.882871	-1.170663	-0.214028	-1.296508	-0.15717	-0.932819	-0.505996	-1.097673	-0.988713	-1.003479	-1.151069	-0.524998	-0.340426	-0.389709	-0.257786	-1.002105	2.450449	-0.193218	-0.660751	0.022253	-0.954966	-1.240794	-1.23097	-1.298783	0.406088	-0.863325	-0.921751	0.158788	-1.047805	-0.012997	-0.492835	-0.702884	0.385199	-1.031089	-0.701138	-0.876227	-0.61156	-0.400028	-0.889495	-1.147918	-0.109085	2.243278	-1.177605	-1.201596	-0.87381	-0.884079	-1.116581	-0.612584	-2.26899	-0.566942	-0.86073	-0.625402	0.724551	-0.014135	-0.159625	-1.14172	-0.8815	-0.3665	-0.876675	-1.035147	-1.000899	-0.841353	-0.890505	-1.167866	-1.010181	-1.331433	-1.131008	0.599437	-0.075017	-0.356747	-0.026758	-0.619959	-1.125186	-0.542079	0.466917	-1.134506	-0.655779	0.079101	-0.455831	-1.261988	-0.236624	1.588455	-1.183247	-0.622095	-1.002594	-0.895562	-1.060135	-0.015112	-1.056421	-0.494292	-0.367799
SomMotA_ParOper_1_L	-0.658093	-0.942174	0.161499	0.56902	-0.646124	-1.139372	-0.932211	0.100671	-0.696106	-0.155011	-0.538154	2.21315	0.152441	-0.595969	-1.051533	-1.124217	-0.669642	-0.275682	0.302861	-1.123388	-0.75659	-0.340426	-0.76817	0.329907	-0.956948	-0.967967	1.953403	-1.044513	-1.233011	-0.954966	-1.574138	1.015571	0.192212	-0.0357	-0.171465	-0.921751	0.881619	-1.047805	-1.10813	-0.940772	-1.028698	-0.190681	-1.209064	-0.951148	-0.539904	-0.851618	-0.385439	-0.074745	-1.147918	-0.109085	2.243278	-0.846164	-1.297221	-0.87381	-0.140019	-0.447709	-0.298308	-2.26899	-0.895391	-0.60689	-0.945942	-1.093866	0.185782	-0.809665	-0.997804	-1.026552	-0.46403	-0.876675	-0.669363	-1.000899	-0.841353	-0.890505	0.201165	-1.010181	-0.936137	-1.131008	1.289186	1.61508	-0.356747	-0.714039	-1.33193	-1.045262	-0.542079	0.42826	-0.630008	-1.132494	1.499017	-0.455831	-1.261988	-0.739551	-0.139798	-0.544633	-1.155814	-0.842548	-0.895562	-0.507908	-0.015112	-1.341163	-0.158118	-1.156184
SomMotA_1_L	1.13128	-0.620887	0.565477	-0.834541	-0.212053	-0.798311	0.225499	-0.383611	-0.628963	-1.438103	-0.538154	-0.749658	-1.030293	1.208508	0.406844	2.307152	-0.88347	-0.12251	-1.003479	-0.371698	1.137015	-0.359337	-0.612412	-0.745472	-1.060233	0.053412	-0.588607	-0.910188	-0.703197	0.924621	0.139096	1.260385	-0.93023	-0.625797	-0.760582	-0.66019	0.348971	-0.037182	0.72668	-0.547852	-0.714282	0.636831	0.384678	-0.76428	-0.228218	-1.26788	-0.400028	-0.889495	-0.642865	-0.990133	-0.257865	1.429888	-0.375598	-0.875107	0.969877	0.34335	0.297533	-0.477918	-0.266443	-0.851331	-0.516637	-0.402188	-0.014135	-0.809665	-0.424673	-0.8815	-0.125159	-0.639766	-0.504539	-0.755035	-0.766308	-0.38412	0.201165	-0.957947	1.190585	-0.95518	-0.169974	-0.633209	0.574555	1.693255	-0.359973	-0.284037	1.177987	-0.996506	-0.457406	-0.707176	-0.639555	-0.641344	-0.43046	-0.027462	-0.773536	-0.058133	-0.710826	-0.651663	-0.497531	-0.507908	-0.852792	-0.083725	3.131973	-0.497786
SomMotA_2_L	1.13128	-0.620887	0.161499	-0.103305	-0.212053	-0.591862	0.225499	-0.383611	-0.546831	-1.438103	-0.659907	-0.749658	0.425607	1.208508	0.406844	2.307152	-0.88347	1.890067	-1.003479	-0.371698	1.137015	-0.359337	-0.612412	-0.745472	0.244466	0.053412	-0.588607	-0.910188	-0.703197	0.924621	-1.240794	1.533497	-0.93023	-0.625797	-0.171465	-0.788611	0.980182	-0.037182	0.72668	-0.547852	-0.210293	0.636831	0.384678	-0.76428	0.675574	-1.26788	-0.400028	-0.889495	-0.642865	-0.244549	0.671151	2.488086	-0.375598	-0.875107	0.969877	0.34335	0.297533	-1.28541	-0.266443	-0.86073	2.646767	-0.402188	0.185782	-0.809665	-0.891123	-0.8815	-0.692457	-0.639766	-0.663335	-0.654087	-0.766308	-0.890505	0.201165	0.697544	0.46516	-0.91502	-0.169974	-0.350371	0.574555	1.693255	-0.265151	-0.085416	1.177987	-0.996506	-0.457406	-0.707176	-0.639555	-0.641344	-0.43046	-0.236624	-0.773536	1.504623	-0.710826	0.143427	-0.704599	-0.507908	-0.852792	-0.431726	3.131973	-0.497786
SomMotA_3_L	-0.658093	-1.434433	0.161499	0.56902	-0.646124	-0.591862	0.493441	-0.833765	-0.546831	-1.438103	-1.170663	-0.749658	-0.794995	1.208508	-1.051533	0.735437	-0.662166	0.828454	-0.316166	-1.102465	-0.246309	0.06139	-0.612412	-0.441347	-0.956948	0.182156	-0.798612	-0.974695	-1.144606	-0.768802	-1.574138	1.015571	-0.93023	-0.0357	-0.760582	-0.66019	0.881619	-0.037182	0.72668	-0.547852	-0.714282	-0.233676	1.241527	-0.951148	0.675574	-1.26788	-0.400028	-0.889495	-0.73479	-0.990133	-0.257865	-0.069022	-0.375598	-0.875107	0.969877	-0.558055	0.297533	-2.26899	-0.895391	-0.851331	-0.516637	-0.402188	-0.014135	-0.809665	-0.891123	-0.610981	1.59047	-0.639766	-0.504539	-0.654087	-1.537306	-0.38412	0.201165	0.26695	-0.936137	-0.91502	-0.199639	-0.350371	-1.031369	0.831346	0.142409	-0.284037	-0.542079	-0.406006	0.017166	-0.707176	-0.639555	-1.262356	-1.261988	2.319506	-1.07908	-1.183247	-0.622095	-0.651663	-0.497531	-0.507908	-1.652841	-1.056421	-0.303421	-0.367799
SomMotA_4_L	-0.658093	-1.018083	0.161499	0.56902	0.552787	-0.798311	1.233827	0.215061	-0.696106	-1.438103	-0.538154	2.21315	-0.794995	1.003736	-0.481407	-1.124217	-1.097673	-0.764193	0.38283	0.018626	-0.75659	-0.180744	-0.632959	-0.257786	0.244466	-0.967967	-0.798612	-1.083835	-1.144606	-0.768802	-1.282276	1.015571	0.306271	-0.0357	-0.171465	-1.285912	0.206523	-0.079557	-1.10813	-0.492835	-0.599491	-0.201395	-1.209064	-0.951148	-0.539904	-0.61156	-0.54821	-0.706121	-0.902633	-0.990133	-0.257865	-0.424692	-1.04886	-0.87381	0.487289	-0.558055	0.297533	-2.26899	-0.566942	-0.86073	-0.744316	-1.093866	-0.218981	-0.526517	-0.763051	-0.8815	-0.508801	-0.639766	-1.035147	-1.124707	-0.766308	-0.890505	0.201165	0.26695	-0.936137	-1.131008	-1.765116	-0.350371	0.376325	0.831346	2.319747	-1.045262	-0.542079	-0.830986	-0.630008	-0.655779	-0.584598	-1.262356	-1.261988	-0.7726	-1.502734	-1.183247	-0.622095	-0.842548	-0.895562	-1.060135	2.070396	-1.056421	-0.303421	-0.367799
SomMotA_5_L	-0.658093	-1.434433	0.161499	0.56902	-0.646124	-1.263605	0.225499	-1.319419	-0.696106	0.882871	-0.538154	2.21315	-1.296508	0.372705	-0.198287	0.109273	-0.669642	-0.764193	-1.003479	-1.151069	-0.524998	-0.340426	-0.613424	0.329907	-1.060233	-0.80582	-0.193218	-1.083835	0.022253	-0.768802	-1.240794	1.533497	-1.298783	-0.0357	-0.863325	-0.921751	-1.19973	-0.474157	0.72668	-0.940772	-0.702884	-0.233676	-1.209064	-0.951148	0.675574	-1.26788	-0.54821	-1.263958	-1.147918	-0.990133	0.001568	-0.021069	-1.577799	-0.875107	0.969877	-0.447709	0.297533	-2.26899	-0.566942	-0.60689	-0.744316	-1.045208	0.185782	-0.809665	-1.14172	-0.8815	-0.692457	-0.876675	-0.669363	-0.949552	-0.766308	-0.890505	0.201165	-1.010181	-0.936137	-1.131008	-1.765116	0.136044	-0.356747	1.693255	-1.33193	-1.045262	-0.542079	0.42826	-0.630008	-0.655779	-0.652822	-0.455831	-1.261988	-0.739551	-1.502734	0.617341	-1.155814	-1.002594	-0.704599	-1.120246	-1.652841	-0.69096	-0.303421	-0.367799
SomMotA_6_L	-0.256047	-0.620887	0.02352	-0.834541	-0.646124	-0.798311	1.233827	-0.833765	-0.546831	-0.155011	-0.538154	-0.749658	-1.030293	-0.194189	0.406844	0.397732	-0.117506	-0.12251	0.38283	-1.123388	1.137015	0.06139	0.630741	-0.441347	-0.750017	0.053412	-0.798612	-0.974695	-1.233011	-0.768802	-1.008354	1.260385	0.306271	0.406088	-0.171465	-0.66019	0.348971	-0.647746	1.704869	-0.575256	-0.714282	-0.175776	1.241527	-0.951148	-0.228218	1.901101	-0.435465	-0.889495	-0.73479	-0.990133	-0.257865	-0.069022	-0.526039	-0.875107	0.969877	0.34335	-0.298308	-0.477918	-0.566942	-0.851331	-0.516637	-0.755448	-0.014135	-0.809665	-0.891123	-0.610981	-0.46403	-0.639766	-0.504539	-0.755035	-1.378112	-0.38412	0.201165	-1.010181	1.190585	-0.95518	-0.71032	-0.350371	0.574555	0.549077	-0.600177	-0.284037	-0.191775	-0.406006	0.017166	-0.707176	-0.639555	-1.262356	-1.261988	-0.027462	-0.34246	-0.058133	-0.486996	-0.651663	-0.497531	1.713424	-0.852792	-1.056421	0.479846	0.549825
SomMotA_7_L	-0.256047	-0.620887	0.02352	0.622129	-0.646124	-0.798311	0.225499	-0.833765	-0.546831	-1.438103	-0.538154	-0.749658	-1.030293	1.208508	-0.082984	0.735437	-0.662166	0.828454	0.38283	-0.371698	1.137015	0.06139	-0.613424	-0.441347	-1.060233	0.182156	-0.798612	-0.974695	-1.233011	-0.768802	-1.008354	1.260385	-0.93023	0.406088	-0.760582	-0.66019	0.348971	-0.037182	1.704869	-0.575256	-0.714282	-0.15702	1.241527	-0.951148	-0.228218	-1.26788	-0.435465	-0.889495	-0.73479	-0.990133	-0.257865	-0.069022	-0.526039	-0.875107	0.969877	-0.447709	-0.298308	-0.477918	-0.566942	-1.075254	-0.516637	-0.755448	-0.218981	-0.809665	-0.891123	-0.610981	-0.46403	-0.639766	-0.504539	-0.755035	-1.537306	-0.38412	0.201165	-1.010181	1.190585	-0.95518	-0.71032	-0.350371	0.340193	-0.026758	-0.600177	-0.284037	-0.191775	-0.996506	0.017166	-0.707176	-0.973136	-1.262356	-1.261988	2.319506	-1.07908	-1.183247	-0.486996	-0.651663	-0.497531	-1.17301	-0.852792	-1.056421	-0.303421	1.268895
SomMotA_8_L	-0.658093	-1.434433	0.161499	0.56902	-0.885008	-1.263605	2.30581	-1.823938	-1.086285	-1.431931	-0.538154	-0.993352	-0.208679	-0.595969	-0.347383	1.414977	-0.88347	0.828454	-0.454853	-1.102465	-0.246309	-1.014071	-0.76817	-0.257786	-0.956948	0.182156	-1.064581	-1.083835	-1.144606	-0.67781	-1.574138	1.015571	-1.298783	-0.0357	-0.171465	-0.709334	0.881619	-0.474157	-1.10813	-0.77511	-0.702884	-0.233676	-1.063742	-0.715361	-0.876227	-1.191494	-1.015492	-1.263958	-0.73479	-0.990133	0.671151	-0.021069	-1.577799	-0.875107	2.14171	2.043961	1.174727	-2.26899	-0.770819	-1.250662	-0.945942	-1.093866	0.190695	-1.154411	-0.763051	-1.026552	-0.46403	-0.577914	-1.035147	-0.654087	-1.378112	-0.890505	0.201165	-0.992019	-0.936137	-1.131008	-0.71032	0.136044	-1.375319	-0.026758	-1.019289	-1.045262	-0.542079	-0.996506	-0.457406	-0.655779	0.079101	-1.149101	-1.261988	-0.897268	-1.502734	-1.183247	0.017408	-0.842548	-0.895562	-1.060135	-0.995492	-1.341163	-0.303421	-0.367799
SomMotA_9_L	-0.256047	-0.620887	0.565477	-0.834541	-0.646124	-0.798311	1.551362	-0.833765	-0.546831	-1.438103	-0.538154	-0.749658	-1.030293	-0.194189	-0.082984	0.397732	-0.117506	-0.12251	0.38283	-1.123388	1.137015	0.06139	0.008079	-0.441347	-0.750017	0.053412	1.953403	-0.974695	-1.233011	-0.220512	-1.008354	1.260385	0.306271	-0.625797	-0.760582	-0.66019	0.348971	-0.647746	1.704869	-0.575256	-0.714282	-0.477475	0.384678	-0.951148	-0.228218	-1.26788	-0.435465	-0.889495	-0.73479	-0.990133	-0.257865	-0.067497	-0.526039	-0.875107	0.969877	0.34335	-0.298308	-0.477918	-0.566942	-1.075254	-0.516637	-0.755448	-0.014135	-0.809665	-0.891123	-0.610981	-0.46403	-0.639766	-0.504539	-0.755035	-1.378112	-0.38412	0.201165	-1.010181	1.190585	-0.95518	-0.71032	-0.350371	0.376325	0.549077	-0.359973	-0.284037	-0.191775	-0.996506	-0.457406	-0.707176	-0.639555	-1.262356	-0.43046	-0.027462	-0.34246	-0.058133	-0.486996	-0.651663	-0.497531	-0.640332	-0.852792	-1.056421	0.479846	1.741427
SomMotA_10_L	1.13128	-0.620887	0.565477	-0.834541	-0.212053	-0.591862	0.225499	-0.383611	-0.628963	-1.438103	-0.659907	-0.749658	-1.030293	1.208508	0.406844	1.414977	-0.88347	-0.12251	-1.003479	-0.371698	1.137015	-0.359337	-0.612412	-0.745472	-1.060233	0.053412	-0.588607	-0.910188	-0.703197	0.924621	0.139096	1.260385	-0.93023	-0.625797	-0.171465	-0.66019	0.348971	-0.037182	0.72668	-0.547852	-0.210293	0.636831	0.384678	-0.76428	-0.228218	-1.26788	-0.400028	-0.889495	-0.642865	-0.244549	-0.257865	1.429888	-0.375598	-0.875107	0.969877	0.34335	0.297533	-1.28541	-0.266443	-0.851331	-0.516637	-0.402188	0.185782	-0.809665	-0.424673	-0.8815	-0.125159	-0.639766	-0.504539	-0.755035	-0.766308	-0.38412	0.201165	-0.957947	1.190585	-0.91502	-0.169974	1.097918	0.574555	1.693255	-0.265151	-0.284037	1.177987	-0.996506	-0.457406	-0.707176	-0.639555	-0.641344	-0.43046	-0.027462	-0.773536	-0.058133	-0.710826	-0.651663	-0.497531	-0.507908	-0.852792	-0.764502	3.131973	-0.497786
SomMotA_11_L	1.13128	-0.620887	0.565477	-0.834541	-0.212053	-0.591862	0.225499	-0.383611	-0.546831	-1.438103	-0.538154	-0.749658	-1.030293	-0.194189	0.406844	2.307152	-0.88347	-0.12251	-1.003479	-0.371698	1.137015	-0.359337	-0.612412	-0.441347	-1.060233	0.053412	-0.588607	-0.910188	-0.703197	0.924621	0.139096	1.260385	-0.93023	-0.625797	-0.760582	-0.66019	0.348971	-0.037182	0.72668	-0.575256	-0.714282	0.636831	0.384678	-0.76428	-0.228218	-1.26788	-0.400028	-0.889495	-0.642865	-0.990133	-0.257865	1.429888	-0.375598	-0.875107	0.59159	0.34335	0.297533	-0.477918	-0.266443	-0.851331	-0.516637	-0.402188	-0.014135	-0.809665	-0.424673	-0.8815	-0.125159	-0.639766	-0.504539	-0.755035	-0.766308	-0.38412	0.201165	-0.957947	1.190585	-0.91502	-0.169974	-0.633209	0.574555	1.693255	-0.359973	-0.284037	1.177987	-0.996506	-0.457406	-0.707176	-0.639555	-0.641344	-0.43046	-0.027462	-0.773536	-0.058133	-0.710826	-0.651663	-0.497531	-0.507908	-0.852792	-0.083725	3.131973	-0.497786
SomMotA_12_L	1.13128	-0.620887	0.565477	-0.103305	-0.212053	-0.591862	0.225499	-0.383611	-0.546831	-1.438103	-0.659907	-0.749658	0.425607	-0.194189	0.406844	2.307152	-0.88347	1.013102	-1.003479	-0.371698	1.137015	-0.359337	-0.612412	-0.342164	-1.060233	0.053412	-0.588607	-0.910188	-0.703197	0.924621	-1.240794	1.260385	-0.93023	-0.625797	-0.760582	-0.788611	0.692606	-0.037182	0.72668	-0.547852	-0.714282	0.636831	0.384678	-0.76428	-0.228218	-1.26788	-0.400028	-0.889495	-0.642865	-0.244549	-0.257865	1.429888	-0.375598	-0.875107	0.59159	0.34335	0.297533	-1.28541	-0.266443	-0.86073	-0.516637	-0.402188	-0.710927	-0.809665	0.769029	-0.8815	-0.125159	-0.639766	-0.663335	-0.654087	-0.766308	-0.890505	0.201165	-0.957947	1.190585	-0.91502	-0.169974	-0.633209	-0.690756	0.724923	-0.265151	-0.085416	1.177987	-0.996506	2.413128	-0.707176	-0.639555	-0.641344	-0.43046	-0.236624	-0.773536	1.504623	-0.710826	0.143427	-0.497531	-0.507908	-0.852792	-0.431726	3.131973	1.741427
SomMotB_Ins_1_L	-0.256047	-1.018083	2.633297	2.574901	-0.450437	-1.263605	0.225499	0.100671	-0.628963	-1.431931	-1.170663	-0.734038	-0.208679	1.995615	-0.481407	2.307152	-0.577424	-0.275682	-1.003479	0.018626	2.301362	-1.014071	-0.197801	-0.342164	-1.060233	1.026724	-0.784327	-1.044513	0.611816	-0.768802	-1.240794	1.533497	-1.059114	1.637713	-0.171465	-0.307521	2.034129	-0.079557	1.704869	-0.225311	-0.702884	2.133954	1.679114	0.611517	0.675574	-1.191494	-0.529724	-1.263958	-1.107267	-0.69569	-0.476103	-0.021069	-1.04886	-0.875107	2.14171	-0.447709	2.994713	-2.26899	-0.770819	-0.86073	-0.744316	-1.011119	-1.041614	-0.418067	-0.520799	-0.8815	0.78519	-0.983363	-0.663335	-0.654087	-1.378112	-0.890505	1.474304	-0.957947	2.277081	-1.131008	-0.199639	1.61508	-1.08436	1.730315	-0.619959	-0.085416	1.845517	-0.830986	-1.134506	-0.655779	-0.097108	-1.149101	-1.302434	0.92381	-1.502734	0.617341	-0.260701	-0.842548	-0.704599	0.758485	-0.434157	-0.764502	0.968104	-0.367799
SomMotB_ParOper_1_L	-0.658093	-1.434433	0.02352	0.56902	-0.646124	-0.798311	0.225499	-0.833765	-0.546831	-1.165755	-1.170663	-0.993352	-1.030293	-0.595969	0.406844	2.307152	-0.662166	-0.275682	0.38283	1.572755	-0.524998	0.06139	-0.613424	-0.441347	-0.956948	0.182156	-0.798612	-0.616506	-1.144606	-0.768802	-1.240794	1.260385	-0.93023	-0.0357	-0.171465	-0.66019	2.034129	-0.647746	1.704869	-0.547852	1.440402	-0.15702	1.679114	-0.951148	0.675574	-1.525012	-0.435465	-0.889495	-0.43813	-0.990133	-0.257865	-0.021069	-0.526039	-0.87381	1.696332	-0.558055	1.174727	-2.26899	-0.895391	-1.075254	-0.792327	-1.093866	0.190695	-0.809665	-0.891123	-0.610981	-0.692457	-0.876675	-0.504539	-0.755035	-0.766308	-0.38412	0.201165	-0.992019	2.277081	-0.95518	0.599437	0.136044	-1.031369	0.549077	0.205489	-0.284037	-0.542079	-0.406006	0.017166	-0.655779	-0.652822	-1.262356	-1.261988	0.92381	-0.34246	-0.969884	-0.486996	-0.651663	-0.613224	-1.17301	-1.652841	-1.056421	-0.303421	-0.367799
SomMotB_ParOper_2_L	-0.471983	-1.434433	0.161499	2.574901	-0.646124	1.484579	-0.932211	-1.823938	-0.752784	0.412728	-1.170663	2.21315	-1.081109	1.003736	-1.051533	-1.124217	-0.022898	-0.275682	-0.787842	-1.123388	0.541121	-0.340426	-0.389709	0.329907	-1.060233	-0.967967	-0.193218	0.630699	-1.144606	-0.954966	-1.574138	1.533497	-1.10312	1.637713	-0.888903	-0.921751	-1.233218	-1.047805	-1.10813	-0.940772	-0.702884	-0.233676	1.241527	-0.951148	-0.539904	-0.61156	-0.54821	-0.889495	-1.147918	-0.109085	0.001568	-0.021069	-1.297221	-0.87381	-0.140019	-0.447709	-0.298308	-1.28541	-0.537645	-0.86073	-0.792327	-0.755448	0.185782	-0.809665	-1.14172	-0.8815	-0.3665	-0.983363	-1.035147	-1.000899	-0.841353	-0.890505	-1.167866	0.26695	-0.936137	-0.98036	-1.765116	1.61508	-1.544735	0.549077	-0.619959	-1.045262	-0.542079	0.42826	-1.134506	-1.132494	-0.313005	-0.455831	-1.302434	1.97156	-0.139798	-1.60632	-1.174881	-0.842548	-0.895562	-1.17301	-0.015112	-1.341163	-0.303421	-1.156184
SomMotB_1_L	1.13128	-0.620887	0.565477	-0.103305	-0.212053	-0.798311	0.225499	-0.383611	-0.546831	-1.438103	-0.659907	-0.749658	-1.030293	1.208508	0.406844	1.414977	-0.88347	-0.12251	-1.003479	-0.371698	1.137015	-0.359337	-0.612412	-0.441347	-0.750017	0.053412	-0.588607	-0.974695	-0.703197	0.924621	-1.240794	1.260385	-0.93023	-0.625797	-0.760582	-0.66019	0.348971	-0.037182	0.72668	-0.575256	-0.714282	0.636831	0.384678	-0.76428	-0.228218	-1.26788	-0.400028	-0.889495	-0.642865	-0.990133	-0.257865	1.429888	-0.375598	-0.875107	0.969877	0.34335	0.297533	-0.477918	-0.266443	-0.851331	2.646767	-0.402188	-0.014135	-0.809665	-0.424673	-0.8815	-0.46403	-0.639766	-0.504539	-0.755035	-0.766308	-0.38412	0.201165	-0.957947	1.190585	-0.91502	-0.169974	-0.633209	0.574555	0.549077	-0.359973	-0.284037	1.177987	-0.996506	-0.457406	-0.707176	-0.639555	-0.641344	-0.43046	-0.027462	-0.773536	-0.058133	-0.710826	-0.651663	-0.497531	-0.507908	-0.852792	-0.083725	3.131973	1.741427
SomMotB_2_L	-0.256047	-0.620887	0.565477	-0.834541	-0.212053	-0.798311	0.225499	-0.833765	-0.546831	-1.438103	-0.538154	-0.749658	-1.030293	-0.194189	-0.082984	1.414977	-0.88347	-0.12251	-1.003479	-0.371698	1.137015	0.06139	-0.613424	-0.441347	-0.750017	0.053412	-0.588607	-0.974695	-0.703197	-0.768802	0.139096	1.260385	-0.93023	-0.625797	-0.760582	-0.66019	0.348971	-0.037182	1.704869	-0.575256	-0.714282	-0.477475	1.241527	-0.951148	-0.228218	-1.26788	-0.435465	-0.889495	-0.73479	-0.990133	-0.257865	-0.069022	-0.375598	-0.875107	0.969877	0.34335	-0.298308	-0.477918	-0.266443	-0.851331	-0.516637	-0.402188	-0.014135	-0.809665	-0.891123	-0.610981	-0.46403	-0.639766	-0.504539	-0.755035	-0.766308	-0.38412	0.201165	-0.957947	1.190585	-0.95518	-0.169974	-0.350371	0.574555	0.549077	-0.359973	-0.284037	1.177987	-0.996506	-0.457406	-0.707176	-0.639555	-0.641344	-0.43046	-0.027462	-0.34246	-0.058133	-0.710826	-0.651663	-0.497531	-0.507908	-0.852792	-1.056421	0.479846	1.741427
SomMotB_3_L	1.13128	-0.620887	2.633297	-0.103305	-0.646124	-0.591862	0.225499	-0.383611	-0.546831	-1.438103	-0.659907	-0.749658	-1.030293	1.003736	0.406844	1.414977	-0.88347	-0.001055	-1.003479	-0.371698	1.137015	-0.359337	-0.612412	-0.745472	-1.060233	0.053412	-0.588607	-0.910188	-0.703197	0.924621	-0.40613	1.533497	-0.93023	-0.625797	-0.171465	-0.788611	0.980182	-0.037182	1.704869	-0.575256	-0.210293	-0.233676	-1.012782	-0.76428	0.675574	-1.26788	-0.400028	-0.889495	-0.642865	-0.353437	-0.257865	-0.021069	-0.375598	-0.875107	0.969877	0.34335	0.297533	-0.477918	-0.266443	-0.851331	-0.516637	-0.402188	-0.909531	-0.809665	-0.424673	-0.8815	-0.692457	-0.639766	-0.504539	-0.654087	-0.766308	-0.890505	0.201165	-0.957947	0.46516	-0.91502	-0.71032	-0.350371	-0.690756	1.693255	-0.265151	-0.085416	1.177987	-0.996506	-0.457406	-0.707176	-0.639555	-0.641344	-0.43046	1.178435	-0.773536	1.504623	-0.710826	0.143427	-0.704599	-0.507908	-0.852792	-0.431726	0.968104	-0.497786
SomMotB_4_L	1.13128	-0.620887	2.633297	2.574901	-0.646124	-0.591862	0.225499	-0.383611	-0.628963	-1.438103	-0.659907	-0.749658	0.425607	2.622078	0.406844	2.307152	-0.88347	-0.001055	-1.003479	-0.371698	1.137015	-0.359337	-0.612412	-0.745472	-1.060233	0.053412	-0.588607	-0.910188	-0.703197	0.924621	0.139096	1.533497	-0.93023	1.637713	-0.171465	-0.307521	0.692606	1.790992	1.704869	-0.575256	-0.210293	-0.233676	0.733174	-0.76428	0.675574	-1.26788	-0.400028	-0.889495	-0.642865	-0.867076	-0.087805	-0.021069	-0.375598	-0.875107	0.969877	0.34335	2.994713	-0.477918	-0.266443	-0.86073	-0.516637	-0.402188	0.185782	-0.809665	-0.424673	-0.8815	-0.692457	-0.639766	-0.504539	0.027515	-0.766308	-0.890505	0.201165	-0.957947	0.46516	-0.91502	-0.199639	1.61508	-0.690756	1.693255	-0.265151	-1.125186	1.177987	-0.996506	2.413128	-0.707176	-0.321574	-0.641344	-0.43046	-0.027462	-0.773536	1.504623	-0.710826	0.143427	-0.704599	-0.507908	-0.852792	-0.431726	0.968104	-0.497786
SomMotB_5_L	-0.256047	-1.434433	0.161499	0.56902	-0.646124	-1.139372	0.225499	-0.383611	-0.696106	-0.155011	-1.188543	2.21315	-1.296508	2.622078	-0.347383	2.307152	-0.022898	-0.764193	-0.787842	-1.151069	-0.524998	-0.340426	-0.720649	0.329907	-0.165487	1.026724	1.953403	-0.932653	0.022253	-0.768802	-1.574138	0.518344	-0.93023	1.637713	-0.171465	-0.921751	0.980182	-0.551104	0.72668	-0.940772	-0.702884	-0.233676	1.679114	-0.951148	0.675574	-0.61156	-0.529724	-1.762226	-1.147918	-0.990133	2.243278	-0.021069	-0.375598	-0.875107	0.487289	-0.447709	2.994713	-2.26899	-0.770819	-0.550756	-0.744316	-0.755448	-0.909531	-0.809665	-0.997804	-0.840688	-0.692457	-0.983363	0.050766	-0.949552	-0.841353	-0.890505	-1.167866	0.26695	-0.936137	-0.98036	-0.71032	0.136044	-0.356747	1.693255	-0.265151	-1.125186	-0.542079	0.466917	-0.625682	-0.655779	-0.097108	-0.455831	-1.302434	-0.027462	-0.964407	-0.058133	-1.155814	-0.842548	-0.895562	-0.151826	-0.015112	-1.341163	-0.303421	-1.052553
SomMotB_6_L	-0.658093	-0.942174	2.633297	2.574901	-0.646124	-1.263605	0.225499	-0.383611	-0.696106	-1.438103	-1.188543	-0.993352	-1.296508	2.622078	0.102322	1.414977	-1.097673	-0.918342	-0.787842	-1.151069	0.541121	-0.340426	-0.612412	-0.546603	-1.002105	0.053412	-0.798612	-1.083835	-1.144606	-0.768802	-1.240794	0.518344	-0.93023	1.637713	-0.171465	-0.921751	0.980182	-0.551104	1.704869	-0.492835	-1.028698	-0.233676	0.733174	0.700763	0.675574	-0.61156	-0.400028	-1.263958	1.311717	-0.990133	-1.011802	-0.021069	-0.080025	-0.875107	0.487289	-0.447709	2.994713	-1.28541	-0.537645	-1.01975	-0.744316	-1.045208	-0.909531	-0.59876	-1.14172	-1.026552	-0.258611	-0.983363	-0.669363	-0.654087	-1.537306	-0.890505	-1.159397	0.26695	-0.936137	-1.131008	-1.765116	2.643714	-0.356747	1.693255	-1.33193	-1.045262	-0.542079	-0.830986	0.358125	-1.132494	-0.639555	-1.262356	-1.302434	-0.64548	1.588455	-0.969884	-1.155814	-0.842548	-0.895562	-1.120246	0.736974	-1.341163	0.968104	-0.368066
SomMotB_7_L	-0.658093	-0.942174	0.161499	2.574901	-0.450437	-1.139372	0.225499	-0.383611	-0.628963	-0.155011	-0.659907	-0.749658	-0.794995	1.995615	0.102322	-1.124217	-1.097673	-0.918342	-0.454853	0.018626	-0.524998	-0.340426	-0.612412	-0.257786	-1.060233	1.026724	-0.798612	-0.235976	0.611816	-0.67781	-1.240794	2.138812	-1.298783	1.637713	-0.171465	-0.921751	0.692606	-1.047805	1.704869	-0.940772	-1.028698	-0.233676	1.679114	-0.911125	1.951132	-1.206522	-0.400028	-1.263958	-0.902633	-0.990133	0.001568	-0.021069	0.50106	-0.87381	0.487289	-0.447709	2.994713	-2.26899	-0.537645	-1.250662	-0.744316	-1.011119	-0.909531	-0.809665	-0.520799	-0.8815	-0.875436	-0.639766	0.050766	-1.124707	-1.378112	-0.890505	1.474304	0.26695	2.277081	-1.131008	-0.199639	2.643714	-1.544735	1.693255	-1.33193	-1.045262	-0.542079	0.466917	-1.134506	-0.655779	-0.321574	-0.455831	-1.261988	-0.64548	-0.139798	-0.555749	-0.622095	-0.842548	-0.895562	0.758485	0.736974	-1.341163	0.968104	-0.830613
SomMotB_8_L	-0.933149	-1.434433	0.161499	2.574901	0.552787	-1.263605	0.225499	-1.823938	-0.628963	-0.133532	-1.188543	-0.993352	-0.794995	1.003736	-0.932819	1.414977	-1.097673	-0.764193	-0.787842	-0.416882	0.541121	-0.340426	-0.389709	0.329907	-0.750017	1.026724	-0.193218	1.004767	0.022253	-0.954966	-1.240794	0.518344	-1.298783	1.637713	0.145757	-0.921751	0.881619	-1.047805	-1.10813	-0.940772	-0.702884	-0.15702	-1.070484	-0.486132	0.675574	0.13347	0.290938	-1.762226	-0.642865	-0.826722	2.243278	-0.069022	-1.577799	-0.875107	0.487289	-0.447709	2.994713	-2.26899	-0.537645	-1.01975	-0.744316	-1.045208	0.185782	-0.809665	-1.14172	-0.8815	-0.21199	-0.639766	-0.663335	-0.654087	-0.841353	-0.890505	-1.167866	0.26695	-0.936137	-0.98036	-1.765116	1.61508	-0.356747	1.693255	-0.619959	-0.934498	-0.542079	-0.830986	-0.630008	-0.655779	-0.973136	-0.455831	-1.261988	-0.236624	-0.964407	-0.4112	-1.155814	-0.842548	-0.291506	-1.120246	-1.652841	-1.056421	-0.303421	-0.367799
SomMotB_9_L	-0.658093	-1.434433	2.633297	2.574901	-0.450437	-1.263605	0.225499	-0.383611	-0.696106	-0.155011	-0.538154	-0.689786	0.425607	0.372705	-0.347383	2.307152	-1.097673	-0.001055	0.38283	0.018626	-0.524998	-0.340426	-0.612412	0.329907	-0.956948	1.026724	1.953403	-0.660751	0.611816	-0.67781	-1.240794	2.138812	-1.10312	1.637713	-0.171465	-0.921751	-0.196418	-0.551104	1.704869	-0.575256	1.440402	2.133954	0.733174	-0.911125	1.951132	-0.61156	0.290938	-0.074745	-0.902633	-0.109085	-1.011802	-0.021069	-0.526039	-0.87381	0.487289	-0.447709	2.994713	-1.316109	-0.537645	-0.550756	-0.744316	-1.011119	0.185782	-0.809665	-0.520799	-0.8815	-0.692457	-0.876675	-0.504539	-0.654087	-0.766308	-0.890505	1.474304	0.26695	2.277081	-1.131008	-0.199639	2.643714	0.376325	1.693255	-0.619959	-1.045262	-0.542079	0.466917	0.358125	-0.655779	-0.097108	-0.455831	-1.261988	-0.027462	1.588455	-1.60632	-1.174881	-0.842548	-0.895562	-1.17301	-0.015112	-1.341163	0.968104	-0.830613
VisualA_ExStr_1_L	-0.658093	-0.942174	-0.809529	-0.634973	-0.212053	-0.798311	-0.457221	-0.00983	-0.696106	-0.155011	-1.188543	-0.865898	0.152441	-0.863293	-1.051533	0.397732	-1.097673	-0.918342	-0.787842	-1.102465	1.368747	-0.340426	-0.656591	-1.232619	0.563728	0.182156	-0.798612	-0.660751	-0.02659	-0.768802	-1.574138	-1.031971	-0.379724	-0.461924	-0.863325	-0.921751	-1.181191	-1.047805	-1.148828	-0.940772	-0.599491	-0.858611	-1.070484	-0.701138	0.326492	-0.61156	-0.54821	-0.706121	-0.43813	-0.109085	-1.011802	-0.846164	-0.526039	-0.87381	-0.942226	-1.116581	-0.667563	-1.28541	-0.537645	-0.626087	0.264914	-1.093866	1.686491	-0.809665	-1.14172	-0.885191	-0.258611	-0.876675	-1.035147	-0.755035	-0.766308	-0.890505	-0.804606	0.26695	-0.936137	-0.98036	-1.765116	-0.769893	-1.375319	-0.665264	-1.33193	-1.125186	-0.932926	-1.23929	-0.630008	-0.655779	-0.313005	0.186467	-1.261988	-0.625932	-0.868404	-1.183247	-0.608013	-0.735383	-0.895562	-1.120246	-0.015112	-1.341163	-0.494292	-1.14253
VisualA_ExStr_2_L	-0.851629	-0.942174	0.555858	-0.634973	0.552787	-0.891779	0.493441	0.215061	-0.696106	-0.155011	-1.188543	-0.214028	-1.296508	-0.73711	-1.051533	0.397732	-0.669642	-0.757789	-0.787842	-1.151069	-0.524998	-0.340426	-0.656591	0.149339	0.563728	-0.724726	1.842112	-0.660751	0.45674	-0.768802	-1.095836	-1.000872	0.025802	-0.461924	-0.760582	-0.921751	-1.181191	-1.047805	-1.148828	-0.547852	-0.681268	-0.858611	-1.063742	-0.701138	-1.065561	-0.61156	-0.686757	-0.706121	-0.43813	-0.826722	-1.011802	0.303599	-1.297221	-0.823445	-0.140019	-0.757782	-0.667563	-1.28541	-0.566942	-0.60689	0.264914	-0.237809	-0.07946	-0.659757	-1.14172	-0.885191	-0.258611	-0.876675	-0.928633	-0.949552	-0.841353	-0.908193	-0.804606	-1.010181	-0.435026	0.373112	0.599437	-0.485749	-1.08436	-0.665264	-1.154847	-1.125186	-0.191775	0.42826	-0.630008	-1.132494	-1.110832	-0.455831	-1.261988	-0.557256	-0.868404	-1.183247	-0.608013	-0.720371	-0.613224	-0.556491	0.736974	-0.06265	-0.494292	-1.156184
VisualA_ExStr_3_L	-0.471983	-0.942174	-0.839795	-0.634973	-0.646124	-0.891779	1.233827	-0.00983	-0.696106	-0.155011	-1.188543	-0.214028	-1.296508	-0.863293	-1.051533	0.262201	-0.669642	-0.757789	-0.012117	-1.151069	-0.524998	-0.340426	-0.648247	-1.232619	0.563728	-0.724726	-0.798612	-0.660751	0.45674	-0.954966	-1.095836	-1.031971	-0.379724	2.260072	-0.863325	-0.307521	0.048103	-1.047805	-0.107474	-0.547852	-0.681268	-0.858611	-1.070484	-0.701138	-0.228218	-0.61156	-0.925728	-0.706121	-0.902633	-0.826722	0.001568	-1.177605	-1.297221	-0.823445	-0.884079	-1.116581	-0.667563	-1.28541	-0.566942	-0.60689	-0.744316	-1.093866	1.686491	-0.809665	-1.14172	-0.94571	-0.258611	-0.876675	-0.818361	-0.949552	-0.841353	-0.908193	-0.804606	-1.010181	0.768839	-0.98036	0.599437	-0.769893	-1.375319	-0.665264	-1.154847	-1.125186	-0.932926	0.466917	-1.03732	-1.132494	0.079101	-0.455831	-1.261988	-0.625932	0.632257	-1.183247	-0.260701	-0.436941	-0.497531	-0.556491	-0.434157	-1.341163	-0.7923	-1.156184
VisualA_ExStr_4_L	-0.933149	-0.942174	2.633297	-0.634973	-0.98254	-1.139372	0.493441	-1.823938	-0.696106	-1.215881	-1.188543	2.21315	-1.296508	-0.331572	-1.051533	0.397732	-1.097673	-0.275682	0.302861	-1.151069	-0.524998	-0.340426	-0.720847	0.329907	-1.060233	-0.80582	1.953403	0.898859	0.022253	-0.954966	-1.574138	-1.219199	0.306271	2.260072	-0.171465	-0.921751	-1.105269	-1.047805	-1.148828	-0.547852	-0.589208	-0.858611	-1.063742	-0.701138	-0.228218	-0.61156	-1.015492	-0.706121	-0.642865	-0.990133	2.243278	-0.846164	-0.080025	-0.875107	-0.942226	-1.116581	-0.667563	-2.26899	-0.566942	-0.626087	-0.744316	-1.093866	1.280199	-0.809665	1.966883	-0.8815	-0.692457	-0.876675	-0.928633	-1.000899	-0.841353	-0.890505	-0.089545	-1.010181	-0.936137	-1.131008	-1.765116	-0.485749	-0.356747	-0.665264	-0.619959	-1.12614	-0.542079	-0.843744	-0.856147	-1.132494	-0.564709	-0.455831	-1.261988	-0.557256	-1.431625	-1.183247	-1.174881	-1.127269	-0.704599	-1.120246	0.736974	-1.056421	-0.7923	-1.156184
VisualA_ExStr_5_L	-0.658093	-1.434433	-0.688	-0.634973	-0.885008	-1.263605	1.233827	-1.823938	-1.086285	-1.165755	-1.188543	-0.993352	-0.794995	-0.595969	-1.051533	0.262201	-0.88347	-0.275682	-0.454853	-1.102465	-0.246309	-1.166393	-0.720847	-0.257786	-1.060233	0.549692	-0.798612	-1.083835	-1.144606	-0.768802	-1.574138	-1.000872	-1.298783	2.260072	-0.171465	-1.285912	0.048103	-0.551104	0.731135	-0.77511	-0.702884	-0.384487	-1.063742	-0.951148	-0.876227	-1.525012	-1.015492	-1.762226	-1.147918	-0.990133	-1.450665	0.405116	-1.04886	-0.87381	-0.140019	-0.447709	1.174727	-2.26899	-0.770819	-1.250662	-0.792327	-1.093866	0.185782	-0.809665	-0.424673	-0.610981	-0.692457	-0.876675	-1.035147	-0.654087	-1.378112	-0.890505	-1.167866	-0.992019	-0.936137	-1.131008	1.5237	-0.075017	-1.544735	-0.026758	-1.154847	-0.284037	-0.542079	-0.996506	-0.457406	-0.655779	-0.652822	-1.149101	-1.261988	-0.570055	-1.502734	-0.10201	-0.608013	-0.842548	-0.613224	-1.17301	-0.995492	-1.341163	-0.158118	1.268895
VisualA_ExStr_6_L	-0.921287	-0.942174	-0.809529	-0.634973	-0.646124	-1.139372	0.493441	-1.823938	-0.696106	0.882871	-1.188543	2.21315	-1.296508	-0.73711	-1.051533	-0.429946	-1.097673	-0.275682	-0.787842	-1.151069	-0.524998	-0.340426	-0.656591	-0.257786	-1.002105	-0.80582	1.953403	-1.083835	0.022253	-0.954966	-1.574138	-1.000872	-1.298783	-0.461924	-0.171465	-0.921751	-1.105269	-1.001991	-1.148828	-0.706724	-0.702884	-0.858611	-1.209064	-0.701138	-1.065561	-0.61156	1.008346	-1.762226	-1.147918	-0.990133	-0.024772	-0.067497	-1.297221	-0.87381	-0.236084	-1.116581	-0.848373	-2.26899	-0.537645	-1.01975	0.321308	-1.091376	-0.014135	-0.809665	-0.997804	-0.8815	-0.692457	-0.876675	-0.818361	-0.755035	-0.841353	-0.890505	-0.804606	0.26695	-0.936137	-1.131008	-1.765116	-0.861415	-0.147829	-0.665264	-0.619959	-1.045262	-0.542079	-0.843744	-0.630008	-1.132494	0.079101	-1.149101	-1.302434	-0.739551	-1.431625	-1.60632	-1.174881	-0.842548	-0.895562	1.713424	-0.015112	1.211181	-0.7923	-1.14253
VisualA_ExStr_7_L	-0.658093	-1.434433	0.02352	-0.634973	-0.885008	-1.263605	0.493441	-1.823938	-1.086285	-1.215881	-1.170663	-0.214028	-0.794995	-0.15717	-1.051533	0.262201	-1.341257	-0.275682	-1.27563	-1.102465	-0.246309	-1.166393	-0.720847	-1.333064	-0.956948	0.182156	-1.064581	-1.083835	-1.144606	-0.768802	-1.574138	0.273205	-1.10312	2.260072	-0.273266	-0.921751	-1.105269	-0.551104	-0.107474	-0.940772	-1.028698	-0.201395	-1.063742	-0.951148	0.326492	-1.525012	-1.015492	-1.762226	-1.147918	-0.990133	0.93096	-0.069022	-1.04886	-0.87381	-0.140019	-0.558055	0.595082	-2.26899	-0.895391	-1.250662	-0.744316	-1.093866	1.280199	-1.154411	-0.997804	-0.8815	-0.258611	-0.876675	-1.035147	-1.124707	-1.378112	-0.890505	-1.167866	-1.135428	-0.936137	-1.131008	0.599437	-0.350371	-1.544735	-0.026758	-1.33193	1.014126	-0.542079	-1.23929	-0.856147	-0.655779	-0.564709	-1.262356	-1.261988	-0.570055	-0.964407	-0.10201	-1.155814	-0.842548	-0.613224	-1.17301	-1.652841	-1.341163	-0.158118	-0.367799
VisualA_ExStr_8_L	-0.471983	-1.434433	-0.839795	-0.634973	-0.646124	-1.263605	0.493441	-1.823938	-1.086285	-0.155011	-0.475038	2.21315	0.425607	-0.595969	-1.051533	0.397732	1.766761	-0.275682	0.38283	-1.151069	-0.75659	-0.340426	-0.720847	0.329907	-1.002105	0.549692	-0.798612	-0.932653	0.022253	-0.954966	-1.240794	0.751771	-1.298783	-0.461924	-0.226452	-0.921751	-1.105269	-1.047805	-1.148828	-0.750524	-0.702884	-0.858611	-1.234347	-0.701138	-1.065561	-0.61156	-1.015492	-0.706121	-1.147918	-0.990133	2.243278	-0.424692	-1.297221	-0.855951	-0.942226	-0.64653	0.595082	-1.316109	-0.537645	-1.250662	0.264914	-1.093866	-0.014135	-0.809665	-1.14172	-0.512763	-0.258611	-0.876675	-0.928633	-0.654087	-1.537306	-0.890505	-0.893567	-0.957947	-1.331433	-1.131008	1.5237	-0.861415	-1.031369	-0.665264	-0.619959	-1.045262	-0.191775	0.466917	-1.134506	-1.132494	-0.321574	-1.034724	-1.302434	-0.625932	1.588455	-1.60632	-0.622095	-0.842548	-0.164988	-1.120246	0.736974	1.211181	-0.250173	-1.156184
VisualA_ExStr_9_L	-0.471983	-0.942174	-0.839795	-0.634973	-0.212053	-1.139372	0.493441	-1.823938	-0.696106	-0.155011	0.457242	2.21315	-1.296508	-0.331572	-1.051533	0.397732	-0.577424	-0.757789	-1.003479	-1.151069	-0.524998	-0.340426	-0.656591	0.329907	-0.750017	-0.724726	-0.798612	-0.235976	-1.144606	-0.954966	-1.574138	-1.219199	0.306271	-0.461924	0.145757	-0.921751	-1.233218	-1.001991	-0.107474	-0.492835	-0.702884	-0.384487	-1.209064	-0.701138	-0.876227	-1.525012	-0.54821	0.045323	-1.147918	-0.990133	0.001568	-0.069022	-0.335021	-0.87381	-0.942226	1.121047	-0.71434	-2.26899	-0.537645	-0.60689	0.264914	-1.093866	-0.710927	-0.809665	-1.14172	-0.8815	-0.46403	-0.876675	-1.035147	-1.000899	-0.841353	-0.890505	-1.159397	-0.276196	0.343725	-1.131008	-0.918924	-0.485749	-1.544735	-0.665264	-0.619959	-1.045262	-0.191775	0.42826	-1.134506	-0.655779	-0.321574	-0.455831	-1.261988	-0.85882	1.588455	-1.60632	-1.174881	-1.127269	-0.613224	-1.120246	-1.652841	1.211181	-0.7923	-1.052553
VisualA_ExStr_10_L	-0.471983	-0.942174	-0.809529	-0.634973	-0.646124	0.010534	0.493441	-0.383611	-0.696106	-0.133532	-1.188543	-0.689786	0.425607	-1.115261	-1.051533	-0.429946	-1.097673	-0.275682	-0.787842	-1.151069	-0.75659	-0.340426	-0.648247	0.329907	-1.002105	-0.724726	-0.798612	-0.660751	0.022253	-0.575471	-1.574138	-1.219199	-0.93023	-0.461924	-0.888903	-0.921751	-1.105269	-1.001991	0.731135	-0.547852	-1.028698	-0.858611	-1.070484	-0.701138	-0.539904	-0.346335	1.008346	-0.706121	-0.902633	-0.990133	-0.024772	-0.021069	-0.526039	-0.87381	-0.942226	-1.116581	-0.317342	-1.28541	-0.566942	-0.86073	0.26611	-1.093866	-0.014135	-0.526517	-0.997804	-1.026552	-0.258611	-0.876675	-1.035147	-1.000899	-1.537306	-0.890505	-1.167866	0.884147	-0.936137	-1.131008	1.5237	-0.785265	-0.356747	-0.85242	1.846102	-0.934498	-0.932926	-0.843744	-0.630008	-1.132494	-0.639555	-0.455831	-1.261988	-0.739551	-0.964407	-1.60632	-1.174881	-0.842548	-0.895562	-1.120246	-0.434157	-0.431726	-0.771698	-1.052553
VisualA_ExStr_11_L	-0.658093	-1.434433	-0.688	-0.634973	-0.646124	-1.263605	0.493441	-1.823938	-1.086285	-1.165755	-1.170663	-0.749658	-0.794995	-0.15717	-1.051533	0.109273	-0.88347	-0.275682	-0.454853	-1.102465	-0.75659	-1.014071	-0.632959	-0.257786	-1.060233	0.549692	-0.798612	-1.083835	-1.144606	-0.768802	-1.095836	0.295732	-1.298783	2.260072	-0.760582	-1.285912	-1.105269	-0.647746	-0.107474	-0.77511	-0.702884	-0.477475	0.444903	-0.951148	-0.228218	-1.525012	-0.435465	-1.263958	-1.147918	-0.990133	-1.450665	-0.424692	-1.04886	-0.87381	-0.140019	-0.447709	-0.667563	-2.26899	-0.770819	-1.250662	-0.792327	-1.093866	-0.014135	-0.809665	-0.891123	-0.610981	-0.258611	-0.876675	-1.035147	-0.654087	-1.378112	-0.890505	-1.167866	-0.992019	-0.936137	-1.131008	-0.918924	-0.075017	-1.375319	-0.026758	-1.154847	-1.045262	-0.542079	-0.996506	-0.457406	-0.655779	0.079101	-1.149101	-1.261988	-0.739551	-1.07908	-0.058133	-0.608013	-1.002594	-0.895562	-1.17301	-0.995492	-1.341163	0.218382	-0.497786
VisualA_PrC_1_L	1.13128	-0.620887	2.633297	-0.103305	-0.212053	-0.591862	0.225499	-0.383611	-0.628963	-1.438103	-0.659907	-0.214028	0.425607	2.622078	0.406844	2.307152	-0.577424	1.890067	-1.003479	0.018626	2.301362	-1.014071	-0.389709	-0.745472	-1.060233	0.053412	-0.588607	-0.910188	-0.703197	0.924621	-1.240794	1.533497	-0.93023	-0.625797	-0.171465	-0.307521	0.692606	-0.647746	1.704869	-0.575256	-0.210293	-0.233676	-1.012782	-0.76428	1.951132	0.109068	-0.400028	-0.889495	-0.642865	-0.867076	0.671151	-0.021069	-0.375598	-0.875107	2.14171	0.34335	0.297533	-1.28541	-0.266443	-0.86073	2.646767	-0.402188	-1.041614	-0.809665	-0.424673	-0.8815	-0.692457	-0.639766	-0.663335	-0.654087	-0.766308	-0.890505	0.201165	-0.957947	0.46516	-0.91502	-0.169974	1.097918	-0.690756	1.730315	-0.265151	-1.125186	1.177987	-0.996506	2.413128	-0.707176	-0.097108	-0.641344	-0.43046	-0.027462	-0.773536	0.617341	-0.710826	0.143427	-0.895562	-0.507908	-0.852792	-0.431726	0.968104	-0.497786
VisualA_SPL_1_L	-0.933149	-1.434433	0.02352	-0.634973	-0.212053	-0.798311	1.233827	-0.833765	-0.696106	-0.155011	-0.538154	-0.749658	-1.296508	-0.73711	-1.051533	0.735437	-0.669642	-0.918342	-0.787842	-1.151069	-1.665037	-0.340426	-0.632959	-0.546603	-0.750017	-0.113482	-0.798612	-0.974695	-0.8775	-0.768802	-1.574138	-1.002043	1.379442	-0.461924	-0.863325	-0.66019	-1.233218	-1.047805	-0.852457	-0.706724	-0.681268	0.385199	-1.209064	-0.951148	-0.162408	-0.61156	-0.435465	-1.263958	-1.050126	-0.990133	-1.011802	-0.846164	-1.297221	-0.823445	-0.140019	-1.116581	-0.848373	-2.26899	-0.566942	-1.01975	-0.792327	-0.243359	0.190695	-0.809665	-1.14172	-0.610981	-0.933021	-0.454745	-0.941816	-0.881046	-1.537306	-0.908193	-0.804606	-1.010181	-0.936137	0.426678	-0.71032	-0.075017	-1.375319	0.831346	-1.154847	-1.125186	-0.191775	-0.996506	-1.03732	-1.132494	-0.313005	-0.577054	-1.261988	-0.544721	0.323363	-1.60632	-0.608013	-0.720371	-0.497531	-0.556491	-1.652841	-1.341163	-0.158118	-1.14253
VisualB_ExStrInf_1_L	-0.471983	-0.942174	0.02352	-0.634973	-0.646124	-0.798311	0.225499	-1.823938	-0.696106	0.527377	-0.538154	-0.689786	-1.296508	-0.73711	-0.481407	0.179877	-0.022898	-0.764193	-0.787842	-1.151069	1.368747	-0.340426	-0.613424	-0.257786	-1.060233	-0.724726	1.953403	0.630699	-0.8775	-0.954966	-1.574138	-1.23097	-1.298783	-0.461924	-0.171465	-1.220232	-1.105269	-1.047805	-1.148828	-0.77511	-1.028698	-0.190681	-1.031089	-0.701138	-1.065561	-1.525012	-0.54821	-1.263958	1.214767	-0.990133	-0.024772	-0.069022	-1.577799	-0.875107	-0.236084	-1.116581	-0.71434	-2.26899	-0.537645	-1.01975	-0.945942	-1.093866	-0.710927	-0.809665	-1.14172	-0.840688	-0.875436	-0.876675	-0.669363	-1.124707	0.596634	-0.890505	-1.167866	0.26695	-0.936137	-1.131008	1.5237	-0.861415	-1.544735	0.473906	1.846102	-1.045262	-0.932926	-1.23929	-1.134506	-1.132494	-0.321574	-0.455831	-1.261988	-0.570055	-1.502734	-0.544633	-1.174881	-0.651663	-0.613224	-1.120246	0.736974	-1.056421	-0.792011	-1.052553
VisualB_ExStrInf_2_L	-0.658093	-0.942174	-0.688	-0.634973	0.552787	-1.263605	1.233827	0.100671	-0.752784	-0.155011	-1.170663	2.21315	-1.030293	-0.595969	-1.051533	-1.124217	-1.097673	-0.775549	-0.787842	-1.151069	-0.524998	-0.340426	-0.389709	-0.257786	-0.750017	-0.113482	-0.828203	-1.083835	-0.8775	-0.954966	-1.282276	-1.000872	-1.10312	-0.461924	-0.888903	-1.285912	-1.181191	-1.001991	-1.449627	-0.940772	1.440402	-0.190681	-1.063742	-0.701138	-0.876227	-0.61156	-0.529724	-0.706121	-0.568913	-0.990133	2.243278	-1.177605	-0.080025	-0.875107	-0.942226	-1.116581	-0.71434	-2.26899	-0.566942	-0.626087	-0.792327	-1.093866	-1.128436	-0.526517	-0.997804	-1.026552	-1.00544	-0.876675	-0.669363	-1.000899	-0.841353	-0.890505	-1.167866	0.26695	-0.936137	-0.98036	-1.765116	-0.861415	-0.356747	-1.44477	-0.619959	1.97411	-0.932926	0.466917	-0.630008	-1.132494	-0.584598	-1.149101	-1.261988	-0.557256	-0.139798	-0.4112	-1.174881	-0.842548	-0.895562	-0.507908	-0.015112	-1.341163	-0.158118	-0.367799
VisualB_ExStrInf_3_L	-0.471983	-1.434433	-0.688	-0.634973	-0.646124	-0.798311	0.493441	-0.013401	-0.696106	-1.215881	-1.188543	-0.689786	-1.296508	-0.15717	-1.051533	-0.429946	-1.097673	-0.275682	-1.003479	-1.151069	-0.75659	-1.166393	-0.656591	-0.257786	-1.002105	-0.724726	1.953403	-0.235976	0.022253	-0.954966	-1.574138	-1.02578	-1.298783	2.260072	-0.171465	-0.921751	-1.105269	-1.001991	0.731135	-0.547852	-0.702884	-0.15702	-1.209064	-0.701138	-1.065561	0.109068	-0.54821	-0.074745	-1.147918	-0.990133	2.243278	-0.069022	-1.577799	-0.87381	-0.942226	-0.757782	0.595082	-2.26899	-0.566942	-0.60689	-0.945942	-1.093866	-0.014135	-0.526517	-1.14172	-0.610981	-0.258611	-0.876675	-1.035147	-1.000899	-0.841353	-0.890505	-1.167866	-1.010181	-0.936137	-0.98036	-0.918924	-0.861415	-0.356747	-0.665264	-0.619959	-1.045262	-0.932926	0.466917	-0.630008	-0.655779	-0.321574	-1.149101	-1.261988	1.178435	-0.139798	-1.60632	-0.622095	-1.002594	-0.613224	-1.120246	-1.652841	-1.341163	-0.7923	-1.052553
VisualB_ExStrInf_4_L	-0.658093	-0.942174	-0.809529	-0.634973	-0.646124	-1.263605	-0.645786	-0.383611	-0.696106	0.412728	-1.188543	2.21315	-1.296508	-1.115261	-1.051533	-1.162996	-1.097673	-0.757789	-1.003479	-1.151069	-0.524998	-0.340426	1.105775	-1.333064	-1.060233	-0.724726	1.953403	-1.083835	-1.144606	-0.954966	-1.574138	-1.000872	0.306271	-0.461924	-0.171465	0.620557	-1.181191	-0.395981	0.437495	-0.940772	1.440402	-0.15702	-0.689948	-0.701138	-0.876227	-0.346335	-0.400028	-0.074745	-1.147918	-0.990133	-1.450665	-0.846164	-0.526039	-0.875107	-0.942226	-1.116581	-0.71434	-1.316109	-0.537645	-0.550756	-0.792327	-0.243359	-0.710927	-0.809665	-1.522078	-0.8815	-0.875436	-0.639766	-0.669363	-1.000899	-0.841353	-0.890505	-0.089545	-1.010181	-0.936137	-1.131008	-1.765116	-0.485749	-1.544735	-0.665264	1.846102	-1.125186	-0.932926	0.42826	-0.630008	-0.655779	-0.584598	-1.262356	-1.261988	-0.7726	1.116636	-0.544633	-1.174881	-1.002594	-0.613224	-0.507908	-0.015112	1.211181	-1.049259	-0.367799
VisualB_ExStrSup_1_L	-0.851629	-0.942174	0.02352	-0.634973	-0.98254	-0.957378	-0.457221	-0.915388	-0.696106	-0.155011	-0.538154	-0.214028	-1.006531	-0.863293	-1.051533	1.086592	-1.097673	-0.918342	-0.454853	-1.151069	-0.524998	-0.340426	0.630741	-1.232619	0.563728	-0.80582	-0.408447	-0.660751	-0.02659	-0.954966	-1.095836	-1.002043	-0.379724	2.260072	-0.863325	-0.307521	0.048103	-0.647746	-0.107474	-0.693647	-0.681268	-0.858611	-1.234347	-0.701138	-0.876227	-0.61156	-0.385439	0.36582	-0.902633	-0.690545	0.001568	-1.177605	-1.201596	-0.823445	-0.884079	-1.116581	-0.298308	-1.28541	-0.566942	-1.01975	-0.744316	-0.237809	-0.710927	-0.59876	-0.120526	-0.840688	-0.258611	-0.454745	-1.035147	-0.949552	-0.841353	-0.799004	-0.804606	-1.010181	0.768839	-0.98036	1.5237	-0.075017	-1.08436	-0.665264	-1.154847	-1.125186	-0.932926	0.42826	0.358125	-1.132494	0.079101	-0.455831	-1.261988	-0.557256	-0.307389	-0.969884	-0.608013	-0.436941	-0.613224	-0.556491	0.736974	-1.341163	-0.494292	-1.156184
VisualB_ExStrSup_2_L	-0.851629	-0.942174	0.02352	-0.634973	-0.646124	-0.957378	-0.457221	0.861149	-0.696106	-0.155011	-1.188543	-0.214028	-1.006531	-0.73711	-1.051533	0.262201	-1.097673	-0.918342	-0.454853	-1.151069	-0.524998	-0.340426	-0.648247	-1.232619	0.563728	-0.724726	-0.408447	-0.660751	-0.02659	-0.954966	-1.095836	-1.031971	-0.379724	2.260072	-0.863325	-0.921751	-1.181191	-0.647746	-1.148828	-0.706724	-0.681268	-0.858611	-1.070484	0.700763	-0.876227	-0.61156	-0.385439	-0.706121	-0.43813	-0.690545	0.001568	-1.177605	-1.201596	-0.823445	-0.942226	-1.116581	-0.71434	-1.28541	-0.566942	-0.626087	-0.744316	-1.093866	0.190695	-0.59876	-1.14172	-0.840688	-0.258611	-0.577914	-1.035147	-0.949552	-0.841353	-0.908193	-0.804606	-1.010181	0.768839	-0.98036	0.599437	-0.485749	-1.08436	-0.665264	-1.154847	-1.125186	-0.932926	0.42826	0.358125	-1.132494	-0.652822	-0.455831	-1.261988	-0.625932	-0.307389	-0.969884	-0.608013	-0.720371	-0.816627	-0.556491	0.736974	-1.341163	-0.494292	-1.156184
VisualB_ExStrSup_3_L	-0.921287	-0.942174	-0.809529	-0.634973	-0.98254	-0.798311	0.493441	-0.00983	-0.696106	-0.155011	-1.188543	-0.865898	-1.296508	-0.863293	-1.051533	-1.124217	-1.097673	-0.275682	-0.787842	-1.151069	-0.75659	-0.340426	-0.648616	-1.232619	-1.060233	-0.80582	-0.798612	-1.083835	0.022253	-0.954966	-1.282276	-1.000872	0.025802	-0.461924	0.145757	-1.220232	-1.181191	-1.047805	0.731135	-0.940772	-0.702884	0.385199	-1.234347	-0.701138	0.326492	-0.61156	-0.54821	-0.706121	-0.902633	-0.120834	0.001568	-1.029431	-0.375598	-0.87381	-0.942226	-0.558055	-0.848373	-1.28541	-0.566942	-1.250662	-0.516637	-1.093866	-0.07946	-0.809665	-0.997804	-0.885191	-0.692457	-0.639766	-0.818361	-0.755035	-0.841353	-0.890505	0.290787	-0.276196	-0.936137	-0.98036	1.5237	-0.861415	-1.375319	-0.665264	-0.619959	-1.125186	-0.932926	-0.843744	-1.03732	-1.132494	-0.639555	-1.262356	-1.261988	-0.85882	-0.868404	-1.60632	-0.608013	-0.679349	-0.291506	-1.120246	-0.434157	-1.341163	-0.7923	-1.052553
VisualB_ExStrSup_4_L	-0.933149	-0.942174	-0.809529	-0.634973	0.552787	-0.957378	0.493441	-0.00983	-0.696106	-0.155011	-1.188543	-0.689786	-1.006531	-0.73711	-0.932819	0.397732	-1.097673	-0.918342	-0.454853	-1.151069	-0.75659	-0.340426	-0.648616	0.149339	-0.750017	-0.724726	-0.408447	-0.660751	0.45674	-0.954966	-1.095836	-1.002043	-0.379724	-0.461924	-0.863325	-0.921751	-1.181191	-1.047805	-1.148828	-0.693647	-0.599491	-0.858611	-1.070484	0.700763	-0.876227	-0.61156	-0.385439	-0.706121	-0.902633	-0.826722	-1.011802	-1.029431	-1.297221	-0.823445	-0.942226	-1.116581	-0.667563	-1.28541	0.379392	-0.626087	0.321308	-1.093866	-0.07946	-0.659757	-1.14172	-0.94571	-0.258611	-0.876675	-0.818361	-1.000899	-0.841353	-0.908193	-0.804606	-0.417011	0.768839	0.373112	-1.765116	-0.769893	-1.375319	-0.665264	-1.154847	-1.125186	-0.932926	0.42826	-1.03732	-1.132494	-0.639555	-0.455831	-1.261988	-0.557256	0.632257	-0.969884	-0.608013	-0.720371	-0.895562	-0.556491	0.736974	-1.341163	-0.494292	-0.830613
VisualB_ExStrSup_5_L	-0.658093	-1.434433	-0.809529	-0.634973	-0.212053	-1.263605	-0.457221	-1.823938	-0.696106	-0.155011	-1.188543	-0.689786	-1.081109	-0.863293	-1.051533	-1.162996	-1.097673	-0.275682	-0.012117	-1.151069	-0.75659	-0.340426	-0.648616	-1.232619	-1.002105	-0.724726	1.953403	-1.083835	-0.703197	-0.954966	-1.574138	-1.219199	0.025802	-0.461924	-0.171465	-0.921751	-1.19973	-0.395981	-0.852457	-0.693647	-0.599491	0.385199	-1.012782	-0.701138	-0.876227	-0.61156	-0.54821	-1.263958	-0.902633	-0.109085	-1.011802	-1.177605	-1.577799	-0.87381	-0.942226	-1.116581	-0.317342	-1.28541	0.379392	-0.550756	-0.945942	-1.093866	-0.07946	-0.809665	-1.14172	-0.840688	-0.933021	-0.639766	-0.928633	-1.000899	-1.378112	-0.890505	0.290787	0.26695	-1.331433	-1.131008	-1.765116	-0.785265	-1.375319	-0.665264	-1.33193	-1.045262	-0.932926	0.466917	-0.630008	-1.132494	-1.110832	-1.262356	-1.261988	-0.85882	-0.868404	-1.60632	-1.174881	-1.002594	-0.497531	-1.120246	0.736974	-1.056421	-0.7923	-0.368066
VisualB_Striate_1_L	-0.471983	-0.942174	0.555858	-0.634973	-0.646124	-0.891779	1.233827	0.215061	-0.696106	-0.155011	-1.170663	-0.214028	-1.296508	-0.863293	-1.051533	-0.505996	-0.669642	-0.757789	0.38283	-1.151069	1.368747	-0.340426	-0.656591	0.149339	-1.060233	-0.724726	-0.828203	-0.660751	-0.02659	-0.954966	-1.095836	-1.219199	-0.379724	2.260072	-0.888903	-1.220232	0.048103	-1.047805	0.068598	-0.492835	-0.714282	-0.858611	-1.063742	-0.701138	-0.228218	-0.61156	-0.925728	-0.706121	-0.43813	-0.990133	0.001568	0.080897	-1.297221	-0.823445	-0.884079	-0.239971	-0.71434	-1.28541	-0.566942	-1.01975	-0.744316	-1.093866	-0.710927	-0.159625	-1.14172	-0.94571	-1.00544	-0.577914	-1.035147	-0.949552	-0.841353	-0.908193	-0.804606	-1.010181	-1.331433	-0.98036	0.599437	-0.485749	-1.375319	-0.665264	-1.154847	-1.125186	-0.191775	-0.996506	0.358125	-1.132494	-0.973136	-0.455831	-1.261988	1.178435	-0.307389	-1.60632	-1.174881	-1.127269	-0.164988	-0.556491	-0.61754	-1.341163	-0.7923	0.936945
VisualB_Striate_2_L	-0.471983	-0.942174	-1.059949	-0.634973	-0.646124	-1.139372	1.233827	0.215061	-0.752784	0.882871	-1.188543	-0.865898	-1.296508	-0.595969	-1.051533	0.179877	-1.097673	-0.796063	-0.787842	-1.102465	-0.75659	-0.340426	-0.648247	0.329907	-1.002105	0.182156	-0.193218	-1.083835	-1.144606	-0.954966	-1.095836	-1.000872	0.025802	-0.461924	0.145757	-1.220232	-1.105269	-1.001991	-0.852457	-0.547852	-1.028698	-0.190681	-1.070484	-0.701138	-1.065561	-0.61156	-0.54821	-0.706121	-0.498287	-0.826722	-1.011802	-1.177605	-0.375598	-0.87381	-0.942226	-0.447709	-0.71434	-1.28541	-0.566942	-1.250662	-0.792327	-1.093866	-0.710927	-0.809665	-0.997804	-0.885191	-0.875436	-0.876675	-0.928633	-0.755035	-0.841353	-0.890505	-0.804606	-1.010181	-0.936137	-1.131008	-0.918924	-0.861415	-1.375319	-0.665264	-1.33193	-1.045262	-0.932926	0.466917	-1.03732	-1.132494	-0.321574	-1.262356	-1.261988	-0.85882	-0.868404	-0.544633	-1.174881	-0.842548	-0.613224	-0.556491	-0.61754	-1.341163	-0.7923	-0.830613
VisualB_Striate_3_L	-0.471983	-0.942174	-0.809529	-0.634973	-0.646124	-0.891779	-0.457221	0.215061	-0.696106	-0.155011	-1.188543	-0.214028	-1.296508	-0.73711	-1.051533	0.179877	-0.669642	-0.757789	-0.454853	-1.151069	-0.524998	-0.340426	-0.648247	-1.232619	0.563728	-0.724726	-0.828203	-1.083835	0.45674	-0.954966	-1.095836	-1.219199	-0.379724	2.260072	-0.863325	-0.921751	-1.181191	-1.047805	-1.148828	-0.547852	-0.714282	-0.858611	-1.070484	-0.701138	-0.876227	-0.61156	-0.925728	0.36582	-0.498287	-0.826722	0.001568	-1.177605	-1.297221	-0.823445	-0.884079	-0.741545	-0.71434	-1.28541	-0.566942	-1.01975	-0.744316	-1.093866	-0.710927	-0.809665	-1.14172	-0.885191	-0.258611	-0.454745	-0.669363	-0.949552	-0.841353	-0.908193	-0.804606	-0.957947	0.768839	-0.98036	1.289186	-0.075017	-1.375319	-0.665264	-1.154847	-1.125186	-0.932926	-0.996506	-1.03732	-1.132494	0.079101	-0.455831	-1.261988	-0.570055	0.632257	-1.60632	-0.608013	-1.002594	-0.816627	-0.556491	-0.015112	-1.341163	-0.7923	-0.830613
VisualC_ExStr_1_L	-0.471983	0.072396	-0.809529	-0.634973	-0.646124	-0.891779	-0.457221	0.215061	-0.696106	-0.155011	-1.188543	-0.214028	-1.296508	-0.863293	-1.051533	2.307152	-0.669642	-0.275682	0.38283	-1.151069	-0.524998	-0.340426	-0.648616	-1.232619	0.563728	-0.80582	-0.828203	-0.660751	0.45674	-0.954966	-1.095836	-1.219199	-0.379724	2.260072	-0.863325	-0.307521	0.048103	-1.047805	-1.148828	-0.706724	-0.681268	-0.858611	-1.209064	-0.701138	-0.876227	-0.61156	-0.925728	-0.706121	-0.902633	-0.826722	0.001568	-1.177605	-1.297221	-0.823445	-0.884079	-1.116581	-0.298308	-1.28541	-0.566942	-1.01975	-0.744316	-0.237809	0.190695	-0.809665	-1.14172	-0.885191	-1.00544	-0.876675	-0.818361	-0.949552	-0.841353	-0.908193	0.290787	-1.010181	0.768839	-0.98036	1.5237	-0.485749	-1.375319	-0.665264	-1.154847	-1.125186	-0.932926	-0.996506	0.358125	-1.132494	-0.652822	-0.455831	-1.261988	-0.625932	-0.882175	-1.183247	-1.174881	-1.127269	-0.816627	-1.17301	-0.015112	-1.341163	-0.7923	-1.156184
VisualC_ExStr_2_L	-0.921287	-0.942174	-0.809529	-0.634973	-0.98254	-1.139372	0.493441	-1.823938	-0.752784	-0.155011	-1.188543	-0.865898	-1.296508	-0.863293	-1.051533	-0.429946	-1.097673	-0.275682	-1.003479	-1.151069	-0.524998	-0.340426	-0.648616	-1.232619	-0.165487	-0.80582	-0.798612	-1.083835	0.084319	-0.954966	-1.282276	0.751771	-0.379724	2.260072	-0.863325	-0.921751	-1.105269	-1.047805	-1.148828	-0.225311	1.440402	-0.384487	-1.209064	-0.701138	-0.162408	-0.61156	-0.54821	-1.263958	-0.902633	-0.120834	0.001568	-0.021069	-1.577799	-0.87381	-0.942226	-1.116581	-0.667563	-1.28541	0.379392	-0.86073	-0.945942	-1.093866	-0.710927	-0.809665	-1.14172	-0.94571	1.990432	-0.876675	-0.928633	-1.000899	-0.841353	-0.890505	0.290787	2.132123	2.277081	-0.98036	0.599437	-0.861415	-1.375319	-0.665264	-0.619959	1.014126	-0.932926	-0.996506	-1.03732	-0.655779	-1.322237	-0.577054	-1.302434	-0.625932	-0.868404	-1.183247	-1.174881	-0.842548	-0.497531	-1.120246	-0.61754	-1.341163	-0.7923	-1.14253
VisualC_ExStr_3_L	-0.471983	-1.434433	0.779345	-0.634973	-0.885008	-0.591862	-0.892475	-0.013401	-0.752784	-1.431931	-0.475038	-0.993352	0.425607	-1.115261	-1.051533	-0.429946	-0.577424	-0.988713	0.38283	-1.151069	-0.246309	-0.340426	1.105775	-0.257786	-1.002105	-0.80582	-0.828203	0.630699	-0.703197	-0.954966	-1.282276	0.751771	-0.787774	-0.461924	-0.863325	-1.285912	-1.105269	-1.001991	-1.148828	-0.492835	-0.599491	-0.15702	-1.070484	0.700763	-0.86623	-0.346335	0.290938	-0.074745	-1.147918	-0.990133	0.001568	-1.177605	-1.577799	-0.875107	-0.942226	-1.116581	-0.71434	-2.26899	-0.537645	-1.250662	-0.792327	-1.093866	-0.710927	-0.809665	-1.14172	-0.8815	-0.692457	-0.876675	-0.928633	-1.124707	-0.841353	-0.890505	-0.893567	0.26695	-0.936137	-1.131008	0.599437	-0.861415	-0.356747	0.473906	-1.33193	-1.045262	-0.932926	0.42826	-1.134506	-1.132494	-0.321574	-0.455831	-1.261988	1.178435	-0.139798	-1.60632	-1.174881	-1.002594	-0.613224	1.713424	-0.015112	-1.341163	-0.158118	0.549825
VisualC_Striate_1_L	-0.851629	-0.942174	0.555858	-0.634973	-0.646124	-0.957378	-0.932211	0.215061	-0.696106	-0.155011	-1.188543	-0.214028	-1.006531	-0.73711	-1.051533	-0.429946	-0.608749	-0.757789	0.38283	-1.151069	1.368747	-0.340426	-0.656591	-1.232619	0.563728	-0.80582	-0.828203	-0.660751	0.45674	-0.954966	-1.095836	-1.000872	-0.379724	2.260072	-0.888903	-1.220232	-1.181191	-1.001991	-1.148828	-0.492835	-0.681268	-0.858611	-1.234347	-0.701138	-0.876227	-0.61156	-0.385439	0.36582	-0.43813	-0.990133	0.001568	-1.177605	-1.201596	-0.823445	-0.942226	-1.116581	-0.71434	-1.28541	-0.566942	-1.01975	-0.516637	-0.237809	-0.710927	-0.59876	-1.14172	-0.885191	1.990432	-0.454745	-1.035147	-0.949552	-0.841353	-0.908193	-0.804606	-1.010181	0.768839	-0.98036	-0.918924	-0.769893	-1.375319	-0.665264	-1.154847	-1.125186	-0.932926	0.42826	0.358125	-1.132494	-0.973136	-0.455831	-1.261988	-0.570055	-0.307389	-0.969884	-1.174881	-0.735383	-0.613224	-0.556491	0.736974	-1.056421	-0.7923	-1.14253
DefaultA_IPL_1_R	-0.921287	-0.415173	-1.059949	-0.834541	0.552787	0.010534	-1.183474	1.150022	1.814847	0.557105	-0.210877	0.90376	-0.367884	-0.922441	0.120037	-1.501906	-0.022898	-0.918342	-1.003479	-0.473311	-0.338637	0.563169	-0.198745	-0.499692	-0.165487	-0.80582	1.478509	1.03115	-0.389803	-1.004602	-0.12904	-1.23097	1.482509	-0.492513	-0.226452	0.574681	-0.99598	-0.648929	-1.449627	-0.084025	-0.079395	-0.45569	-1.012782	-0.322435	-0.876227	-0.109114	-0.54821	2.01389	0.382824	-0.120834	1.521148	-1.072106	-0.080025	0.191844	-1.037181	-1.080903	-0.543695	0.518867	0.379392	-0.460059	-0.625402	0.309126	-1.041614	-0.526517	-0.096146	1.878008	-0.933021	0.467906	0.087786	-0.136495	0.218549	0.136362	-0.042664	-0.276196	-0.793598	1.596022	-1.765116	-0.935705	0.264093	-1.44477	-0.253619	-0.934498	-0.948114	-0.090934	-1.03732	-0.697671	2.098037	0.186467	-0.511363	-0.85882	1.279638	-0.544633	0.834909	-0.720371	-0.704599	-0.151826	-0.881294	1.211181	-1.049259	-0.471132
DefaultA_PCC_1_R	0.709376	-0.415173	-1.28368	0.161311	-0.212053	-1.263605	-0.946734	-1.322163	-0.752784	0.527377	-0.475038	-0.689786	-1.296508	-0.507278	-0.932819	-1.124217	-0.117506	-0.796063	-0.012117	-0.416882	-1.665037	-0.180744	-0.613424	-1.232619	-1.002105	-0.113482	-0.828203	-0.932653	-0.8775	0.629147	-1.574138	-1.02578	-1.10312	-0.214945	-0.888903	-1.220232	-1.19973	2.565529	0.068598	-0.694405	1.440402	-0.15702	-0.689948	-0.701138	-0.86623	-0.346335	0.290938	-1.371704	-1.050126	-0.690545	0.93096	0.080897	-0.428328	-0.855951	-0.67813	-0.64653	-0.612584	-1.316109	-0.730133	-0.550756	-0.744316	-1.045208	-0.909531	-0.59876	-1.522078	-0.512763	-1.673618	-0.577914	-0.667481	-0.881046	0.165619	-0.558459	-0.804606	0.26695	-1.331433	-0.98036	0.351649	-0.633209	-1.031369	0.473906	-0.197956	0.879261	0.051639	-0.843744	-0.856147	-1.132494	-0.564709	-0.84322	-0.548525	-0.625932	-0.386659	-0.4112	-1.174881	-1.097715	-0.291506	-0.640332	-0.015112	-0.733822	-0.771698	-0.368066
DefaultA_PFCd_1_R	-0.305266	0.217532	0.779345	0.156735	2.071951	0.70964	-0.721314	0.861149	1.588841	-0.133532	0.457242	2.21315	0.629091	-0.331572	-0.198287	-1.041415	2.193893	-0.775549	-0.464165	1.981732	1.368747	1.73834	1.105775	0.329907	1.787661	-0.583808	1.953403	0.630699	0.084319	-0.575471	1.437742	-1.000872	0.192212	0.092208	1.265879	1.924176	0.001506	0.630364	-0.706308	2.319854	2.859336	-0.175776	-0.280509	-0.486132	-0.465853	0.415717	2.845907	1.04805	2.161014	1.123488	2.243278	-0.067497	1.857636	1.791565	-0.601307	0.350698	0.11497	-0.337692	2.193906	1.205542	0.321308	0.764971	-1.128436	1.401974	1.966883	0.011962	0.011877	1.563011	1.56795	1.450527	1.54547	1.926416	0.290787	2.132123	-0.435026	0.991657	-0.918924	-0.7121	1.92371	-0.714039	2.319747	1.97411	0.617252	2.833437	-0.630008	1.192774	-0.177588	1.837389	1.67904	-0.897268	0.323363	1.599794	2.334582	2.444839	-0.724974	1.713424	0.957029	0.250215	-0.838284	1.702577
DefaultA_PFCm_1_R	0.709376	0.112273	-0.839795	0.161311	-0.971826	-0.957698	-0.946734	-1.319419	-0.752784	0.527377	-1.188543	-0.562111	1.608662	0.088926	-0.932819	-1.124217	1.140217	0.019427	-0.464165	-0.416882	-0.524998	-0.180744	-0.720649	-0.257786	-0.750017	-0.113482	-0.828203	-0.932653	0.022253	0.87176	-0.40613	-0.82572	-1.10312	-0.214945	0.145757	-1.220232	-1.19973	2.565529	0.437495	-0.575256	1.440402	2.161476	-0.689948	-0.701138	-0.86623	-1.206522	0.290938	-0.074745	-0.568913	-0.109085	0.93096	0.080897	-0.051059	-0.855951	-0.316546	1.937725	-0.612584	-1.316109	-0.330184	-0.550756	0.26611	-1.045208	-0.909531	1.401974	0.555802	-0.840688	-1.00544	-0.577914	-0.818361	-0.505128	0.165619	-0.799004	-0.804606	0.26695	-1.331433	-0.610889	0.351649	0.248116	-0.356747	0.703644	-0.619959	0.879261	0.051639	0.466917	-0.556901	1.491836	-1.322237	-0.577054	-0.548525	-0.625932	-1.431625	-0.4112	-1.174881	-1.127269	1.085918	0.558169	-0.015112	-0.69096	-0.771698	-0.368066
DefaultA_PFCm_2_R	0.709376	0.274923	-0.839795	-0.453143	-0.971826	0.084208	-0.946734	0.861149	-0.752784	0.527377	-1.188543	-0.562111	1.608662	0.088926	-0.932819	-1.124217	1.140217	0.019427	-0.012117	0.859575	-0.524998	-0.180744	-0.470518	-0.015263	-0.750017	-0.113482	-0.828203	-0.932653	0.022253	0.87176	-0.40613	-0.82572	-1.10312	-0.214945	0.145757	-1.285912	-1.19973	2.565529	0.437495	2.319854	1.440402	2.161476	-0.689948	-0.701138	-0.86623	0.627098	0.290938	-0.074745	-0.43813	-0.109085	0.93096	0.080897	0.511445	-0.855951	-0.316546	1.937725	1.174727	-1.316109	-0.330184	1.069791	0.26611	-1.045208	-0.909531	1.401974	0.555802	-0.840688	-1.00544	-0.577914	-0.818361	0.799078	0.165619	0.406032	-0.804606	0.26695	-1.331433	-0.610889	0.351649	0.248116	-0.356747	0.703644	-0.197956	0.879261	0.051639	0.466917	-0.556901	1.491836	-1.322237	-0.577054	-0.548525	-0.64548	-1.431625	-0.4112	-1.174881	0.914025	1.085918	0.558169	-0.015112	-0.69096	-0.771698	-0.368066
DefaultA_PFCm_3_R	0.709376	0.217532	-0.839795	0.161311	-0.971826	-1.263605	-0.946734	-1.322163	-0.752784	0.527377	-1.188543	-0.689786	1.608662	0.088926	-0.481407	-1.124217	1.140217	0.019427	-0.787842	-0.416882	-0.524998	-0.180744	-0.197801	-0.257786	-0.750017	-0.113482	-0.828203	-0.932653	0.022253	0.87176	-0.40613	-0.82572	-1.10312	-0.214945	0.145757	-1.220232	-1.19973	2.565529	0.437495	-0.940772	1.440402	2.161476	-0.689948	-0.701138	-0.162408	-1.206522	0.290938	-0.074745	-0.568913	-0.109085	2.243278	-1.029431	0.511445	-0.855951	-0.316546	1.937725	-0.612584	-1.316109	-0.330184	-0.550756	0.26611	-1.045208	-0.909531	-0.59876	-1.522078	-0.840688	-1.00544	-0.577914	-0.818361	0.799078	-1.378112	0.406032	-0.804606	0.26695	-1.331433	-0.98036	-0.71032	-0.633209	-0.356747	0.473906	-0.471545	0.879261	0.051639	0.466917	-0.556901	1.491836	-0.097108	-0.577054	-0.548525	-0.625932	-1.431625	-0.4112	-1.174881	-1.127269	-0.291506	-0.640332	-0.015112	-0.69096	-0.771698	-0.368066
DefaultA_PFCm_4_R	-0.658093	-0.942174	-1.059949	-0.634973	-0.646124	-1.139372	-0.892475	-1.823938	-0.696106	-0.133532	-1.170663	-0.689786	-1.296508	-0.595969	-1.051533	2.307152	-1.097673	-0.275682	-1.003479	-1.151069	-0.524998	-0.340426	-0.632959	-0.745472	-1.002105	-0.113482	-0.798612	-0.660751	-1.144606	-0.768802	-1.574138	-0.82572	-1.298783	-0.214945	-0.863325	-0.921751	-1.181191	-0.395981	-0.852457	-0.940772	-0.702884	-0.15702	-1.070484	0.700763	-0.86623	-0.61156	0.290938	0.045323	-1.147918	-0.826722	2.243278	-1.177605	-1.297221	-0.87381	-0.316546	-0.447709	-0.71434	-1.28541	-0.537645	-0.86073	-0.945942	-1.093866	-0.710927	-0.809665	-1.14172	-1.026552	-0.875436	-0.639766	-0.663335	-0.755035	-0.841353	-0.890505	-0.804606	-0.276196	-0.936137	1.596022	-0.918924	-0.485749	-0.356747	-0.665264	-0.619959	0.879261	-0.932926	0.466917	-0.630008	-1.132494	-0.584598	-0.455831	-1.261988	-0.625932	-0.139798	-1.60632	-1.174881	-1.002594	-0.497531	-1.120246	-0.015112	-1.341163	-0.792011	-0.367799
DefaultA_PHC_1_R	-0.851629	-0.942174	0.02352	0.622129	-0.646124	-0.957378	-0.932211	-1.322163	-0.696106	-0.155011	-0.538154	1.150091	-1.006531	-0.73711	-0.876598	-1.162996	-0.669642	-0.757789	0.38283	-1.123388	1.368747	-0.340426	-0.632959	0.149339	0.563728	-0.724726	-0.408447	1.004767	0.45674	-0.954966	0.621825	-0.608506	0.306271	-0.461924	-0.888903	-0.921751	-0.196418	-1.001991	-1.148828	-0.693647	-0.402194	-0.947423	-1.024223	1.44645	0.675574	1.067327	-0.686757	-0.706121	-0.43813	-0.826722	0.001568	-1.177605	-1.201596	-0.823445	-0.884079	-1.116581	-0.848373	-0.477918	-0.566942	-0.60689	0.125526	-0.237809	-0.710927	-0.59876	1.353056	0.135957	1.004804	-0.876675	-0.669363	-0.949552	-0.841353	-0.38412	-0.893567	0.884147	0.768839	0.373112	0.599437	-0.485749	-1.375319	-0.665264	0.142409	-1.125186	-0.932926	0.42826	0.358125	-1.132494	-0.584598	-0.455831	-0.066072	0.92381	1.588455	-1.60632	-0.486996	0.88557	-0.497531	-0.556491	0.736974	2.354629	-0.303421	-0.830613
DefaultA_Temp_1_R	-0.851629	-0.399084	0.02352	-0.634973	-0.98254	-0.957378	-0.457221	-0.915388	-0.696106	-0.155011	-0.538154	-0.562111	-1.006531	-0.73711	-0.876598	-1.162996	-0.117506	-0.757789	0.38283	-1.151069	-0.308665	-0.340426	-0.632959	2.644519	0.563728	-0.724726	-0.408447	0.820749	0.45674	-0.954966	-1.095836	-1.031971	0.306271	-0.461924	-0.863325	-0.921751	-1.181191	-1.001991	-1.148828	-0.693647	-0.681268	-0.858611	-1.024223	0.700763	-0.876227	-0.61156	-0.686757	0.36582	-0.498287	-0.826722	0.001568	-1.177605	-1.201596	-0.823445	-0.884079	-1.116581	-0.848373	1.045648	-0.566942	-0.626087	0.125526	-0.237809	-0.710927	-0.41698	-0.687993	0.277136	1.004804	-0.876675	-0.669363	-0.949552	-0.841353	-0.908193	-0.893567	0.884147	0.768839	0.426678	0.599437	-0.485749	-0.507534	-1.116929	-0.258728	-1.125186	-0.932926	0.42826	0.358125	-1.132494	-0.584598	-0.455831	-0.432535	-0.557256	1.588455	-1.60632	-0.260701	-0.720371	-0.895562	-0.556491	2.070396	-0.318467	-0.7923	-0.313007
DefaultA_Temp_2_R	-0.851629	-0.942174	1.240481	0.622129	-0.98254	-0.957378	-0.457221	0.215061	-0.696106	-0.155011	-0.538154	1.150091	-1.006531	-0.595969	-0.876598	-1.162996	-0.669642	-0.757789	0.38283	-1.151069	-0.308665	-0.340426	0.055657	0.149339	0.563728	-0.724726	-0.408447	1.004767	0.45674	-0.954966	0.076028	-1.031971	0.306271	-0.461924	-0.863325	-0.921751	-0.196418	-1.001991	-1.148828	-0.492835	-0.402194	-0.947423	-1.024223	0.700763	0.675574	-0.61156	-0.686757	0.36582	-0.498287	-0.826722	0.001568	-1.177605	-1.201596	-0.823445	-0.884079	-1.116581	-0.848373	1.307372	-0.566942	-0.60689	0.125526	-0.237809	0.190695	-0.159625	-1.14172	0.277136	1.004804	-0.876675	-0.669363	-0.949552	-0.841353	-0.114563	1.449116	0.884147	0.768839	0.373112	0.599437	-0.485749	-0.507534	-0.665264	-1.154847	-1.125186	-0.932926	0.42826	0.358125	-1.132494	-0.584598	-0.455831	-0.066072	0.92381	1.588455	-0.969884	-0.260701	-0.436941	-0.895562	-0.556491	0.736974	2.354629	-0.7923	-0.830613
DefaultA_Temp_3_R	-0.889854	-0.386982	0.239984	-0.834541	-0.385872	-0.167094	0.225499	-0.915388	0.389173	2.039818	-0.538154	-0.562111	-0.367884	-0.73711	-0.6576	-1.501906	-0.022898	-0.918342	1.366428	-0.507021	0.224019	0.338331	-0.389709	2.644519	0.563728	0.053412	0.396067	1.457413	-0.02659	-1.004602	-0.493402	-1.219199	1.379442	-0.12261	-0.226452	0.574681	-1.181191	-0.369915	1.704869	-0.084025	-0.079395	-1.011525	-1.234347	1.44645	-0.968173	1.067327	-0.400028	2.01389	-0.568913	-0.353437	-1.011802	-1.072106	-0.080025	-0.422066	-0.884079	-0.741545	-0.848373	0.536953	0.379392	-0.078309	-0.625402	0.604387	-0.710927	-0.526517	-0.096146	0.277136	1.990432	0.467906	-0.593927	-1.000899	0.218549	0.069955	0.334805	0.884147	0.768839	0.426678	-0.169974	-0.769893	-0.086604	-1.116929	0.205489	-0.934498	-0.932926	-0.406006	1.717553	-0.697671	2.098037	0.727448	-0.432535	-0.570055	1.588455	-0.544633	-0.260701	0.88557	-0.704599	-0.318679	-0.434157	1.211181	-0.792011	0.936945
DefaultA_TempPole_1_R	-0.851629	-0.386982	-0.809529	-0.834541	-0.385872	-0.957378	-1.183474	-0.00983	-0.696106	-0.155011	-0.43739	-0.562111	-0.367884	-0.73711	0.102322	-1.162996	-1.097673	-0.918342	1.366428	-1.151069	-0.308665	-0.340426	0.630741	0.149339	0.563728	-0.80582	0.396067	1.457413	0.45674	-0.954966	-1.095836	-1.002043	0.700408	-0.461924	-0.863325	0.574681	-1.181191	-1.001991	-1.148828	-0.084025	-0.402194	-0.858611	-1.024223	0.700763	-0.876227	-0.61156	-0.54821	2.01389	-0.498287	-0.826722	-1.011802	-1.177605	-1.201596	-0.823445	-0.884079	-1.116581	-0.848373	1.307372	0.379392	-0.460059	-0.625402	-0.237809	-0.710927	-0.526517	-0.687993	0.277136	1.990432	-0.876675	-0.669363	-0.949552	-0.841353	-0.908193	-0.176415	-0.992019	0.768839	0.426678	0.599437	-0.769893	-0.507534	-1.116929	0.205489	-1.125186	-0.932926	0.42826	0.358125	-1.132494	2.098037	0.727448	-0.432535	-0.557256	1.588455	-0.969884	-0.608013	-0.436941	-0.895562	-0.318679	-0.61754	0.367944	-0.792011	-1.052553
DefaultA_TempPole_2_R	-0.658093	-0.942174	0.555858	-0.634973	-0.646124	-0.957378	-0.892475	1.241178	-0.696106	-0.155011	-1.188543	-0.689786	-1.296508	-0.15717	0.406844	-0.429946	-1.341257	-0.001055	-0.787842	-1.151069	-0.524998	-0.340426	-0.632959	0.149339	-0.165487	-0.113482	-0.193218	-1.083835	-0.8775	-0.954966	-1.282276	-1.000872	0.532055	-0.461924	-0.171465	-0.921751	-1.181191	-1.001991	-1.10813	-0.492835	-0.702884	-0.15702	-1.070484	-0.701138	-0.539904	0.679166	-1.015492	0.830289	-0.642865	-0.990133	2.243278	-1.177605	-1.577799	-0.87381	-0.942226	-0.447709	-0.298308	-1.28541	-0.566942	-0.60689	-0.792327	-0.243359	-0.710927	-0.526517	-1.14172	-0.8815	-0.692457	-0.639766	-0.663335	-0.755035	-0.841353	-0.890505	-1.167866	-0.992019	-0.936137	-1.131008	-1.765116	-0.785265	-0.356747	-0.665264	-0.619959	-1.125186	0.051639	-0.299435	-0.856147	-0.655779	-0.584598	-0.455831	-1.261988	-0.625932	-0.773536	-1.60632	-0.260701	-1.002594	-0.291506	-1.120246	0.736974	-0.69096	-0.792011	-1.052553
DefaultA_pCun_1_R	-0.933149	-0.415173	-1.28368	0.161311	-0.990831	-1.263605	-0.892475	-1.322163	-0.752784	0.527377	-0.475038	-0.689786	-1.296508	-0.507278	-0.932819	-1.124217	-1.097673	-0.796063	-0.787842	-0.416882	-1.665037	-0.693466	-0.470518	-1.232619	-1.002105	-0.113482	-0.828203	-0.932653	-0.8775	-0.977146	-1.574138	-1.02578	-0.787774	-0.214945	-0.888903	-1.285912	-1.19973	-0.831417	0.068598	-0.694405	-0.599491	-0.15702	-0.689948	-0.701138	-0.86623	-0.346335	0.290938	-1.371704	-1.050126	-0.690545	-0.651646	0.080897	-0.428328	-0.855951	-0.67813	-0.64653	-0.71434	-1.316109	-0.730133	-0.878771	-0.744316	-1.045208	-1.128436	-0.59876	-1.522078	-0.512763	-0.875436	-0.639766	-0.667481	-0.881046	0.165619	-0.558459	-0.762476	0.26695	-1.331433	-0.98036	0.351649	-0.633209	-0.356747	0.473906	-0.258728	-0.197096	-0.51396	-0.843744	-0.856147	-1.132494	-0.564709	-0.84322	-0.383834	-0.64548	-0.882175	-0.4112	-1.174881	-1.097715	-0.291506	-0.640332	-0.015112	-0.733822	-0.771698	-0.368066
DefaultB_FPole_1_R	0.709376	0.112273	-1.240739	0.161311	-0.971826	-0.157688	-0.946734	-1.322163	-0.752784	0.527377	-1.188543	-0.689786	1.608662	0.088926	-0.481407	-1.124217	-0.117506	0.019427	0.302861	-0.416882	2.301362	-0.180744	-0.197801	-0.257786	0.563728	-0.113482	-0.828203	-0.932653	0.022253	0.87176	-1.282276	-0.82572	-1.10312	-0.214945	0.145757	-1.220232	-1.19973	2.565529	0.437495	-0.575256	1.440402	2.161476	-0.689948	-0.701138	-0.162408	0.415717	0.290938	-0.074745	-0.568913	-0.109085	0.93096	-1.029431	0.511445	-0.855951	-0.316546	1.937725	-0.612584	-1.316109	-0.330184	-0.550756	0.26611	-1.045208	-0.909531	-0.59876	-1.522078	-0.840688	-1.00544	-0.577914	-0.818361	-0.505128	-1.378112	-0.799004	-0.804606	0.26695	-1.331433	-0.98036	-0.71032	-0.633209	-0.356747	0.473906	-0.471545	0.879261	-0.51396	0.466917	-0.556901	1.491836	-1.322237	-0.84322	-1.009687	-0.625932	-1.431625	0.295586	-1.174881	-1.127269	-0.291506	-0.640332	-0.015112	-0.69096	-0.771698	-0.368066
DefaultB_IPL_1_R	-0.921287	-0.415173	-1.059949	-0.834541	0.552787	-0.157688	-0.892475	1.150022	1.814847	0.557105	-0.43739	1.026169	0.152441	-1.086562	-0.602117	-1.501906	-0.022898	-0.764193	-0.316166	-0.473311	-0.003172	0.563169	-0.198745	0.097028	-1.002105	-0.80582	1.478509	1.03115	-0.389803	-1.004602	-1.008354	-1.23097	0.000707	-0.835336	-0.226452	0.166935	-0.99598	-1.034477	-1.449627	-0.420701	-0.289828	-0.770915	-1.063742	-0.322435	-0.876227	-0.529259	-0.54821	2.01389	0.382824	-0.120834	-0.024772	-1.072106	-0.080025	-0.875107	-1.037181	-1.080903	-0.835697	0.518867	0.379392	-1.01975	-0.625402	0.309126	-1.041614	-0.526517	-0.096146	1.878008	-0.508801	0.467906	0.087786	-0.136495	0.218549	0.136362	-0.042664	-0.276196	-0.793598	1.596022	-1.765116	-0.935705	0.340193	-1.44477	-0.253619	-0.934498	-0.948114	0.726195	-1.03732	-0.697671	-1.110832	0.186467	-0.511363	-0.739551	1.116636	-0.544633	0.834909	-0.146874	-0.704599	-0.151826	-0.881294	1.211181	-1.049259	-0.471132
DefaultB_PFCd_1_R	0.821711	0.217532	-0.839795	-0.453143	2.071951	1.484579	-0.348464	0.861149	1.588841	1.267479	0.457242	2.21315	0.841036	0.546116	-0.198287	-1.041415	2.193893	0.019427	0.302861	0.859575	-0.75659	1.73834	0.630741	-0.015263	1.787661	-0.583808	1.953403	0.630699	2.610539	0.87176	1.437742	-1.000872	0.192212	1.749055	1.265879	1.901942	0.001506	2.565529	-0.706308	2.319854	2.859336	-0.175776	-0.280509	-0.486132	-0.465853	0.627098	2.845907	0.045323	0.7675	2.002027	2.243278	-0.067497	1.857636	0.532697	-0.601307	0.350698	-0.317342	-0.337692	2.193906	1.339485	0.264914	0.764971	-0.754416	1.401974	1.388213	0.011962	-1.00544	1.563011	1.56795	1.450527	1.051853	1.926416	0.290787	2.132123	-0.435026	0.991657	0.351649	-0.132149	0.574555	0.703644	2.319747	0.436769	0.617252	2.833437	-0.630008	1.491836	-0.177588	1.837389	1.67904	-0.897268	-0.139798	1.413831	-0.321165	0.914025	1.085918	0.558169	0.957029	-0.06265	0.001648	1.268895
DefaultB_PFCd_2_R	0.821711	0.217532	-0.839795	-0.453143	-0.971826	0.662388	-0.348464	0.861149	0.701087	0.527377	0.457242	-0.562111	0.841036	0.088926	-0.082984	-0.262312	1.140217	0.019427	-0.464165	0.859575	-0.75659	-0.180744	0.008079	-0.015263	1.787661	-0.113482	-0.828203	-0.932653	0.022253	0.87176	-0.117013	-0.82572	-0.519629	0.619869	0.145757	-1.285912	0.001506	2.565529	0.437495	2.319854	1.440402	2.161476	-0.280509	-0.701138	-0.86623	0.627098	0.290938	0.863154	-0.43813	-0.109085	0.93096	0.080897	0.511445	-0.171361	-0.316546	0.350698	-0.317342	-1.316109	-0.330184	1.339485	0.26611	0.764971	-0.909531	1.401974	1.388213	-0.840688	-1.00544	-0.577914	-0.818361	1.450527	-0.179444	1.926416	0.290787	0.26695	-1.331433	-0.610889	0.351649	0.248116	-0.356747	0.703644	1.846102	0.436769	0.617252	2.833437	-0.556901	1.491836	-1.110832	-0.577054	-1.009687	-0.64548	-1.431625	-0.4112	-0.321165	0.914025	1.085918	0.558169	-0.015112	-0.69096	-0.771698	1.268895
DefaultB_PFCd_3_R	0.709376	0.274923	-0.839795	-0.453143	-0.971826	-0.957698	-0.946734	-1.319419	-0.752784	0.527377	-1.188543	-0.562111	1.608662	0.088926	0.794494	-0.262312	1.140217	0.019427	-0.464165	0.859575	-0.524998	-0.180744	-0.470518	-0.015263	-0.750017	-0.113482	-0.828203	-0.932653	0.022253	0.87176	-0.40613	-0.82572	-1.10312	0.619869	0.145757	-1.285912	-1.19973	2.565529	0.437495	2.319854	1.440402	2.161476	-0.689948	-0.701138	-0.86623	0.627098	0.290938	0.863154	-0.43813	-0.109085	0.93096	0.080897	0.511445	-0.855951	-0.316546	1.937725	1.174727	-1.316109	-0.330184	-0.550756	0.26611	-1.045208	-0.909531	1.401974	0.555802	-0.840688	-1.00544	-0.577914	-0.818361	0.799078	1.524493	0.406032	-0.804606	0.26695	-1.331433	-0.610889	0.351649	0.248116	-0.356747	0.703644	1.846102	0.879261	0.051639	0.466917	-0.556901	1.491836	-1.322237	-0.577054	0.13794	-0.64548	-1.431625	-0.4112	-1.174881	0.54188	1.085918	0.558169	-0.015112	-0.69096	-0.771698	-0.368066
DefaultB_PFCd_4_R	0.709376	0.274923	-0.839795	-0.453143	-0.971826	0.084208	-0.946734	-1.319419	-0.752784	0.527377	-1.188543	-0.562111	1.608662	0.088926	-0.082984	-0.262312	1.140217	0.019427	0.302861	0.859575	-0.524998	-0.180744	-0.470518	-0.015263	1.787661	-0.113482	-0.828203	-0.932653	0.022253	0.87176	-0.40613	-0.82572	-1.10312	0.619869	0.145757	-1.285912	-1.19973	2.565529	0.437495	2.319854	1.440402	2.161476	-0.689948	-0.701138	-0.86623	0.627098	0.290938	-0.074745	-0.43813	-0.109085	0.93096	0.080897	0.511445	-0.855951	-0.316546	1.937725	1.174727	-1.316109	-0.330184	-0.550756	0.26611	-1.045208	-0.909531	1.401974	0.555802	-0.840688	-1.00544	-0.577914	-0.818361	0.799078	-0.400095	0.406032	-0.804606	0.26695	-1.331433	-0.610889	0.351649	0.248116	-0.356747	0.703644	0.205489	0.879261	0.051639	0.466917	-0.556901	1.491836	-1.322237	-0.577054	-0.548525	-0.64548	-1.431625	-0.4112	-1.174881	0.914025	1.085918	0.558169	-0.015112	-0.69096	-0.771698	-0.368066
DefaultB_PFCv_1_R	-0.851629	-0.942174	-0.809529	0.622129	-0.98254	0.010534	-0.457221	-0.00983	-0.696106	-1.165755	-0.538154	1.150091	-1.006531	-0.595969	-0.876598	-1.162996	1.766761	-0.757789	0.38283	-1.151069	-0.308665	-0.340426	0.055657	0.149339	0.563728	1.026724	-0.408447	0.820749	0.022253	-0.954966	0.621825	-1.031971	0.306271	-0.214945	-0.863325	-0.921751	-0.196418	-1.001991	-1.148828	-0.492835	-0.289828	-0.190681	-1.024223	0.700763	0.675574	1.029657	-0.686757	0.36582	-0.498287	-0.826722	0.001568	-1.177605	0.148284	-0.823445	-0.884079	-0.64653	-0.667563	-0.477918	-0.566942	1.109322	-0.744316	-0.237809	-0.710927	-0.159625	-1.14172	-0.885191	1.004804	-1.042446	-0.941816	-1.000899	-0.841353	1.926416	0.201165	0.884147	-1.331433	-0.98036	0.599437	-0.485749	-1.375319	-0.665264	-1.154847	-1.125186	-0.932926	0.42826	0.358125	-0.725595	-0.584598	-0.455831	-0.432535	0.92381	1.588455	-1.183247	-0.486996	-0.720371	-0.895562	-0.556491	0.736974	-0.318467	-0.7923	-0.830613
DefaultB_Temp_1_R	-0.921287	-0.386982	-1.059949	-1.324749	-0.385872	-0.167094	-1.183474	-0.00983	0.389173	2.039818	-0.43739	1.150091	-0.367884	0.372705	-0.6576	-1.501906	-0.022898	-0.918342	0.38283	-0.473311	0.224019	0.563169	-0.389709	2.644519	1.338934	-0.80582	0.396067	0.898859	-0.02659	-1.004602	-1.095836	-1.219199	0.532055	-0.492513	-0.226452	0.166935	-1.181191	-0.648929	-1.449627	-0.706724	-0.079395	-0.720201	-1.012782	2.092888	-0.876227	0.679166	-0.385439	2.01389	0.382824	-0.120834	1.521148	-1.072106	-0.080025	-0.422066	-1.037181	-0.741545	-0.656656	1.011143	0.379392	-0.460059	-0.625402	0.309126	-0.322305	-0.41698	-0.096146	0.822441	0.78519	0.467906	-0.103015	0.027515	0.218549	0.069955	0.334805	0.808019	-0.793598	1.596022	-1.765116	-0.935705	-0.086604	-1.116929	-0.253619	-0.934498	-0.948114	0.726195	1.717553	-0.697671	2.098037	0.727448	-0.432535	-0.570055	1.116636	-0.544633	1.347802	0.317143	-0.704599	-0.318679	2.070396	1.211181	-1.049259	-0.471132
DefaultB_Temp_2_R	-0.921287	-0.386982	0.239984	-1.324749	-0.385872	-0.167094	-1.183474	-0.00983	0.389173	2.039818	-0.43739	1.150091	-0.367884	-0.922441	-0.6576	-1.501906	-0.022898	-0.918342	0.38283	-0.473311	0.224019	0.338331	-0.198745	2.644519	1.338934	-0.80582	0.396067	1.457413	0.45674	-1.004602	-0.429093	-1.219199	0.532055	-0.492513	-0.226452	0.574681	-1.181191	-0.648929	-1.449627	-0.084025	-0.079395	-0.770915	-1.012782	2.092888	-0.968173	-0.61156	-0.54821	0.36582	-0.498287	-0.120834	-0.024772	-1.072106	-0.080025	-0.422066	-1.037181	-1.116581	-0.656656	0.842341	0.379392	-0.38977	-0.625402	0.604387	-0.322305	-0.41698	-0.100805	0.277136	0.78519	0.467906	-0.593927	-0.136495	0.218549	0.069955	-0.042664	0.808019	-0.727143	1.596022	-1.765116	-0.769893	0.376325	-1.116929	-0.258728	-0.934498	-0.937952	0.42826	1.717553	-0.697671	-0.973136	0.727448	-0.432535	-0.570055	1.588455	-0.544633	-0.260701	0.317143	-0.704599	-0.318679	2.070396	1.211181	-1.049259	-0.471132
DefaultB_TempPole_1_R	-0.851629	-0.942174	-0.809529	0.622129	-0.98254	-0.957378	-0.457221	0.215061	-0.696106	-0.155011	-0.538154	-0.562111	-0.367884	-0.595969	-0.876598	-1.162996	-0.669642	-0.757789	0.38283	-1.151069	-0.308665	-0.340426	0.055657	0.149339	0.563728	-0.724726	-0.408447	0.820749	0.45674	-0.954966	-1.008354	-1.031971	0.306271	-0.461924	-0.863325	-0.921751	-1.181191	-1.001991	-1.148828	-0.693647	-0.681268	-0.858611	-1.024223	0.700763	0.675574	-0.61156	-0.686757	0.36582	-0.642865	-0.826722	0.671151	-1.177605	-1.201596	-0.823445	-0.884079	-1.116581	-0.848373	1.045648	-0.566942	-0.60689	0.125526	-0.237809	-0.710927	-0.159625	-1.14172	0.277136	1.004804	-0.876675	-0.669363	-0.949552	-0.841353	-0.114563	-0.176415	0.884147	0.768839	0.373112	0.599437	-0.485749	-0.507534	-0.665264	-0.471545	-1.125186	-0.932926	0.42826	0.358125	-1.132494	-0.584598	-0.455831	-0.066072	0.92381	1.588455	-0.969884	-0.260701	0.88557	-0.895562	-0.556491	2.070396	-0.318467	-0.7923	-1.14253
DefaultB_pCun_1_R	-0.933149	-0.415173	-0.839795	0.161311	-0.990831	-1.263605	-0.892475	-1.322163	-0.752784	0.527377	-0.475038	-0.689786	-1.296508	-0.387083	-0.932819	-1.162996	-0.608749	-0.796063	-0.787842	-0.416882	-1.665037	-0.693466	-0.470518	-1.232619	-1.002105	-0.113482	-0.828203	-0.660751	-0.8775	-0.977146	-1.574138	-1.02578	-0.787774	-0.214945	-0.888903	1.924176	-1.19973	-0.831417	0.068598	-0.694405	-0.599491	-0.15702	-0.689948	-0.701138	-0.86623	-0.346335	0.290938	-1.371704	-1.050126	-0.690545	0.93096	0.080897	-0.428328	-0.855951	-0.67813	-0.64653	-0.71434	-1.316109	-0.730133	-0.878771	-0.744316	-1.045208	-1.128436	-0.59876	-1.522078	-0.512763	-0.875436	-0.639766	-0.667481	-0.881046	-0.766308	-0.558459	-0.762476	0.26695	-1.331433	-0.98036	0.351649	-0.633209	-0.356747	0.473906	-0.197956	-0.197096	-0.51396	-0.843744	-0.856147	-1.132494	-0.564709	-0.84322	-0.383834	1.178435	-0.882175	-0.4112	-0.622095	-1.097715	-0.291506	-0.640332	-0.015112	-0.733822	-0.771698	-1.052553
DefaultC_IPL_1_R	-0.889854	-0.386982	-0.809529	-0.834541	-0.385872	0.010534	-0.892475	-0.383611	-0.782979	0.412728	-0.210877	0.90376	-0.367884	-0.992466	0.120037	-1.501906	-0.022898	-0.918342	1.366428	-0.507021	0.224019	0.563169	-0.389709	0.097028	-0.165487	-0.80582	0.396067	1.457413	-0.02659	-1.004602	-0.115009	-1.23097	1.379442	-0.492513	-0.226452	0.574681	-0.581803	-0.648929	-1.449627	-0.706724	-0.589208	-0.720201	-1.234347	2.092888	-0.876227	0.109068	-0.54821	0.838574	0.382824	-0.867076	1.521148	-0.021069	-0.080025	0.191844	-1.037181	-0.741545	-0.384065	1.011143	0.379392	-0.460059	-0.625402	-0.755448	-0.322305	-0.526517	-0.687993	0.822441	-0.875436	0.467906	-0.269422	-1.000899	0.218549	-0.114563	-0.102685	-1.010181	-0.727143	1.596022	-1.765116	-0.935705	-0.464707	-1.116929	0.51059	-0.934498	-0.937952	-0.090934	-0.264117	-0.697671	2.098037	0.186467	-0.432535	-0.85882	1.44397	-0.544633	0.834909	-0.146874	-0.704599	-0.318679	2.070396	1.211181	-0.792011	-1.156184
DefaultC_IPL_2_R	-0.889854	-0.386982	-0.809529	-0.834541	-0.385872	0.010534	-1.183474	-1.319419	-0.782979	0.557105	-0.210877	0.90376	-0.367884	-0.992466	0.120037	-1.501906	-0.022898	-0.918342	1.366428	-0.507021	0.355401	0.563169	-0.198745	0.097028	-0.165487	-0.80582	0.396067	0.810116	-0.02659	-1.004602	-0.115009	-1.219199	0.700408	-0.492513	-0.226452	0.574681	-0.851127	-1.034477	-1.449627	-0.084025	-0.079395	-0.964585	-1.012782	2.092888	-0.876227	1.067327	-0.54821	2.01389	0.160373	-0.867076	1.521148	-1.072106	-0.080025	0.191844	-1.037181	-0.741545	-0.384065	1.011143	0.379392	-0.460059	-0.625402	0.604387	-1.041614	-0.526517	-0.096146	0.822441	-0.125159	0.467906	-0.269422	-0.243292	0.218549	0.136362	-1.094387	0.808019	-0.727143	1.596022	-1.765116	-0.769893	0.264093	-1.116929	0.51059	-0.934498	-0.937952	0.726195	-0.264117	-0.697671	2.098037	0.186467	-0.432535	-0.85882	1.44397	-0.544633	1.347802	-0.146874	-0.704599	-0.318679	2.070396	1.211181	-1.049259	-0.471132
DefaultC_IPL_3_R	-0.921287	-0.415173	-1.059949	-1.324749	0.552787	0.010534	-1.183474	1.150022	0.389173	0.557105	-0.43739	0.90376	-0.367884	-0.992466	-0.602117	-1.501906	-0.022898	-0.764193	0.302861	-0.473311	-0.338637	0.563169	-0.198745	-0.499692	-1.002105	-0.80582	1.478509	1.03115	-0.389803	-1.004602	-0.12904	-1.23097	0.700408	-0.835336	-0.226452	0.166935	-0.99598	-0.648929	-1.449627	-0.084025	-0.289828	-0.770915	-1.063742	-0.322435	-0.876227	-0.529259	-0.54821	0.199819	0.382824	-0.120834	-0.024772	-1.072106	-0.077447	0.191844	-1.037181	-1.080903	-0.835697	0.518867	0.379392	-0.626087	-0.625402	0.309126	-1.041614	-0.526517	-0.687993	0.822441	-1.673618	0.467906	0.087786	-0.136495	0.218549	0.136362	-1.159397	-0.276196	-0.793598	1.596022	-1.765116	-0.935705	0.264093	-1.44477	-0.253619	-0.934498	-0.948114	0.726195	-1.03732	-0.697671	2.098037	0.186467	-0.511363	-0.85882	1.116636	-0.544633	0.834909	-0.720371	-0.704599	-0.151826	2.070396	1.211181	-1.049259	-0.471132
DefaultC_PFCd_1_R	0.821711	0.217532	-0.839795	-0.453143	-0.971826	1.484579	-0.069515	0.861149	1.588841	1.267479	0.457242	2.21315	0.841036	0.546116	-0.198287	-0.464455	2.193893	-0.775549	-0.012117	0.859575	1.368747	1.73834	0.630741	0.329907	1.787661	-0.583808	1.953403	0.630699	2.610539	0.87176	0.855595	-1.000872	-0.519629	1.749055	1.265879	1.901942	0.001506	2.565529	-0.706308	2.319854	2.859336	-0.192894	-0.280509	-0.486132	-0.465853	0.627098	2.845907	1.457864	0.7675	1.123488	2.243278	-0.067497	1.857636	0.532697	-0.601307	0.350698	0.595082	-0.337692	2.193906	1.339485	0.264914	0.764971	-0.754416	1.578012	1.388213	0.011962	-1.00544	1.563011	1.56795	1.450527	1.524493	1.926416	0.290787	2.132123	-0.435026	0.991657	0.351649	-0.132149	1.92371	0.703644	1.846102	1.97411	0.617252	2.833437	-0.630008	1.491836	0.355448	1.837389	1.67904	-0.897268	-0.139798	1.413831	-0.321165	2.444839	1.085918	1.713424	0.957029	-0.083725	0.001648	1.702577
DefaultC_PHC_1_R	0.709376	-0.942174	0.02352	-0.634973	-0.98254	0.084208	-0.457221	-0.915388	-0.696106	-0.155011	-0.538154	1.150091	-1.030293	-0.73711	-0.481407	-1.162996	-0.608749	-0.796063	-0.454853	-1.151069	0.541121	-0.340426	-0.613424	-1.232619	0.563728	-0.724726	0.084549	1.004767	0.45674	-0.977146	-1.095836	-0.608506	0.306271	0.406088	-0.888903	-0.921751	-0.581803	-0.831417	-1.148828	-0.492835	-0.599491	-0.947423	-1.070484	1.44645	-0.876227	1.067327	-0.385439	-0.706121	-0.568913	-0.690545	0.671151	-1.029431	-0.077447	-0.823445	-0.942226	-0.64653	-0.612584	1.045648	-0.330184	-0.626087	-0.744316	-0.237809	-0.55492	-0.59876	-0.120526	0.135957	-1.673618	-0.639766	-0.667481	-0.949552	0.165619	-0.799004	-0.893567	0.884147	0.768839	0.373112	0.351649	-0.485749	-1.375319	0.703644	-0.471545	-1.125186	0.051639	0.42826	0.358125	-1.132494	-0.584598	-0.455831	-0.548525	-0.557256	1.588455	-0.4112	-0.260701	-0.436941	-0.497531	-0.640332	0.736974	-0.318467	-0.792011	-0.313007
DefaultC_PHC_2_R	-0.889854	-0.386982	-0.809529	-0.834541	-0.385872	-0.167094	0.225499	1.150022	-0.782979	0.412728	-0.538154	1.150091	-1.296508	-0.992466	0.120037	-1.501906	-0.022898	-0.918342	1.366428	-0.507021	0.355401	0.563169	-0.632959	2.644519	1.338934	-0.80582	0.396067	0.907392	-0.02659	-1.004602	-0.294507	-1.23097	1.379442	-0.492513	-0.226452	-0.253004	-1.181191	-1.001991	-1.148828	-0.706724	-0.589208	-0.947423	-1.234347	1.44645	-0.876227	1.067327	-0.54821	2.01389	0.160373	-0.120834	-0.024772	-1.177605	0.061097	0.191844	-1.037181	-0.741545	-0.656656	1.011143	-0.537645	-0.460059	-0.625402	-0.755448	-0.710927	-0.526517	-0.687993	0.822441	1.990432	-0.639766	-0.269422	-1.000899	0.218549	0.136362	-0.102685	-1.010181	-0.727143	0.426678	-1.765116	-0.769893	-0.086604	-1.116929	-0.258728	-1.12614	-0.948114	-0.090934	0.358125	-1.132494	2.098037	0.727448	-0.432535	-0.85882	1.588455	-0.969884	1.347802	-0.146874	-0.895562	-0.318679	0.736974	1.211181	-0.792011	-0.313007
DefaultC_RSC_1_R	-0.933149	-0.415173	-0.809529	-0.634973	-0.990831	-1.263605	-0.892475	-0.915388	-0.696106	0.882871	-0.475038	-0.689786	-1.296508	-0.507278	-1.051533	-1.124217	-0.608749	-0.796063	-0.454853	-0.416882	-1.665037	-0.693466	-0.613424	-0.694841	-0.165487	-1.06663	-0.193218	-0.660751	-0.8775	-0.977146	-1.574138	-1.02578	-0.787774	-0.214945	-0.888903	-0.253004	-1.19973	-0.831417	0.068598	-0.750524	-0.599491	-0.947423	-1.234347	-0.701138	-0.853729	-0.346335	-0.385439	-1.371704	-1.147918	-0.69569	-0.651646	-1.029431	-0.428328	-0.422066	-0.942226	-0.64653	-0.71434	-1.316109	-0.566942	-0.626087	-0.516637	-0.755448	-1.128436	-0.59876	-1.522078	-0.475246	-0.875436	-0.639766	-0.667481	-0.949552	0.596634	-0.558459	0.297241	-1.010181	-0.727143	-0.98036	-0.199639	-0.633209	-1.031369	-0.711448	-0.471545	-0.197096	-0.932926	-0.843744	-0.856147	-1.132494	-0.564709	-0.84322	-0.383834	0.082458	-0.386659	-0.969884	-0.608013	-1.127269	-0.816627	-1.120246	0.736974	0.367944	-0.792011	-1.052553
DefaultC_RSC_2_R	-0.933149	-0.415173	-0.809529	0.161311	-0.212053	-1.263605	-0.892475	-1.322163	-0.752784	0.882871	-0.475038	-0.689786	-1.296508	-0.507278	-0.932819	-1.124217	-1.097673	-0.796063	1.366428	-0.416882	-1.665037	-0.693466	-0.613424	-0.694841	-0.165487	-1.06663	-0.828203	-0.660751	-0.8775	-0.977146	-1.574138	-1.02578	-0.787774	-0.214945	-0.888903	-0.253004	-1.19973	-0.831417	0.068598	-0.694405	-0.599491	-0.15702	-0.689948	-0.701138	-0.86623	-0.346335	0.290938	-1.263958	0.382824	-0.690545	-0.651646	0.080897	-0.428328	-0.855951	-0.942226	-0.64653	-0.71434	-1.316109	-0.730133	-0.550756	-0.744316	-0.755448	-0.55492	-0.59876	-1.522078	-0.512763	-0.875436	-0.577914	-0.667481	-0.881046	0.165619	-0.558459	0.297241	0.26695	-0.727143	-0.98036	0.351649	-0.633209	-1.031369	0.724923	-0.197956	-0.197096	0.051639	-0.843744	-0.856147	-1.132494	-0.564709	-0.84322	-0.383834	-0.625932	-0.386659	-0.4112	-0.622095	-1.127269	-0.291506	-1.120246	0.736974	-0.733822	-0.771698	-1.052553
DefaultC_RSC_3_R	-0.933149	-0.415173	-0.809529	0.161311	-0.98254	-1.263605	-0.457221	-1.322163	-0.752784	0.882871	-0.475038	-0.689786	-1.296508	-0.507278	-0.932819	-1.124217	-0.117506	-0.796063	-0.454853	-0.416882	-1.665037	-0.693466	-0.470518	-1.232619	-1.002105	-0.113482	-0.828203	0.820749	-0.8775	-0.977146	-1.574138	-1.02578	-0.787774	-0.214945	-0.888903	-1.285912	-1.19973	-0.831417	0.068598	-0.694405	-0.599491	-0.15702	-0.689948	-0.701138	-0.853729	-0.346335	-0.385439	-1.371704	-1.050126	-0.690545	-0.651646	0.080897	-0.428328	-0.855951	-0.942226	-0.64653	-0.71434	-1.316109	-0.730133	-0.878771	-0.744316	-0.755448	-0.909531	-0.59876	-1.522078	-0.512763	-1.673618	-0.577914	-0.667481	-0.881046	1.524493	-0.558459	0.297241	0.26695	-0.727143	-0.98036	0.351649	-0.633209	-1.031369	0.473906	-0.258728	-0.197096	0.051639	-0.843744	-1.03732	-1.132494	-0.564709	-0.84322	-0.383834	-0.64548	-0.386659	-0.4112	-0.622095	-1.097715	-0.291506	-1.120246	-0.015112	-0.733822	-0.771698	-1.052553
DefaultC_pCun_1_R	-0.933149	0.072396	0.7323	0.161311	0.138167	-1.263605	-0.892475	-1.319419	-0.752784	0.527377	-0.475038	-0.689786	-1.296508	-0.387083	-0.932819	-1.162996	0.564009	-0.796063	-0.787842	-0.416882	-1.665037	-0.693466	-0.613424	-0.546603	-1.002105	-0.113482	0.084549	-0.616506	-0.8775	-0.977146	-1.574138	-1.02578	-0.787774	-0.214945	-0.888903	-0.921751	-0.581803	-0.831417	0.068598	-0.694405	-0.599491	-0.15702	0.733174	-0.701138	-0.853729	-0.346335	0.225403	-1.371704	-0.568913	-0.690545	-0.024772	-1.029431	-0.428328	-0.87381	-0.942226	-0.207704	-0.71434	-1.316109	-0.730133	-0.626087	-0.744316	-1.045208	0.190695	-0.59876	-1.522078	-0.512763	-0.21199	-0.639766	-0.667481	-0.881046	0.165619	-0.558459	-0.762476	0.26695	-0.435026	-0.98036	0.351649	-0.633209	-0.356747	0.473906	-0.258728	-0.197096	-0.51396	-0.843744	-0.856147	-1.132494	-0.564709	-0.84322	-0.383834	-0.027462	-0.882175	-0.4112	-0.622095	-0.679349	-0.291506	-0.640332	-0.015112	-0.733822	-0.792011	-0.368066
DefaultC_pCun_2_R	-0.933149	-0.415173	0.239984	0.161311	-0.990831	-1.139372	-0.892475	0.524289	-0.696106	0.882871	-0.475038	-0.689786	-1.296508	-0.387083	-0.481407	-1.162996	-1.097673	-0.796063	-0.787842	-0.416882	-1.665037	-0.693466	-0.613424	-0.694841	-1.002105	-0.113482	-0.193218	-0.660751	-0.8775	-0.977146	-1.574138	-1.23097	-0.787774	-0.214945	-0.888903	-0.139803	-0.581803	-0.831417	0.068598	-0.694405	-0.599491	-0.15702	-1.070484	-0.701138	-0.853729	-0.346335	0.225403	-1.371704	-1.050126	-0.690545	-0.024772	-1.029431	-0.428328	-0.855951	-0.942226	-0.207704	-0.71434	-1.316109	-0.330184	-0.626087	-0.744316	-1.045208	-0.55492	-0.59876	-1.522078	-0.512763	-0.875436	-0.639766	-0.667481	-0.881046	0.165619	-0.558459	-0.762476	0.26695	-1.331433	-0.98036	0.351649	-0.633209	-0.147829	0.473906	-0.258728	-0.197096	-0.51396	-0.843744	-1.03732	-1.132494	-0.564709	-0.84322	-0.383834	-0.027462	-0.882175	1.413831	-0.622095	-1.097715	-0.291506	-0.640332	-0.015112	-0.733822	-0.792011	-0.368066
Language_IFG_1_R	-0.305266	1.296709	0.555858	-0.733385	-0.450437	0.70964	-0.348464	-0.013401	1.588841	1.267479	0.645286	2.21315	-0.190915	-0.863293	-0.318849	-1.041415	1.766761	-0.775549	-0.464165	1.06729	1.368747	2.082362	1.105775	0.329907	-0.750017	-0.583808	1.953403	0.630699	2.610539	-0.575471	0.855595	-1.000872	0.192212	1.749055	2.600739	1.901942	0.001506	0.630364	-0.706308	1.433641	2.859336	-0.175776	-0.280509	-0.486132	-0.539904	1.901101	1.008346	1.457864	1.092733	-0.120834	2.243278	-0.846164	0.50106	0.658799	-0.601307	-0.239971	-0.054026	-0.337692	1.524257	1.339485	0.264914	1.020211	-0.218981	1.763797	1.388213	0.011962	-0.3665	1.678064	0.023214	2.294382	1.051853	1.926416	-0.089545	2.132123	0.343725	0.991657	-0.918924	-0.132149	0.340193	-0.714039	2.266791	-0.910612	-0.489997	2.833437	-0.630008	1.192774	-0.177588	1.837389	0.462185	-0.544721	0.836857	1.413831	2.334582	0.311839	-0.724974	1.713424	0.957029	0.250215	-0.838284	0.936945
Language_PFCd_1_R	0.821711	2.639	0.779345	-0.453143	2.071951	1.484579	-0.348464	1.241178	0.701087	1.267479	0.457242	2.21315	0.46224	0.546116	-0.198287	-0.429946	2.193893	-0.775549	0.302861	0.859575	-0.75659	1.73834	0.630741	-0.015263	1.787661	-0.583808	1.953403	-0.235976	0.084319	0.002573	1.437742	-1.000872	-0.519629	0.092208	1.265879	1.901942	0.001506	0.630364	-0.706308	2.319854	2.859336	2.161476	-0.434034	-0.911125	-0.465853	0.627098	2.845907	0.045323	0.7675	2.002027	2.243278	-0.067497	1.857636	1.791565	-0.601307	0.350698	0.11497	-0.337692	2.193906	1.109322	0.264914	0.764971	-0.754416	1.401974	1.388213	0.011962	-0.060555	1.563011	1.56795	1.23172	1.524493	1.926416	0.290787	2.132123	-0.435026	-0.610889	-0.918924	-0.132149	0.376325	0.703644	2.319747	1.97411	0.617252	1.150483	-0.630008	1.192774	-0.177588	1.837389	1.67904	-0.897268	-0.139798	1.413831	-0.321165	2.444839	-0.164988	1.713424	1.145217	-0.06265	0.001648	1.702577
Language_PFCl_1_R	0.821711	2.639	0.779345	0.156735	2.071951	-0.157688	-0.932211	1.241178	1.588841	-0.133532	0.457242	2.21315	2.236924	0.546116	0.91678	-0.429946	2.193893	-0.775549	-0.012117	1.981732	1.368747	2.082362	3.508021	0.329907	1.787661	-0.583808	1.953403	-0.235976	0.084319	-0.575471	1.437742	-1.000872	0.192212	0.092208	1.265879	1.901942	0.206523	0.630364	-0.706308	1.760961	2.859336	0.232959	-0.434034	-0.486132	-0.539904	0.13347	2.845907	1.04805	2.161014	1.123488	2.243278	-0.846164	1.857636	1.791565	-0.633534	-0.239971	-0.36763	-0.337692	2.193906	1.205542	0.321308	2.457127	-1.128436	1.763797	1.966883	0.259059	0.011877	1.563011	1.56795	1.23172	1.54547	2.327749	-0.089545	2.132123	-0.435026	0.991657	-0.918924	-0.7121	1.92371	-0.714039	2.319747	1.97411	-0.460495	0.113424	-0.630008	1.192774	1.614136	1.837389	1.814761	-0.897268	-0.139798	1.413831	2.334582	2.444839	-0.164988	1.713424	1.145217	1.630495	-0.838284	1.702577
Language_PFCl_2_R	-0.305266	1.296709	0.555858	-0.733385	1.181417	1.484579	-0.721314	-0.013401	1.588841	-0.133532	0.645286	2.21315	0.629091	-0.863293	-0.318849	-1.041415	2.193893	-0.775549	2.262133	1.06729	1.368747	2.082362	2.348418	0.329907	-0.750017	-0.583808	1.953403	0.630699	2.610539	-0.575471	1.555781	-1.000872	0.192212	0.092208	1.265879	1.924176	0.001506	0.470453	-0.706308	1.433641	2.859336	-0.192894	-0.280509	-0.486132	-0.539904	1.901101	1.008346	0.894316	1.092733	1.772555	2.243278	-0.846164	1.857636	0.658799	-0.601307	-0.757782	-0.054026	-0.337692	2.193906	1.205542	0.264914	1.020211	-0.218981	1.763797	1.966883	0.011962	-1.00544	1.678064	1.56795	2.294382	1.54547	2.327749	-0.089545	2.132123	0.343725	0.991657	-0.918924	-0.7121	1.92371	-0.714039	2.266791	1.97411	-0.489997	2.833437	-0.630008	-0.208867	1.614136	0.714773	1.814761	-0.544721	-0.139798	1.413831	2.334582	0.311839	-0.724974	1.713424	0.957029	1.120324	-0.838284	0.549825
Language_Temp_1_R	-0.921287	-0.386982	0.239984	-0.834541	-0.385872	-0.167094	-1.183474	0.834731	0.389173	2.039818	-0.43739	1.150091	-1.006531	-0.922441	-0.6576	-1.501906	-0.022898	-0.918342	0.38283	-0.473311	-0.338637	0.338331	-0.389709	2.644519	1.338934	-0.80582	0.396067	0.898859	-0.389803	-1.004602	-0.429093	-1.219199	0.532055	-0.492513	-0.226452	0.166935	-1.181191	-0.648929	-1.449627	-0.706724	-0.079395	-0.770915	-1.012782	2.092888	-0.876227	0.679166	-0.54821	-0.706121	-0.568913	-0.120834	1.521148	-1.072106	-0.080025	0.191844	-1.037181	-0.741545	-0.835697	1.011143	0.379392	-1.01975	-0.625402	0.604387	-0.322305	-0.41698	-0.096146	0.822441	0.78519	0.467906	-0.269422	-0.136495	0.218549	0.069955	-1.159397	0.808019	-0.793598	1.596022	-1.765116	-0.769893	0.376325	-1.116929	-0.258728	-0.934498	-0.937952	-0.406006	1.717553	-0.697671	2.098037	0.727448	-0.432535	-0.570055	0.632257	-0.544633	-0.260701	-1.127269	-0.704599	-0.318679	2.070396	1.211181	-1.049259	0.936945
Language_Temp_2_R	-0.851629	-0.399084	0.02352	-1.324749	-0.98254	-0.957378	-0.457221	0.215061	-0.696106	0.176578	-0.538154	-0.562111	-1.006531	-0.595969	-0.876598	-1.162996	-0.669642	-0.757789	0.38283	-0.507021	-0.308665	-0.340426	-0.632959	0.149339	0.563728	-0.724726	-0.408447	0.820749	0.45674	-0.954966	0.076028	-1.031971	0.306271	-0.461924	-0.888903	-0.921751	-1.181191	-1.001991	-1.148828	-0.693647	-0.681268	-0.858611	-1.024223	0.700763	0.675574	-0.61156	-0.686757	0.36582	-0.568913	-0.826722	0.001568	-1.177605	-1.201596	-0.823445	-0.884079	-1.116581	-0.848373	1.045648	-0.566942	-1.01975	0.125526	-0.237809	-0.710927	-0.159625	-0.687993	0.277136	1.004804	-0.876675	-0.669363	-0.949552	-0.841353	-0.908193	-0.176415	0.884147	0.768839	0.426678	0.599437	-0.485749	-0.507534	-0.665264	-0.258728	-1.125186	-0.932926	0.42826	0.358125	-1.132494	-0.584598	-0.455831	-0.066072	-0.557256	1.588455	-1.60632	-0.260701	-0.720371	-0.895562	-0.556491	2.070396	-0.318467	-0.7923	-1.14253
Language_TempPole_1_R	-0.889854	-0.386982	0.239984	-0.834541	-0.385872	-0.167094	-1.183474	-0.00983	0.389173	2.039818	-0.210877	-0.562111	-0.367884	-0.922441	-0.6576	-1.501906	-0.022898	-0.918342	0.38283	-0.507021	0.224019	0.563169	-0.389709	2.644519	1.338934	0.053412	0.396067	0.820749	-0.02659	-1.004602	-1.095836	-1.219199	2.311317	-0.12261	-0.226452	0.574681	-1.181191	-0.369915	-0.852457	-0.084025	-0.079395	-0.947423	-1.234347	2.092888	-0.968173	1.067327	-0.400028	2.01389	-0.498287	-0.353437	-1.011802	-1.072106	-0.080025	-0.422066	-0.884079	-0.741545	-0.656656	0.842341	0.379392	-0.460059	-0.625402	0.604387	-0.322305	-0.41698	-0.100805	0.277136	1.004804	0.467906	-0.593927	0.027515	0.218549	0.069955	-0.042664	0.884147	0.768839	0.426678	-1.765116	-0.769893	0.376325	-1.116929	-0.258728	-0.934498	-0.937952	-0.406006	1.717553	-0.697671	2.098037	0.727448	-0.432535	-0.570055	1.588455	-0.544633	-0.260701	0.88557	-0.704599	-0.318679	-0.434157	1.211181	-0.792011	0.936945
Language_TempPole_2_R	-0.851629	-0.942174	-0.809529	0.622129	-0.98254	-0.957378	-0.457221	0.215061	-0.696106	-0.155011	-0.538154	-0.562111	-1.006531	-0.595969	-0.876598	-1.162996	-0.669642	-0.757789	0.38283	-1.151069	-0.308665	-0.340426	0.055657	0.149339	0.563728	-0.724726	-0.408447	0.820749	0.45674	-0.954966	-1.574138	-1.031971	0.306271	-0.461924	-0.863325	-0.921751	-0.196418	-1.001991	-1.148828	-0.492835	-0.681268	-0.858611	-1.024223	0.700763	0.675574	-0.61156	-0.686757	0.36582	-0.568913	-0.826722	-1.371799	-1.177605	-1.201596	-0.823445	-0.884079	-1.116581	-0.848373	-0.477918	-0.566942	-0.60689	0.125526	-0.237809	0.190695	-0.159625	-1.14172	0.277136	1.004804	-0.876675	-0.669363	-0.949552	-0.841353	-0.908193	-0.176415	0.884147	0.768839	0.373112	-0.199639	-0.485749	-0.507534	-0.665264	-1.154847	-1.125186	-0.932926	0.42826	0.358125	-1.132494	-0.584598	-0.455831	-0.066072	0.92381	1.588455	-1.60632	-0.486996	-0.720371	-0.895562	-0.556491	0.736974	-0.318467	-0.7923	-1.14253
ContA_Cingm_1_R	-0.425002	0.072396	-0.839795	-0.733385	-0.646124	0.70964	-0.348464	0.861149	0.701087	1.267479	0.645286	2.21315	0.841036	0.088926	-0.198287	-0.464455	-0.669642	-0.001055	0.302861	1.981732	1.368747	-0.180744	1.105775	0.329907	1.787661	-0.113482	-0.828203	-0.235976	2.610539	0.002573	-1.282276	1.260385	-0.519629	0.092208	1.265879	1.901942	0.001506	2.565529	-0.706308	2.319854	0.999623	-0.362557	-1.031089	-0.911125	-0.86623	0.415717	1.008346	-0.386365	1.214767	-0.69569	2.243278	-0.067497	1.857636	0.658799	-0.316546	0.350698	-0.298308	-0.337692	2.193906	1.339485	0.321308	-0.755448	-0.07946	1.578012	0.555802	0.259059	-0.3665	1.678064	1.058958	1.23172	0.165619	1.926416	0.290787	2.132123	-0.435026	-0.610889	-0.71032	-0.132149	0.376325	0.703644	2.319747	1.97411	0.617252	1.150483	0.017166	-0.208867	0.355448	0.508783	1.499722	-0.897268	-0.139798	1.413831	0.805789	0.914025	-0.164988	1.713424	1.145217	-0.083725	0.001648	1.268895
ContA_IPS_1_R	-0.839006	-0.415173	-1.059949	0.156735	0.552787	-0.157375	-1.183474	1.150022	0.389173	0.557105	1.832188	1.026169	-1.055332	-1.086562	-0.602117	-0.429946	0.22002	-0.764193	-0.316166	-0.473311	-0.338637	0.563169	-0.31003	-0.499692	-1.002105	-0.80582	1.478509	0.291961	-0.389803	-1.004602	-0.757214	-1.23097	0.000707	-0.835336	-0.418167	1.098067	-0.99598	-1.034477	-1.10813	-0.420701	-0.289828	-0.964585	-1.063742	-0.322435	-0.876227	-0.851618	-0.54821	-0.438352	1.311717	-0.120834	-0.024772	-1.029431	-0.080025	0.191844	-1.037181	-1.080903	-0.835697	-0.520854	0.379392	-0.449475	-0.625402	0.309126	-1.041614	-0.526517	-0.096146	1.878008	-1.673618	0.467906	-0.103015	-0.136495	0.596634	0.136362	-1.094387	-0.276196	-0.793598	1.596022	-1.765116	-0.785265	1.684038	-1.44477	-0.197956	1.97411	-0.948114	-0.49143	-1.03732	-0.725595	-0.177588	0.3446	-0.588476	-0.739551	0.843929	-0.544633	0.017408	-1.002594	-0.164988	-0.151826	-0.881294	0.250215	-0.174513	-1.156184
ContA_IPS_2_R	-0.839006	-0.415173	-1.059949	-0.834541	0.552787	-0.157375	-1.183474	-0.383611	1.814847	0.557105	-0.210877	1.026169	0.152441	-1.086562	-0.602117	-0.429946	0.22002	-0.764193	-0.316166	-0.473311	-0.338637	0.563169	-0.31003	-0.499692	-1.002105	-0.80582	1.478509	1.03115	-0.389803	-1.004602	-0.12904	-1.23097	0.000707	-0.835336	-0.418167	0.166935	-0.99598	-1.034477	-1.449627	-0.420701	-0.589208	-0.770915	-1.063742	-0.322435	-0.876227	0.13347	-0.54821	0.199819	1.311717	-0.120834	-0.024772	-1.072106	-0.080025	0.191844	-1.037181	-1.080903	-0.835697	0.518867	0.379392	-0.449475	-0.625402	0.309126	-1.041614	-0.526517	-0.096146	1.878008	-0.508801	0.467906	0.087786	-0.136495	0.596634	0.136362	-1.094387	-0.276196	-0.793598	1.596022	-1.765116	-0.935705	1.92371	-1.44477	-0.253619	-0.934498	-0.948114	0.726195	-1.03732	-0.697671	-0.177588	0.186467	-0.588476	-0.739551	0.843929	-0.555749	0.017408	-0.436941	-0.816627	-0.151826	-0.881294	1.211181	-1.049259	-1.156184
ContA_IPS_3_R	-0.921287	-0.386982	-0.809529	-0.834541	0.552787	-0.891779	-0.892475	1.150022	1.814847	0.412728	1.832188	0.90376	-0.367884	-0.992466	0.120037	-1.501906	-0.022898	-0.918342	-0.316166	-0.507021	0.355401	0.563169	-0.198745	0.097028	-0.165487	-0.80582	1.478509	1.457413	-0.02659	-1.004602	-0.12904	-1.23097	1.482509	-0.492513	-0.226452	0.574681	-1.181191	-1.034477	-1.449627	-0.706724	-0.289828	-0.720201	-1.234347	-0.322435	-0.876227	1.067327	-0.54821	0.838574	0.160373	-0.120834	1.521148	-1.072106	0.061097	0.191844	-1.037181	-1.116581	-0.543695	1.011143	0.379392	-0.460059	-0.625402	0.309126	-0.710927	-0.526517	-0.096146	1.878008	-0.875436	0.467906	-0.269422	-0.243292	0.218549	0.136362	0.334805	0.808019	-0.793598	1.596022	-1.765116	-0.935705	0.264093	-1.116929	0.51059	-0.934498	-0.937952	-0.090934	-0.264117	-0.697671	2.098037	0.186467	-0.432535	-0.85882	1.44397	-0.544633	0.017408	-0.146874	-0.704599	-0.151826	2.070396	1.211181	-1.049259	-1.156184
ContA_IPS_4_R	-0.921287	0.072396	-1.059949	-0.834541	0.552787	0.112613	-1.183474	-0.915388	1.814847	0.412728	1.832188	0.90376	0.152441	-0.992466	0.120037	-0.429946	0.22002	-0.764193	-0.787842	-0.507021	-0.991785	0.563169	-0.31003	-0.694841	-0.165487	-0.80582	1.478509	0.810116	-0.389803	-1.004602	-1.574138	-1.23097	0.000707	-0.492513	-0.418167	-0.253004	-0.581803	-1.034477	-1.10813	-0.706724	-0.079395	-0.964585	-1.234347	0.700763	-0.876227	-0.109114	-0.54821	0.838574	1.311717	-0.120834	-0.024772	-1.029431	-0.080025	0.191844	-1.037181	-1.080903	-0.835697	-0.520854	-0.537645	-0.449475	-0.625402	0.309126	-1.041614	-0.659757	-1.14172	2.591513	-0.875436	0.467906	-0.269422	-0.243292	0.596634	0.136362	-1.094387	-1.010181	-0.793598	1.596022	-1.765116	-0.935705	-0.464707	-1.44477	-0.197956	-0.934498	-0.948114	-0.406006	-0.264117	-0.697671	2.098037	0.186467	-0.066072	-0.85882	1.44397	-0.544633	-0.608013	-0.436941	-0.816627	-0.151826	2.070396	0.367944	-0.792011	-0.471132
ContA_OFC_1_R	-0.851629	-0.942174	1.240481	0.622129	-0.98254	-1.139372	-0.457221	-0.00983	-0.696106	-1.165755	-1.188543	1.150091	-1.006531	-0.595969	-0.481407	-1.162996	1.766761	-0.757789	0.302861	-1.151069	-0.308665	-0.340426	-0.632959	0.149339	0.563728	-0.724726	-0.408447	0.820749	0.022253	-0.954966	-1.095836	-1.031971	0.306271	-0.214945	-0.863325	-0.921751	-1.181191	-1.001991	-1.148828	-0.693647	-0.681268	-0.190681	-1.024223	0.700763	0.675574	0.415717	-0.686757	0.36582	-0.568913	-0.120834	0.001568	-1.177605	-1.297221	-0.823445	-0.884079	-0.64653	-0.667563	-0.477918	-0.566942	-0.60689	-0.744316	-0.237809	-0.710927	-0.159625	-1.14172	-0.885191	1.004804	-0.876675	-0.941816	-1.000899	-0.841353	1.926416	-0.176415	0.884147	0.768839	-0.98036	0.599437	-0.485749	-1.375319	-0.665264	-1.154847	-1.125186	-0.932926	0.42826	0.358125	-0.725595	-0.584598	-0.455831	-1.261988	0.92381	1.588455	-1.60632	-0.608013	-1.002594	-0.613224	-0.556491	-0.61754	-0.318467	-0.792011	-0.830613
ContA_PFCd_1_R	0.821711	2.639	0.779345	0.156735	2.071951	2.302175	-0.348464	1.241178	1.588841	-0.133532	0.457242	2.21315	2.236924	-0.331572	0.91678	-0.429946	2.193893	-0.001055	0.302861	1.981732	1.368747	1.73834	0.716964	0.329907	1.787661	-0.583808	1.953403	-0.235976	0.084319	0.002573	1.437742	-1.000872	-0.519629	0.092208	1.265879	1.901942	-0.186538	0.630364	-0.107474	2.319854	2.859336	0.232959	-0.434034	-0.486132	-0.465853	0.415717	2.845907	0.894316	1.092733	2.002027	2.243278	-0.067497	1.857636	1.791565	-0.633534	-0.239971	0.11497	-0.337692	2.193906	1.109322	0.321308	0.764971	-1.128436	1.578012	1.966883	0.259059	-0.060555	1.563011	1.56795	1.23172	0.165619	1.926416	0.290787	2.132123	-0.435026	-0.610889	-0.918924	-0.132149	1.92371	-0.714039	2.319747	1.97411	0.617252	1.150483	-0.630008	1.192774	-0.973136	1.837389	1.524682	-0.897268	-0.139798	1.413831	0.805789	2.444839	-0.164988	1.713424	1.145217	1.630495	0.001648	1.702577
ContA_PFCl_1_R	-0.305266	2.639	0.555858	0.156735	2.071951	2.302175	-0.069515	1.241178	1.588841	-0.133532	0.457242	2.21315	2.236924	0.546116	0.91678	-0.429946	2.193893	-0.775549	2.262133	1.981732	1.368747	2.082362	3.508021	0.329907	1.787661	-0.583808	1.953403	0.630699	0.084319	0.002573	1.541821	-1.000872	0.192212	0.092208	1.265879	1.924176	0.206523	0.630364	-0.706308	1.760961	2.859336	-0.192894	-0.434034	-0.486132	-0.465853	0.415717	1.008346	0.830289	2.161014	1.123488	2.243278	-0.067497	1.857636	1.791565	-0.601307	-0.239971	0.11497	-0.337692	2.193906	1.205542	0.264914	0.764971	-1.128436	1.763797	1.966883	0.259059	1.792845	1.563011	1.56795	1.23172	1.54547	2.327749	-0.089545	2.132123	-0.435026	0.991657	-0.918924	-0.7121	1.92371	-0.714039	1.846102	1.97411	-0.489997	1.150483	-0.630008	1.192774	1.614136	1.837389	1.814761	-0.897268	-0.139798	1.413831	2.334582	1.881985	-0.724974	1.713424	1.145217	1.630495	-0.838284	1.702577
ContA_PFCl_2_R	-0.305266	1.296709	0.555858	-0.733385	1.181417	1.716024	-0.348464	-0.013401	1.588841	-0.133532	0.645286	2.21315	0.629091	0.546116	-0.318849	-1.041415	1.766761	-0.775549	-0.012117	1.06729	1.368747	2.082362	0.630741	0.329907	1.787661	-0.583808	1.953403	0.630699	2.610539	-0.575471	1.555781	-1.000872	0.192212	1.749055	2.600739	1.924176	0.001506	0.470453	-0.706308	1.433641	2.859336	0.232959	-0.280509	-0.486132	-0.465853	1.901101	1.008346	1.04805	1.092733	1.772555	2.243278	-0.846164	1.857636	0.658799	-0.601307	0.350698	0.595082	-0.337692	2.193906	1.947237	0.264914	1.020211	-0.218981	1.763797	1.388213	0.011962	0.011877	1.563011	1.56795	1.450527	1.54547	1.926416	-0.089545	2.132123	-0.435026	0.991657	-0.918924	-0.7121	1.92371	-0.714039	2.266791	1.97411	-0.489997	2.833437	-0.630008	1.192774	-0.177588	1.837389	0.462185	-0.544721	-0.139798	1.413831	2.334582	1.881985	-0.724974	1.713424	0.957029	1.120324	-0.838284	0.549825
ContA_PFCl_3_R	-0.305266	1.296709	0.555858	-0.733385	1.181417	0.70964	-0.721314	-0.013401	1.588841	1.267479	0.645286	2.21315	-0.190915	-0.863293	-0.318849	-1.041415	1.766761	-0.775549	-0.464165	1.06729	1.368747	2.082362	2.348418	0.329907	-0.750017	-0.583808	1.953403	0.630699	2.610539	-0.575471	1.555781	-1.000872	0.192212	1.749055	2.600739	1.901942	0.001506	0.470453	-0.706308	1.433641	2.859336	0.232959	-0.280509	-0.486132	-0.539904	1.901101	1.008346	0.894316	0.7675	1.772555	2.243278	-0.846164	1.857636	0.658799	-0.601307	-0.757782	-0.36763	-0.337692	2.193906	1.947237	0.264914	1.020211	-0.218981	1.763797	1.388213	0.011962	0.011877	1.678064	0.023214	2.294382	1.051853	1.926416	-0.089545	2.132123	0.343725	0.991657	-0.918924	-0.7121	1.92371	-0.714039	1.846102	-0.910612	-0.489997	2.833437	-0.630008	1.192774	0.355448	0.714773	0.462185	-0.544721	-0.139798	1.413831	2.334582	0.311839	-0.724974	1.713424	0.957029	1.120324	-0.838284	0.549825
ContA_PFCmp_1_R	0.709376	0.217532	-0.839795	-0.453143	-0.971826	0.084208	-0.348464	0.861149	0.701087	-0.715487	0.457242	-0.562111	0.841036	0.088926	-0.198287	-1.162996	1.140217	0.019427	-0.012117	0.859575	-0.75659	-0.180744	0.008079	-0.015263	1.787661	-0.583808	-0.828203	-0.235976	0.022253	0.87176	0.855595	-0.82572	-0.519629	0.619869	0.145757	-1.285912	-1.19973	2.565529	-0.107474	2.319854	0.999623	2.161476	-0.280509	-0.911125	-0.465853	0.627098	2.845907	0.045323	-0.43813	1.123488	2.243278	-0.067497	0.511445	0.532697	-0.316546	0.350698	-0.317342	-1.316109	-0.330184	1.069791	0.26611	0.764971	-0.07946	1.401974	0.555802	-0.840688	-1.00544	-0.577914	1.56795	0.799078	0.165619	0.406032	0.290787	0.26695	-0.435026	-0.610889	0.351649	0.248116	-0.356747	0.703644	2.319747	0.436769	2.352235	1.150483	-0.556901	1.491836	-1.322237	0.508783	0.13794	-0.64548	-1.431625	-0.4112	-0.321165	0.914025	1.085918	0.558169	-0.015112	-0.69096	0.001648	1.268895
ContA_SPL_1_R	-0.851629	-0.942174	0.7323	-0.634973	0.138167	-1.139372	-0.892475	-1.319419	-0.696106	0.882871	-0.475038	-0.689786	-1.055332	-0.992466	-0.932819	-1.162996	-0.88347	-0.988713	-0.454853	-1.151069	-1.665037	-0.340426	-0.648616	-0.694841	-0.165487	-0.967967	-0.193218	0.907392	-0.8775	-0.954966	-0.115009	-1.23097	-0.787774	-1.146728	-0.888903	-0.253004	-0.196418	-1.047805	-0.012997	-0.706724	-0.599491	-0.947423	-1.234347	0.700763	-0.853729	-0.109114	-0.686757	-0.85598	-1.107267	-0.69569	-0.651646	-1.029431	-0.428328	-1.081504	-0.942226	-1.116581	-0.71434	-1.316109	-0.537645	-1.075254	-0.945942	-0.755448	-0.710927	-0.659757	-1.14172	0.741614	-0.875436	-0.876675	-0.667481	-1.000899	0.596634	-0.274694	-0.762476	-1.010181	-0.672793	-0.412139	-0.199639	-0.861415	-0.464707	-0.711448	-0.471545	-1.12614	-0.932926	-0.406006	-1.03732	-1.132494	-0.584598	-0.455831	-0.383834	0.92381	-0.882175	-1.60632	0.017408	-0.679349	-0.497531	-1.120246	0.736974	0.367944	-0.792011	-1.14253
ContA_Temp_1_R	-0.921287	-0.386982	0.239984	-0.834541	-0.385872	-0.167094	-0.564588	1.150022	0.389173	2.039818	-0.43739	1.150091	-0.367884	-0.52384	-0.6576	0.109273	-0.022898	-0.918342	0.38283	-0.507021	0.224019	0.338331	-0.389709	2.644519	1.338934	0.053412	0.396067	2.068061	-0.02659	-1.004602	-0.115009	-1.219199	2.311317	-0.12261	-0.226452	0.574681	-1.181191	-0.369915	-0.852457	-0.084025	-0.079395	-0.720201	-1.012782	2.092888	-0.968173	0.679166	-0.400028	2.01389	-0.642865	-0.353437	1.521148	-1.072106	-0.080025	0.191844	-1.037181	-0.741545	-0.848373	0.536953	0.379392	-0.38977	-0.625402	0.604387	-0.322305	-0.41698	-0.100805	0.822441	0.78519	0.467906	-0.593927	0.027515	0.218549	0.069955	-0.042664	0.808019	-0.727143	1.596022	-1.765116	-0.769893	-0.086604	-1.116929	0.51059	-0.934498	-0.331911	0.726195	1.717553	-0.697671	2.098037	0.727448	-0.432535	-0.570055	1.116636	-1.183247	1.347802	0.317143	-0.704599	-0.318679	-0.434157	1.211181	-1.049259	0.549825
ContB_FPole_1_R	0.821711	0.217532	-0.839795	-0.453143	1.181417	-0.157688	-0.932211	-0.013401	1.588841	1.267479	0.457242	2.21315	0.841036	-0.863293	-0.198287	-0.464455	1.766761	0.019427	-0.464165	0.859575	1.368747	2.082362	2.348418	0.329907	-0.750017	-0.113482	1.953403	-0.235976	2.610539	0.87176	0.855595	-1.000872	0.192212	1.749055	2.600739	1.924176	0.001506	2.565529	0.437495	2.319854	2.859336	-0.384487	-0.280509	-0.486132	-0.539904	0.415717	1.008346	1.457864	0.7675	-0.109085	2.243278	-0.067497	1.857636	0.532697	-0.601307	0.350698	-0.317342	-0.337692	2.193906	1.339485	0.264914	1.020211	-0.218981	1.578012	1.388213	0.011962	-0.21199	-0.577914	1.56795	1.450527	1.051853	1.926416	0.290787	2.132123	-0.435026	0.991657	0.351649	-0.132149	0.376325	0.703644	2.319747	0.436769	-0.460495	2.833437	-0.630008	1.491836	0.355448	0.714773	1.814761	-0.897268	-0.139798	1.413831	2.334582	0.311839	1.085918	0.558169	0.957029	-0.083725	0.001648	0.549825
ContB_IFG_1_R	-0.305266	2.639	0.555858	-0.733385	1.181417	1.484579	-0.721314	-0.013401	1.588841	1.267479	0.645286	2.21315	-0.190915	-0.863293	-0.318849	-1.041415	1.766761	-0.775549	0.302861	1.06729	1.368747	2.082362	1.105775	0.329907	-0.750017	-0.583808	1.953403	0.630699	2.610539	-0.575471	2.109282	-1.000872	0.192212	1.749055	2.600739	1.901942	0.001506	0.630364	-0.706308	1.433641	2.859336	-0.384487	-0.280509	-0.486132	-0.539904	1.901101	1.008346	1.457864	1.092733	-0.120834	2.243278	-0.846164	0.50106	0.658799	-0.601307	-0.757782	-0.054026	-0.337692	1.524257	1.921491	0.264914	1.020211	-0.218981	1.763797	1.388213	0.011962	-0.3665	1.678064	1.000885	2.294382	1.524493	1.926416	-0.089545	2.132123	0.343725	0.991657	-0.918924	-0.7121	1.92371	-0.714039	1.846102	-0.910612	-0.489997	2.833437	-0.630008	1.192774	-0.177588	1.837389	1.67904	-0.544721	-0.139798	1.413831	2.334582	0.914025	-0.724974	1.713424	0.957029	0.250215	-0.838284	0.936945
ContB_IPL_1_R	-0.921287	-0.415173	-1.059949	-0.834541	0.552787	-0.891779	-1.183474	-0.383611	1.814847	0.557105	-0.210877	1.026169	0.152441	-1.086562	0.120037	-0.464455	-0.022898	-0.764193	-0.316166	-0.473311	-0.338637	0.563169	-0.31003	-0.499692	-1.002105	-0.80582	1.478509	1.03115	-0.389803	-1.004602	-0.12904	-1.23097	1.482509	-0.835336	-0.418167	0.574681	-0.99598	-1.034477	-1.449627	-0.420701	-0.589208	-0.770915	-1.063742	-0.322435	-0.876227	-0.109114	-0.54821	0.199819	0.382824	-0.120834	-0.024772	-1.072106	0.061097	0.191844	-1.037181	-1.080903	-0.835697	0.518867	0.379392	-0.449475	-0.625402	0.309126	-1.041614	-0.526517	-0.096146	1.878008	-0.508801	0.467906	0.087786	-0.136495	0.218549	0.136362	-0.042664	-0.276196	-0.793598	1.596022	-1.765116	-0.935705	0.264093	-1.44477	-0.253619	-0.934498	-0.948114	-0.090934	-1.03732	-0.697671	-1.110832	0.3446	-0.582955	-0.739551	0.843929	-0.544633	0.017408	-0.146874	-0.704599	-0.151826	-0.881294	1.211181	-1.049259	-0.471132
ContB_IPL_2_R	-0.921287	-0.386982	0.239984	-0.834541	0.552787	0.010534	-0.892475	1.150022	1.814847	0.557105	-0.210877	0.90376	-0.367884	-0.922441	0.120037	0.109273	-0.022898	-0.918342	-1.003479	-0.507021	0.355401	0.338331	-0.389709	0.097028	-0.165487	-0.80582	1.478509	0.907392	-0.02659	-1.004602	-0.294507	-1.219199	1.482509	-0.492513	-0.226452	0.574681	-0.851127	-0.648929	-1.449627	-0.084025	-0.079395	-0.45569	-1.012782	-0.322435	-0.876227	-0.109114	-0.54821	2.01389	0.160373	-0.867076	1.521148	-1.072106	0.061097	0.191844	-1.037181	-1.080903	-0.384065	1.011143	0.379392	-0.078309	-0.625402	0.309126	-0.322305	-0.526517	-0.096146	1.878008	-0.508801	0.467906	-0.269422	-0.136495	0.218549	0.136362	-0.102685	0.808019	-0.793598	1.596022	-1.765116	-0.935705	0.376325	-1.116929	0.51059	-0.934498	-0.937952	0.726195	-0.264117	-0.697671	2.098037	0.186467	-0.432535	-0.85882	1.478979	-0.544633	1.347802	-0.146874	-0.704599	-0.151826	2.070396	1.211181	-1.049259	-0.471132
ContB_IPS_1_R	-0.921287	-0.415173	-1.059949	-0.834541	0.552787	-0.891779	-1.183474	-0.383611	1.814847	0.557105	1.832188	0.90376	0.152441	-1.086562	0.120037	-0.464455	-0.022898	-0.918342	-0.316166	-0.507021	0.355401	0.563169	-0.198745	0.097028	-0.165487	-0.80582	1.478509	0.898859	-0.389803	-1.004602	-0.429093	-1.23097	1.482509	-0.492513	-0.226452	0.574681	-0.851127	-1.034477	-1.449627	-0.706724	-0.289828	-0.770915	-1.012782	-0.322435	-0.876227	-0.109114	-0.54821	0.838574	-0.43813	-0.867076	1.521148	-1.072106	0.061097	0.191844	-1.037181	-1.080903	-0.543695	0.518867	0.379392	-0.460059	-0.625402	0.309126	-1.041614	-0.526517	-0.687993	1.878008	-0.508801	0.467906	0.458917	-0.136495	0.218549	0.069955	-0.042664	0.808019	-0.793598	1.596022	-1.765116	-0.935705	0.264093	-0.85242	-0.253619	-0.934498	-0.948114	-0.090934	-1.03732	-0.697671	-0.313005	0.186467	-0.432535	-0.85882	1.478979	-0.544633	0.017408	-0.720371	-0.704599	-0.151826	2.070396	1.211181	-1.049259	-0.471132
ContB_OFC_1_R	-0.305266	1.296709	0.555858	-0.453143	-0.450437	-0.157688	-0.721314	-0.013401	1.588841	1.267479	0.645286	2.21315	1.279709	-0.863293	-0.318849	-1.041415	1.766761	-0.775549	-0.464165	1.06729	1.368747	2.082362	2.348418	0.329907	-0.750017	-0.583808	1.953403	0.630699	2.610539	-0.575471	0.855595	-1.000872	0.192212	1.749055	2.600739	1.924176	0.001506	0.630364	-0.706308	0.036259	2.859336	-0.384487	-0.280509	-0.486132	-0.539904	0.415717	1.008346	1.457864	1.092733	-0.120834	2.243278	-0.067497	0.50106	0.658799	-0.601307	-0.239971	0.11497	-0.337692	1.524257	1.947237	0.264914	1.020211	-0.218981	1.578012	1.388213	0.011962	1.792845	1.678064	0.023214	1.450527	1.54547	1.926416	-0.089545	2.132123	0.343725	0.991657	-0.71032	-0.7121	0.376325	0.703644	1.846102	-0.910612	-0.460495	2.833437	-0.630008	1.192774	1.614136	0.714773	1.814761	-0.897268	-0.139798	1.413831	2.334582	0.914025	-0.724974	1.713424	1.145217	1.120324	-0.838284	0.549825
ContB_OFC_2_R	-0.851629	-1.434433	-1.240739	-0.634973	-0.646124	0.010534	0.493441	-1.322163	-0.696106	-1.165755	-1.188543	-0.562111	-1.296508	-0.73711	-0.932819	0.397732	1.766761	-0.275682	0.302861	-1.151069	-0.524998	-0.340426	1.105775	0.149339	0.563728	0.549692	-0.408447	-1.083835	0.022253	-0.954966	0.855595	0.399171	0.306271	1.749055	-0.863325	-0.921751	-0.196418	-1.001991	-0.852457	-0.694405	-0.289828	-0.190681	-1.031089	-0.701138	-0.228218	0.415717	-0.54821	0.36582	-0.902633	-0.120834	0.001568	-0.021069	-1.297221	-0.823445	-0.884079	-0.447709	-0.667563	1.307372	-0.566942	1.109322	-0.744316	-1.093866	0.190695	-0.159625	-0.891123	-0.840688	-0.692457	-0.454745	-1.035147	-1.000899	-0.841353	1.926416	-1.094387	-0.992019	-1.331433	-0.98036	1.289186	-0.485749	-1.375319	-0.665264	0.142409	-1.125186	-0.191775	0.466917	0.358125	-1.132494	-0.652822	-1.034724	-1.261988	-0.544721	1.588455	-0.058133	-0.486996	-1.127269	-0.816627	-1.17301	-0.61754	-1.056421	0.968104	-1.052553
ContB_OFC_3_R	-0.851629	0.072396	0.239984	-0.634973	-0.646124	-1.263605	-0.946734	0.100671	-0.752784	0.527377	-0.538154	2.21315	-1.055332	-0.595969	-0.481407	-1.162996	-0.669642	-0.757789	0.38283	-1.151069	-0.75659	0.06139	-0.720649	-1.333064	-1.002105	-0.113482	1.953403	-0.660751	0.022253	0.629147	-1.574138	-1.23097	-0.787774	-0.214945	-0.863325	-0.921751	-1.181191	-1.001991	0.437495	-0.940772	-0.702884	2.161476	-1.070484	-0.701138	-0.876227	0.679166	-0.686757	-0.074745	-1.147918	-0.109085	-0.565503	-1.029431	-0.375598	-0.875107	-0.942226	-0.64653	-0.298308	-2.26899	-0.566942	-0.626087	-0.945942	-1.093866	-0.710927	-0.59876	-1.14172	-1.026552	-1.00544	-0.639766	-1.035147	-0.505128	-0.841353	-0.890505	-0.804606	0.26695	-1.331433	-1.131008	-0.918924	-0.785265	-0.356747	0.473906	-1.019289	0.879261	-0.191775	0.113424	-0.556901	-0.725595	-0.584598	-1.262356	-1.261988	-0.897268	-0.964407	-1.60632	-0.622095	-0.842548	-0.291506	-1.120246	-0.015112	-0.69096	-0.7923	-0.830613
ContB_PCC_1_R	-0.933149	-0.415173	-1.240739	0.161311	-0.990831	-1.263605	-0.946734	-1.322163	-0.752784	0.527377	-0.475038	-0.689786	-1.296508	-0.507278	-0.932819	-1.124217	-0.608749	-0.796063	-0.787842	-0.416882	-1.665037	-0.180744	-0.613424	-1.232619	-1.002105	-0.113482	-0.828203	-1.192134	-0.8775	-0.977146	-1.574138	-1.02578	-0.787774	-0.214945	-0.888903	-1.285912	-1.19973	-0.831417	0.068598	-0.694405	-0.599491	-0.15702	-0.689948	-0.701138	-0.86623	-0.346335	0.290938	-1.371704	-1.050126	-0.690545	-0.651646	0.080897	-0.428328	-0.855951	-0.67813	-0.64653	-0.71434	-1.316109	-0.730133	-0.878771	-0.744316	-1.045208	-0.909531	-0.59876	-0.120526	-0.512763	-0.875436	-0.639766	-0.667481	-0.881046	0.165619	-0.558459	-0.762476	0.26695	-1.331433	-0.98036	0.351649	-0.633209	-0.356747	0.473906	-0.258728	-0.197096	-0.51396	-0.843744	-0.856147	-1.132494	-0.564709	-0.84322	-0.548525	-0.64548	-0.882175	-0.4112	-1.174881	-1.097715	-0.291506	-0.640332	-0.015112	-0.733822	-0.771698	-0.368066
ContB_PFCd_1_R	0.821711	2.639	0.779345	0.156735	2.071951	1.716024	-0.069515	1.241178	1.588841	-0.133532	0.457242	2.21315	2.236924	0.546116	0.91678	-0.429946	2.193893	-0.775549	-0.012117	1.981732	1.368747	2.082362	3.508021	0.329907	1.787661	-0.583808	1.953403	-0.235976	0.084319	-0.575471	2.109282	-1.000872	0.192212	0.092208	1.265879	1.924176	0.206523	0.630364	-0.706308	1.760961	2.859336	0.232959	-0.434034	-0.486132	-0.465853	0.415717	2.845907	1.04805	2.161014	2.002027	2.243278	-0.067497	1.857636	1.791565	-0.601307	-0.239971	0.11497	-0.337692	2.193906	1.109322	0.321308	2.457127	-1.128436	1.763797	1.966883	0.259059	1.792845	1.563011	1.56795	1.23172	1.54547	2.327749	0.290787	2.132123	-0.435026	0.991657	-0.918924	-0.132149	0.574555	-0.714039	2.319747	1.97411	0.617252	1.150483	-0.630008	1.192774	-0.973136	1.837389	1.524682	-0.897268	0.323363	1.413831	2.334582	2.444839	-0.724974	1.713424	1.145217	1.630495	-0.838284	1.702577
ContB_PFCl_2_R	-0.305266	2.639	0.779345	0.156735	2.071951	1.716024	-0.069515	1.241178	1.588841	-0.133532	0.457242	2.21315	2.236924	0.546116	0.91678	-0.429946	2.193893	-0.775549	2.262133	1.981732	1.368747	2.082362	3.508021	0.329907	1.787661	-0.583808	1.953403	0.630699	0.084319	0.002573	2.109282	-1.000872	0.192212	0.092208	1.265879	1.924176	0.206523	0.630364	-0.706308	1.760961	2.859336	-0.175776	-0.434034	-0.486132	-0.465853	0.415717	2.845907	0.830289	2.161014	2.002027	2.243278	-0.067497	1.857636	1.791565	-0.601307	-0.239971	-0.317342	-0.337692	2.193906	1.947237	0.321308	0.764971	-0.07946	1.763797	1.966883	0.259059	1.792845	1.563011	1.56795	1.23172	1.54547	2.327749	0.290787	2.132123	-0.435026	0.991657	-0.918924	-0.7121	0.574555	-0.714039	2.319747	1.97411	-0.460495	1.150483	-0.630008	1.192774	0.355448	1.837389	1.524682	-0.897268	-0.139798	1.413831	2.334582	2.444839	-0.724974	1.713424	1.145217	0.250215	-0.838284	1.702577
ContB_PFCmp_1_R	0.709376	0.217532	-0.839795	-0.453143	-0.971826	0.662388	-0.348464	0.861149	-0.752784	0.527377	-1.188543	-0.562111	1.608662	0.088926	-0.198287	-0.262312	1.140217	0.019427	-0.012117	0.859575	-0.75659	-0.180744	0.008079	-0.015263	1.787661	-0.113482	-0.828203	-0.235976	0.022253	0.87176	-0.117013	-0.82572	-0.519629	0.619869	0.145757	-1.285912	-1.19973	2.565529	0.437495	2.319854	1.440402	2.161476	-0.280509	-0.701138	-0.86623	0.627098	0.290938	0.863154	-0.43813	1.123488	2.243278	0.080897	0.511445	0.532697	-0.316546	0.350698	-0.317342	-1.316109	-0.330184	1.069791	0.26611	0.764971	-1.128436	1.401974	0.555802	-0.840688	-1.00544	-0.577914	-0.818361	0.799078	-0.400095	0.406032	0.290787	0.26695	-0.435026	-0.610889	0.351649	0.248116	-0.356747	0.703644	0.205489	0.436769	2.352235	0.466917	-0.556901	1.491836	-1.322237	0.508783	0.13794	-0.64548	-1.431625	-0.4112	-0.321165	0.914025	1.085918	0.558169	-0.015112	-0.69096	-0.771698	1.268895
ContB_Temp_1_R	-0.921287	-0.386982	0.239984	-1.324749	-0.385872	-0.167094	-0.892475	-0.00983	0.389173	2.039818	-0.43739	-0.214028	-0.367884	-0.922441	-0.6576	-1.501906	-0.022898	-0.918342	0.38283	-0.507021	0.224019	0.338331	-0.389709	2.644519	1.338934	0.053412	0.396067	1.457413	-0.02659	-1.004602	-1.095836	-1.219199	0.532055	-0.12261	-0.226452	0.574681	-1.181191	-1.001991	-0.852457	-0.084025	-0.079395	-0.45569	-1.012782	2.092888	-0.968173	0.679166	-0.385439	2.01389	-0.568913	-0.353437	-0.024772	-1.072106	-0.080025	-0.422066	-1.037181	-0.741545	-0.656656	0.842341	0.379392	-0.078309	-0.625402	0.604387	-0.322305	-0.41698	-0.100805	0.822441	0.78519	0.467906	-0.593927	0.027515	0.218549	-0.114563	0.334805	-0.992019	-0.727143	0.426678	-1.765116	-0.935705	-0.086604	-1.116929	-0.258728	-0.934498	-0.331911	0.726195	1.717553	-0.697671	2.098037	0.727448	-0.432535	-0.570055	1.588455	-0.544633	1.347802	0.317143	-0.704599	-0.318679	2.070396	1.211181	-1.049259	-0.471132
ContC_Cingp_1_R	-0.425002	2.639	-0.839795	0.156735	-0.646124	0.112613	-0.932211	1.241178	0.701087	1.267479	-0.538154	-0.484298	0.841036	0.088926	-0.932819	2.307152	-0.669642	-0.001055	-0.012117	1.981732	1.368747	-0.180744	0.630741	0.329907	-0.750017	-1.06663	1.953403	-0.235976	-1.233011	0.002573	-0.757214	1.260385	-0.519629	0.619869	-0.888903	1.901942	-0.851127	0.630364	-0.012997	-0.575256	0.999623	-0.15702	-1.024223	-0.911125	-0.853729	-1.26788	0.225403	-0.386365	1.214767	1.123488	0.001568	-0.021069	-0.375598	-0.875107	-0.82963	0.350698	-0.298308	-1.316109	-0.330184	1.205542	0.321308	2.457127	0.190695	-0.59876	-0.120526	-0.8815	-0.060555	-0.639766	1.058958	1.23172	1.524493	-0.558459	-1.094387	-1.010181	-0.435026	-0.98036	-0.71032	-0.633209	1.741537	-0.714039	2.319747	1.97411	-0.191775	-0.843744	0.017166	-0.725595	0.355448	-0.437311	1.499722	-0.897268	-0.34246	1.413831	-0.622095	-0.436941	-0.497531	1.713424	-0.434157	-0.06265	0.479846	-1.052553
ContC_Cingp_2_R	-0.933149	-0.415173	-1.028299	-0.634973	-0.990831	-1.139372	-0.892475	-1.322163	-0.696106	0.882871	-0.475038	-0.689786	-1.296508	-0.387083	-0.932819	0.262201	-1.097673	-0.796063	-0.454853	-1.151069	-1.665037	-0.180744	-0.613424	-0.694841	-0.165487	-0.113482	-0.193218	-0.660751	-0.8775	-0.977146	-1.574138	-1.02578	-0.787774	-0.214945	-0.888903	-1.285912	-0.581803	-0.831417	-0.012997	-0.694405	-0.599491	-0.384487	-0.689948	-0.701138	-0.853729	-0.346335	0.290938	-1.371704	-1.050126	-0.690545	-0.651646	-1.029431	-0.428328	-0.855951	-0.942226	-0.64653	-0.71434	-1.316109	-0.330184	-0.878771	-0.744316	-0.755448	0.190695	-0.59876	-0.120526	-0.512763	-0.875436	-0.639766	-0.667481	-0.881046	1.524493	-0.558459	-0.762476	-1.010181	-0.727143	-0.98036	0.351649	-0.861415	-1.031369	-0.714039	-0.258728	-0.197096	-0.191775	-0.843744	0.358125	-1.132494	-1.322237	-0.84322	-0.548525	-0.557256	0.19941	-0.969884	-0.622095	-1.097715	-0.291506	-1.120246	0.736974	-0.733822	-0.771698	-1.052553
ContC_IPL_1_R	-0.921287	-0.415173	-1.059949	-0.834541	0.552787	0.70964	-1.183474	1.150022	0.389173	0.557105	1.832188	-0.993352	0.152441	-1.086562	-0.602117	-1.501906	0.22002	-0.764193	0.302861	-0.473311	-0.338637	0.563169	-0.31003	-0.499692	-1.002105	-0.80582	1.478509	0.810116	-0.389803	-1.004602	-0.757214	-1.23097	0.532055	-0.835336	-0.418167	0.166935	-0.99598	-1.034477	-1.449627	-0.420701	-0.589208	-0.964585	-1.063742	-0.322435	-0.876227	-0.529259	-0.54821	0.199819	1.311717	-0.120834	-0.024772	-1.072106	-0.080025	0.658799	-1.037181	-1.080903	-0.543695	0.518867	0.379392	-0.626087	-0.625402	0.309126	-1.041614	-0.526517	-0.096146	1.878008	-1.673618	0.467906	0.087786	-0.136495	0.596634	0.136362	-1.094387	-0.276196	-0.793598	1.596022	-1.765116	-0.935705	0.385509	-1.44477	-0.253619	-0.934498	-0.948114	0.726195	-1.03732	-0.697671	-0.177588	0.186467	-0.582955	-0.739551	1.478979	-0.544633	0.834909	-0.146874	-0.816627	-0.151826	-0.881294	0.367944	-1.049259	-1.156184
ContC_Ins_1_R	-0.851629	1.296709	0.555858	-0.453143	-0.971826	1.484579	-0.932211	0.861149	1.588841	1.267479	0.457242	1.150091	0.841036	-0.863293	-0.198287	-1.162996	1.766761	-0.757789	0.38283	1.06729	1.368747	2.082362	1.105775	0.149339	1.787661	-0.583808	1.953403	-0.932653	0.022253	-0.575471	-1.574138	-1.000872	0.306271	1.749055	2.600739	1.901942	0.001506	0.630364	-0.706308	0.036259	2.859336	-0.384487	-1.031089	-0.701138	0.675574	0.415717	1.008346	0.36582	-0.642865	-0.826722	0.001568	-0.021069	0.50106	0.532697	-0.316546	0.350698	-0.317342	-0.477918	1.524257	1.947237	0.264914	-0.237809	-0.754416	1.763797	1.388213	0.135957	-1.00544	1.678064	1.000885	2.294382	1.54547	1.926416	-0.089545	2.132123	0.343725	1.617128	-0.71032	-0.485749	-0.690756	0.703644	1.846102	1.97411	-0.460495	2.833437	0.358125	-0.208867	-1.110832	1.837389	0.462185	-0.897268	1.588455	1.413831	2.334582	-0.651663	-0.724974	1.713424	1.145217	-0.06265	0.001648	0.549825
ContC_OFC_1_R	-0.851629	0.217532	0.555858	0.622129	-0.646124	-1.139372	-0.946734	0.215061	-0.696106	1.267479	-1.188543	1.150091	-1.030293	-0.595969	-0.481407	-1.162996	1.766761	-0.796063	0.38283	-1.151069	0.541121	-0.340426	1.105775	0.149339	0.563728	1.026724	1.953403	0.820749	0.022253	-0.954966	-1.282276	-0.608506	0.306271	-0.214945	-0.863325	-0.921751	-0.196418	-1.001991	-1.148828	-0.693647	-0.289828	-0.190681	0.717192	0.700763	0.675574	0.415717	-0.686757	0.36582	-0.498287	-0.120834	0.001568	-1.029431	-0.526039	-0.823445	-0.884079	-0.64653	-0.667563	1.307372	-0.566942	1.109322	-0.744316	-0.237809	0.190695	-0.159625	-1.522078	0.277136	1.004804	-1.042446	-0.669363	-1.000899	-0.841353	1.926416	0.201165	0.884147	-1.331433	-0.98036	0.599437	-0.485749	-0.690756	-0.665264	-0.471545	-1.125186	-0.191775	0.42826	0.358125	-0.725595	-0.584598	-1.034724	-1.261988	0.082458	1.588455	-1.60632	-0.486996	-0.720371	-0.164988	-0.640332	0.736974	-0.318467	0.968104	-0.830613
ContC_OFC_2_R	-0.851629	-0.415173	2.633297	0.161311	-0.646124	-1.263605	-0.645786	0.100671	-0.696106	0.527377	-1.170663	-0.214028	-1.296508	-0.15717	-1.051533	-1.162996	-0.669642	-0.764193	-1.003479	0.018626	1.368747	-0.340426	-0.632959	-1.333064	-1.002105	-0.967967	-0.798612	-0.235976	0.022253	0.629147	-1.240794	-1.23097	0.532055	-0.975755	0.145757	-0.921751	-1.19973	-1.001991	-0.852457	-0.940772	-0.702884	-0.15702	-1.070484	-0.701138	-0.86623	0.415717	0.290938	-0.706121	0.382824	-0.109085	-0.565503	-0.021069	-1.04886	-0.875107	-0.884079	-0.207704	-0.298308	-1.316109	-0.537645	-1.075254	-0.945942	-1.093866	-0.710927	-0.59876	-1.14172	-0.8815	-0.875436	-0.577914	-0.663335	-0.654087	-0.841353	-0.890505	-0.804606	-0.276196	-0.435026	-1.131008	-1.765116	-0.935705	-0.356747	0.473906	-1.33193	0.879261	-0.932926	-0.843744	-1.03732	-0.655779	-0.584598	-0.455831	-1.261988	0.92381	-0.139798	-1.60632	-0.486996	-1.002594	-0.291506	-0.507908	2.070396	-0.431726	-0.792011	-0.367799
ContC_PCC_1_R	-0.933149	-0.942174	-0.688	-0.634973	-0.646124	-1.263605	-0.892475	0.861149	-0.752784	-1.165755	-1.188543	-0.562111	-1.296508	-0.331572	-0.932819	-1.162996	-1.097673	-0.891269	0.38283	-1.151069	-0.524998	-0.180744	-0.720649	-0.257786	-1.060233	-0.113482	-0.828203	-1.083835	0.022253	-0.977146	-0.429093	-0.82572	-1.10312	-0.214945	-0.171465	-0.921751	-1.181191	-0.831417	-0.012997	-0.694405	0.999623	-0.15702	-1.031089	-0.701138	-0.86623	-0.61156	-0.400028	-1.371704	-1.147918	2.002027	-1.011802	-1.177605	-0.335021	-0.855951	-0.140019	-1.116581	-0.71434	0.496951	-0.330184	-0.550756	-0.792327	-1.093866	0.185782	-0.59876	-1.14172	-0.539058	-0.258611	-0.639766	-0.663335	-0.881046	-1.378112	-0.558459	-0.804606	0.26695	-0.936137	-1.131008	-0.71032	-0.485749	-0.356747	-0.714039	-0.264112	0.879261	0.617252	0.113424	-0.457406	-0.725595	-0.584598	-0.455831	-0.548525	1.178435	-0.868404	-1.60632	-0.622095	-0.842548	-0.895562	-1.120246	0.28426	-1.341163	-0.838284	-0.367799
ContC_PFCl_1_R	-0.305266	1.296709	0.779345	0.156735	1.181417	0.112613	-0.721314	1.241178	1.588841	-0.133532	0.457242	2.21315	0.629091	0.546116	-0.198287	-1.041415	2.193893	-0.775549	-0.012117	1.981732	1.368747	2.082362	2.348418	0.329907	1.787661	-0.583808	1.953403	0.630699	2.610539	-0.575471	0.855595	-1.000872	0.192212	1.749055	1.265879	1.924176	0.001506	0.470453	-0.706308	1.760961	2.859336	-0.175776	-0.280509	-0.486132	-0.539904	0.415717	2.845907	0.830289	0.7675	1.772555	2.243278	-0.067497	1.857636	1.791565	-0.601307	-0.239971	0.11497	-0.337692	2.193906	1.947237	0.264914	0.764971	-0.754416	1.763797	1.966883	0.259059	-0.3665	1.563011	1.56795	1.23172	1.54547	2.327749	-0.089545	2.132123	-0.435026	0.991657	-0.918924	-0.7121	1.92371	-0.714039	2.266791	1.97411	-0.460495	2.833437	-0.630008	1.192774	1.614136	0.714773	1.67904	-0.897268	-0.139798	1.413831	2.334582	1.881985	-0.724974	1.713424	0.957029	1.630495	-0.838284	0.549825
ContC_PFCl_2_R	-0.305266	1.296709	0.555858	0.156735	1.181417	0.112613	-0.721314	-0.013401	1.588841	1.267479	0.645286	2.21315	-0.190915	-0.863293	-0.318849	-1.041415	1.766761	-0.775549	-0.464165	1.06729	1.368747	2.082362	2.348418	0.329907	1.787661	-0.583808	1.953403	0.630699	2.610539	-0.575471	1.555781	-1.000872	0.192212	1.749055	2.600739	1.924176	0.001506	0.630364	-0.706308	1.433641	2.859336	-0.384487	-0.280509	-0.486132	-0.465853	1.901101	1.008346	1.457864	0.7675	-0.109085	2.243278	-0.846164	1.857636	0.658799	-0.601307	-0.239971	0.595082	-0.337692	2.193906	1.921491	0.264914	1.020211	-0.218981	1.763797	1.388213	0.011962	0.011877	1.678064	1.56795	1.450527	1.051853	1.926416	-0.089545	2.132123	-0.435026	0.991657	-0.918924	-0.7121	1.92371	-0.714039	2.266791	1.97411	-0.460495	2.833437	-0.630008	1.192774	-0.177588	0.714773	0.462185	-0.544721	-0.139798	1.413831	2.334582	0.311839	-0.724974	1.713424	0.957029	1.120324	-0.838284	0.549825
ContC_PFCl_3_R	0.821711	0.274923	-0.839795	-0.453143	-0.971826	0.662388	-0.348464	-0.013401	0.701087	1.267479	-1.188543	-0.562111	0.841036	0.088926	-0.932819	-0.262312	1.766761	0.019427	-0.012117	0.859575	-0.75659	-0.180744	0.157489	-0.015263	-0.750017	-0.113482	-0.828203	-0.932653	2.610539	0.87176	1.541821	-0.82572	-1.10312	1.749055	2.600739	-1.285912	0.001506	2.565529	0.437495	2.319854	1.440402	2.161476	-0.280509	-0.701138	-0.86623	0.627098	0.290938	0.863154	0.7675	-0.109085	0.93096	0.080897	0.511445	0.532697	-0.316546	0.350698	-0.317342	-1.316109	-0.330184	1.339485	0.26611	0.764971	-0.909531	1.578012	0.555802	-0.840688	-1.00544	-0.577914	1.56795	1.450527	-0.179444	1.926416	0.290787	0.26695	-1.331433	-0.610889	0.351649	0.248116	-0.356747	0.703644	0.205489	0.436769	-0.460495	2.833437	-0.556901	1.491836	-1.110832	-0.577054	0.462185	-0.64548	-0.139798	-0.4112	-0.321165	-1.127269	1.085918	0.558169	0.957029	-0.083725	0.001648	-0.368066
ContC_PFCm_1_R	0.709376	0.217532	-0.839795	-0.453143	1.181417	0.084208	-0.348464	0.861149	-0.752784	0.527377	-1.188543	-0.562111	1.608662	0.088926	-0.198287	-1.124217	1.140217	0.019427	0.302861	0.859575	-0.75659	-0.180744	-0.470518	-0.015263	-0.750017	-0.113482	-0.828203	-0.235976	0.022253	0.87176	-0.40613	-0.82572	-0.519629	0.619869	0.145757	-1.285912	-1.19973	2.565529	0.437495	2.319854	1.440402	2.161476	-0.280509	-0.701138	-0.86623	0.627098	0.290938	0.863154	-0.43813	1.123488	2.243278	0.080897	0.511445	0.532697	-0.316546	0.350698	1.174727	-1.316109	-0.330184	1.069791	0.26611	-1.045208	-0.07946	1.401974	0.555802	-0.840688	-1.00544	-0.577914	-0.818361	0.799078	-0.400095	0.406032	0.290787	0.26695	-0.435026	-0.610889	0.351649	0.248116	-0.356747	0.703644	0.205489	0.436769	0.051639	0.466917	-0.556901	1.491836	-1.322237	0.508783	0.13794	-0.64548	-1.431625	-0.4112	-0.321165	0.914025	1.085918	0.558169	-0.015112	-0.69096	-0.771698	1.268895
ContC_PFCm_2_R	0.709376	0.217532	-0.839795	0.161311	1.181417	0.662388	-0.946734	-1.322163	-0.752784	0.527377	-1.188543	-0.562111	-0.603465	0.088926	-0.932819	-1.124217	1.140217	0.019427	0.38283	-0.416882	-0.524998	-0.180744	-0.632959	-0.015263	0.563728	-0.113482	-0.828203	-0.932653	0.022253	0.87176	-0.429093	-0.82572	-1.10312	-0.214945	0.145757	-1.285912	-1.19973	2.565529	0.437495	-0.940772	1.440402	2.161476	-0.689948	-0.701138	-0.162408	-0.61156	0.290938	0.863154	-0.43813	-0.109085	0.93096	-1.029431	0.511445	-0.855951	-0.316546	-0.64653	1.174727	-1.316109	-0.330184	-0.550756	0.26611	-1.045208	-0.909531	-0.59876	0.555802	-0.840688	-1.00544	-0.577914	-0.818361	0.799078	0.165619	0.406032	-0.804606	0.26695	-1.331433	-0.610889	0.351649	0.248116	-0.356747	0.473906	-0.197956	0.879261	0.051639	0.466917	-0.556901	1.491836	-1.322237	0.508783	-0.548525	-0.625932	-1.431625	-0.4112	-1.174881	0.914025	-0.291506	-0.640332	-0.015112	-0.69096	-0.771698	-0.368066
ContC_PFCm_3_R	0.709376	0.217532	-0.839795	-0.453143	-0.212053	0.662388	-0.946734	-1.319419	-0.752784	0.527377	-1.188543	-0.562111	1.608662	0.088926	-0.932819	0.262201	0.564009	0.019427	-0.464165	0.859575	-0.524998	-0.180744	-0.632959	-0.015263	1.787661	-0.113482	-0.208587	-0.932653	0.022253	0.87176	1.555781	-0.82572	-1.10312	-0.214945	0.145757	-1.285912	-1.19973	2.565529	0.437495	2.319854	1.440402	2.161476	-0.280509	-0.701138	-0.86623	0.627098	0.290938	0.863154	-0.568913	-0.109085	0.93096	0.080897	0.511445	-0.855951	-0.316546	0.350698	-0.317342	-1.316109	-0.330184	-0.550756	0.26611	-1.045208	-0.909531	1.401974	0.555802	-0.840688	-1.00544	-0.577914	-0.818361	0.799078	-0.179444	0.406032	-0.804606	0.26695	-1.331433	-0.610889	0.351649	0.248116	-0.356747	0.703644	-0.197956	0.879261	0.617252	0.466917	-0.556901	1.491836	-1.322237	-0.577054	0.13794	-0.64548	-1.431625	-0.4112	-1.174881	-1.127269	1.085918	0.558169	-0.015112	-0.69096	-0.771698	1.268895
ContC_pCun_1_R	-0.933149	-0.942174	-1.028299	-0.634973	-0.98254	-1.139372	-0.892475	-0.383611	-0.696106	0.882871	1.832188	-0.689786	-1.296508	-0.992466	-1.051533	-1.162996	-1.097673	-0.891269	-0.454853	-1.151069	-1.665037	0.06139	-0.648616	-0.694841	-0.165487	-0.967967	-0.193218	0.907392	-0.8775	-0.954966	-0.757214	-1.02578	0.306271	-1.146728	-0.888903	-0.253004	-1.181191	-1.001991	-1.10813	-0.706724	-0.599491	-0.947423	-1.209064	0.700763	-0.853729	1.676192	-0.54821	0.838574	-1.050126	-0.867076	-0.651646	-1.177605	-0.428328	-1.081504	-0.942226	-1.116581	-0.71434	0.678966	-0.537645	-0.626087	-0.792327	-0.755448	-0.710927	-0.659757	-1.522078	-0.512763	-0.875436	-0.983363	-0.667481	-0.949552	-0.841353	-0.274694	-0.762476	-1.010181	-0.727143	-0.412139	-0.199639	-0.861415	-0.464707	-0.711448	-0.471545	-1.12614	-0.932926	-0.299435	0.711029	-1.132494	-0.584598	-0.455831	-0.383834	0.92381	0.19941	-1.60632	-0.608013	-1.097715	-0.895562	-1.120246	0.736974	0.367944	-0.792011	-0.313007
SalVenAttnA_FrMed_1_R	-0.425002	0.603984	0.779345	-0.453143	1.580368	1.716024	-0.645786	1.241178	0.701087	-0.715487	1.745855	2.21315	0.629091	-0.331572	-0.198287	-0.464455	0.564009	-0.001055	0.302861	1.981732	1.368747	1.73834	0.716964	0.765031	1.787661	-0.583808	0.084549	-0.235976	0.084319	0.002573	1.437742	-0.335944	-0.519629	-0.835336	-0.410217	0.620557	-0.186538	0.630364	-0.107474	2.319854	0.999623	-0.362557	-0.434034	-0.911125	-0.465853	-0.851618	2.845907	-0.438352	1.311717	2.002027	0.529855	-0.067497	1.584147	1.928337	-0.633534	-0.239971	0.11497	0.496951	2.193906	1.109322	0.321308	0.764971	-0.07946	1.578012	1.966883	-0.475246	-0.060555	0.865928	1.058958	1.23172	0.165619	1.926416	-0.441164	-0.417011	-0.149259	-0.610889	-0.918924	-0.132149	1.741537	-1.174838	2.319747	1.97411	0.617252	-0.520383	0.345086	-0.725595	-0.313005	1.837389	1.499722	-0.897268	-0.307389	1.599794	0.805789	2.444839	-0.164988	0.475039	0.255353	-0.06265	0.001648	1.702577
SalVenAttnA_FrMed_2_R	-0.425002	0.603984	0.779345	-0.453143	2.071951	1.484579	-0.348464	0.861149	0.701087	-0.715487	0.457242	2.21315	0.841036	-0.331572	-0.198287	-1.162996	0.564009	-0.001055	0.302861	0.859575	-0.75659	1.73834	0.630741	-0.015263	1.787661	-0.583808	0.084549	-0.235976	0.084319	0.002573	1.437742	-0.335944	-0.519629	0.619869	-0.410217	1.901942	-0.851127	0.630364	-0.107474	2.319854	0.999623	-0.362557	0.717192	-0.911125	-0.465853	0.627098	2.845907	0.045323	-0.43813	2.002027	2.243278	-0.067497	1.584147	0.532697	-0.316546	0.350698	-0.317342	-1.316109	-0.330184	1.069791	0.26611	0.764971	-0.754416	1.401974	0.555802	-0.840688	-0.060555	1.563011	1.058958	0.799078	0.165619	0.406032	0.290787	0.26695	-0.435026	-0.610889	-0.918924	-0.132149	0.574555	0.703644	2.319747	0.436769	0.617252	1.150483	0.017166	1.192774	-0.973136	0.508783	1.499722	0.082458	-0.139798	1.413831	-0.321165	2.444839	-0.164988	0.475039	-0.015112	-0.06265	0.001648	1.702577
SalVenAttnA_FrMed_3_R	-0.425002	0.603984	-0.839795	-0.453143	-0.646124	1.484579	-0.932211	1.241178	0.701087	-0.715487	0.457242	2.21315	0.841036	0.088926	-0.198287	-1.162996	0.564009	-0.001055	0.302861	0.859575	-0.75659	-0.180744	0.630741	-0.015263	1.787661	-0.583808	-0.828203	-0.235976	0.084319	0.002573	1.437742	-0.335944	-0.519629	0.619869	-0.410217	-1.285912	-0.851127	0.630364	-0.107474	2.319854	0.999623	-0.362557	0.717192	-0.701138	-0.465853	0.627098	2.845907	0.045323	-0.43813	2.002027	2.243278	-0.067497	0.511445	0.532697	-0.316546	0.350698	-0.317342	-1.316109	-0.330184	-0.550756	0.26611	0.764971	-0.07946	1.401974	0.555802	-0.840688	1.792845	1.563011	1.058958	0.799078	0.165619	0.406032	0.290787	0.26695	-0.435026	-0.610889	0.351649	0.248116	-0.356747	0.703644	2.319747	0.436769	2.352235	1.150483	0.017166	-0.725595	-0.973136	0.508783	1.499722	0.082458	-1.431625	1.413831	-0.321165	1.881985	-0.164988	0.558169	-0.015112	-0.69096	0.001648	1.268895
SalVenAttnA_FrOper_1_R	-0.839006	2.639	0.555858	0.156735	1.181417	1.484579	-0.932211	0.524289	1.588841	-0.133532	0.645286	2.21315	0.629091	-0.331572	0.91678	-0.464455	-0.669642	-0.001055	0.302861	1.06729	-0.003172	-0.340426	-0.177673	0.329907	-0.750017	-0.724726	1.953403	0.630699	0.084319	-0.575471	-1.282276	-0.608506	0.192212	-0.933477	1.265879	1.901942	-0.186538	-0.458749	-1.148828	-0.492835	-0.599491	-0.175776	-1.031089	-0.486132	-0.539904	0.13347	1.008346	1.04805	2.161014	-0.120834	2.243278	-0.846164	-0.526039	1.791565	-0.633534	-0.757782	-0.782549	1.307372	1.524257	-0.60689	0.264914	1.020211	-1.128436	-0.159625	1.353056	0.135957	0.011877	1.678064	1.000885	-0.243292	0.596634	2.327749	-0.102685	2.132123	0.343725	1.617128	-0.918924	-0.7121	1.92371	-0.714039	1.846102	-0.910612	-0.695422	0.113424	-0.630008	-0.208867	-0.52319	0.3446	1.524682	-0.544721	-0.139798	1.599794	0.805789	-1.002594	-0.724974	-0.556491	1.145217	0.250215	-0.174513	0.936945
SalVenAttnA_FrOper_2_R	-0.305266	2.639	0.555858	0.156735	1.181417	1.484579	-0.932211	0.861149	1.588841	-0.133532	0.645286	2.21315	0.629091	-0.863293	-0.318849	-1.041415	2.193893	-0.775549	0.302861	1.06729	1.368747	1.73834	1.105775	0.329907	1.787661	-0.583808	1.953403	0.630699	2.610539	-0.575471	1.541821	-1.000872	0.192212	0.092208	1.265879	1.901942	0.001506	-0.458749	-0.706308	1.433641	2.859336	-0.384487	-1.031089	-0.486132	-0.539904	1.901101	1.008346	-0.386365	1.092733	-0.120834	2.243278	-0.846164	-0.526039	0.658799	-0.601307	-0.757782	-0.782549	-0.337692	1.524257	1.205542	0.264914	1.020211	-1.128436	1.763797	1.388213	0.011962	0.011877	1.678064	1.000885	2.294382	1.524493	2.327749	-0.089545	2.132123	0.343725	1.617128	-0.918924	-0.7121	1.92371	-0.714039	1.846102	-0.910612	-0.695422	2.833437	-0.630008	-0.208867	-0.52319	0.3446	1.524682	-0.544721	-0.139798	1.599794	2.334582	0.914025	-0.724974	1.713424	1.145217	1.630495	-0.838284	0.936945
SalVenAttnA_IPL_1_R	-0.921287	-0.415173	-1.059949	-1.324749	0.552787	0.010534	-1.183474	0.834731	0.389173	0.557105	-0.43739	1.150091	-1.006531	-0.992466	-0.198287	0.109273	-0.022898	-0.764193	1.366428	-0.473311	-0.338637	0.563169	-0.31003	-0.499692	1.338934	-0.80582	0.084549	0.291961	-0.389803	-1.004602	-0.429093	-1.23097	0.532055	-0.835336	-0.226452	0.166935	-0.99598	-1.001991	-1.449627	-0.420701	-0.289828	-0.770915	-1.234347	-0.322435	-0.876227	-0.529259	-0.385439	0.894316	1.311717	-0.120834	-0.024772	-0.021069	-0.077447	-0.171361	-1.037181	-1.080903	-0.835697	-0.520854	0.379392	-0.449475	-0.625402	0.309126	-0.754416	-0.526517	-0.687993	0.277136	-0.933021	0.467906	-0.669363	-0.136495	0.596634	0.069955	-1.159397	-0.417011	-0.793598	1.596022	-1.765116	-0.935705	0.376325	-1.116929	-0.197956	-0.934498	-0.937952	-0.49143	-1.03732	-0.697671	2.098037	-0.437311	-0.432535	-0.027462	-0.773536	-0.544633	0.834909	-0.146874	-0.704599	-0.151826	-0.434157	1.211181	-0.792011	-0.471132
SalVenAttnA_IPL_2_R	-0.839006	-0.942174	-1.059949	0.156735	0.552787	-1.139372	-0.645786	-0.915388	0.389173	0.557105	-0.43739	1.026169	-1.055332	-1.086562	-0.932819	-0.429946	-0.669642	-0.764193	-0.787842	-0.473311	-0.338637	0.563169	-0.31003	-0.499692	-1.002105	-1.06663	0.084549	0.291961	-0.389803	-1.004602	0.076028	-1.23097	0.532055	-0.835336	-0.418167	0.620557	-0.99598	-1.034477	-1.10813	-0.750524	-0.589208	-0.964585	-1.063742	-0.322435	-0.876227	-0.529259	-0.385439	0.894316	0.382824	-0.826722	-0.024772	-1.029431	-0.077447	1.791565	-1.037181	-1.080903	-0.835697	-0.337692	0.379392	-0.449475	-0.625402	-1.045208	-1.041614	-0.526517	1.966883	0.277136	-1.673618	0.467906	-0.669363	-0.136495	0.596634	-0.114563	-0.042664	-0.417011	-0.793598	1.596022	-0.918924	-0.785265	-0.147829	-1.44477	-0.197956	-0.910612	-0.948114	-0.49143	-1.03732	-0.725595	-0.177588	0.3446	-0.588476	-0.739551	-0.964407	-0.544633	0.834909	-1.002594	-0.816627	-0.151826	2.070396	0.367944	-0.494292	-1.14253
SalVenAttnA_Ins_1_R	-0.305266	2.639	0.555858	0.156735	1.181417	1.484579	-0.721314	0.861149	1.588841	-0.133532	0.645286	2.21315	-0.190915	0.546116	-0.318849	-1.041415	2.193893	-0.775549	0.302861	1.06729	1.368747	2.082362	1.105775	0.329907	1.787661	-0.583808	1.953403	0.630699	0.084319	-0.575471	0.855595	-1.000872	0.192212	0.092208	1.265879	1.901942	0.001506	-0.458749	-0.706308	1.433641	0.189684	-0.175776	-1.031089	-0.486132	-0.539904	1.901101	1.008346	0.830289	1.092733	-0.120834	2.243278	-0.846164	0.50106	1.791565	-0.601307	-0.757782	-0.36763	-0.337692	1.524257	1.205542	0.264914	1.020211	-1.128436	1.578012	1.388213	0.011962	-0.060555	1.678064	1.000885	2.294382	1.524493	2.327749	-0.089545	2.132123	0.343725	1.617128	-0.918924	-0.7121	0.340193	-0.714039	1.846102	1.97411	-0.489997	1.150483	-0.630008	-0.208867	0.355448	1.837389	1.67904	-0.544721	0.836857	1.599794	2.334582	2.444839	-0.724974	1.713424	1.145217	0.250215	-0.838284	0.936945
SalVenAttnA_Ins_2_R	-0.305266	2.639	0.555858	-0.733385	1.181417	0.010534	-0.721314	1.694415	1.588841	-0.133532	0.645286	2.21315	0.629091	-0.863293	-0.318849	-1.041415	2.193893	-0.775549	0.302861	1.06729	1.368747	2.082362	1.105775	0.329907	1.787661	-0.583808	1.953403	0.630699	0.084319	-0.575471	1.437742	-1.000872	0.192212	0.092208	1.265879	1.901942	0.001506	-0.458749	-0.706308	0.036259	0.189684	-0.175776	-1.031089	-0.486132	-0.539904	1.901101	1.008346	0.894316	0.7675	-0.120834	2.243278	-0.846164	0.50106	1.791565	-0.601307	-0.757782	-0.782549	-0.337692	1.524257	1.205542	0.264914	1.020211	-1.128436	1.763797	1.966883	0.135957	0.011877	1.678064	1.000885	2.294382	1.54547	2.327749	-0.089545	2.132123	0.343725	1.617128	-0.918924	-0.7121	1.92371	-0.714039	1.846102	-0.910612	-0.489997	0.113424	-0.630008	-0.208867	0.355448	1.837389	1.814761	-0.544721	0.836857	1.599794	2.334582	1.881985	-0.724974	1.713424	1.145217	0.250215	-0.838284	0.936945
SalVenAttnA_Ins_3_R	-0.851629	-0.399084	1.240481	0.622129	-0.98254	-0.957378	-0.457221	0.215061	-0.696106	-0.155011	-0.538154	1.150091	-1.006531	-0.595969	-0.876598	-1.162996	-0.669642	-0.757789	0.38283	-1.151069	-0.308665	-0.340426	0.055657	0.149339	0.563728	-0.724726	-0.408447	0.820749	0.45674	-0.954966	-1.574138	-1.031971	0.306271	-0.461924	-0.863325	-0.921751	-0.196418	-1.001991	-1.148828	-0.492835	-0.681268	-0.858611	-1.024223	0.700763	0.675574	1.029657	-0.686757	0.36582	-0.568913	-0.826722	0.001568	-1.177605	-1.297221	-0.823445	-0.884079	-1.116581	-0.848373	1.307372	-0.566942	-0.60689	0.125526	-0.237809	0.190695	-0.159625	-1.14172	0.277136	1.004804	-0.876675	-0.669363	-0.949552	-0.841353	-0.908193	0.201165	0.884147	0.768839	0.373112	0.599437	-0.485749	-0.507534	-0.665264	0.142409	-1.125186	-0.932926	0.42826	0.358125	-1.132494	-0.584598	-0.455831	-0.066072	0.92381	1.588455	-1.60632	-0.486996	-0.720371	-0.895562	-0.556491	0.736974	-0.318467	-0.7923	-0.830613
SalVenAttnA_PFCmp_1_R	0.709376	0.217532	-0.839795	-0.453143	-0.646124	0.084208	-0.348464	0.861149	0.701087	-0.715487	-1.188543	-0.562111	1.608662	0.088926	-0.198287	-1.162996	0.564009	0.019427	0.302861	0.859575	-0.75659	-0.180744	0.008079	-0.015263	-0.750017	-0.583808	-0.828203	-0.235976	0.022253	0.87176	1.437742	-0.82572	-0.519629	0.619869	0.145757	-1.285912	-0.851127	2.565529	-0.107474	2.319854	0.999623	-0.362557	-1.031089	-0.701138	-0.465853	0.627098	2.845907	0.045323	-0.43813	1.123488	2.243278	-0.067497	0.511445	0.532697	-0.316546	0.350698	-0.317342	-1.316109	-0.330184	1.069791	0.26611	0.764971	-0.07946	1.401974	0.555802	-0.840688	1.792845	-0.577914	1.56795	0.799078	0.165619	0.406032	0.290787	0.26695	-0.435026	-0.610889	0.351649	0.248116	-0.356747	0.703644	2.319747	1.97411	0.617252	1.150483	-0.556901	-1.132494	-1.322237	0.508783	0.13794	-0.64548	-1.431625	-0.4112	-0.321165	0.914025	-0.164988	0.558169	-0.015112	-0.69096	0.001648	1.268895
SalVenAttnA_SPL_1_R	-0.425002	0.603984	-0.839795	-0.733385	1.580368	-1.139372	-0.645786	-1.319419	0.701087	0.412728	1.745855	-0.484298	-1.055332	-0.387083	-0.932819	-1.162996	0.564009	-0.001055	-0.464165	-0.354142	-0.991785	-0.180744	-0.470518	-0.546603	-1.002105	-1.06663	0.084549	-0.87197	-1.233011	-0.909469	-1.095836	-0.335944	-0.852347	-0.920218	-0.410217	0.620557	0.158788	-0.831417	-0.012997	-0.694405	0.999623	-0.175776	-1.024223	-0.701138	-0.853729	-0.851618	-0.400028	-0.386365	1.214767	-0.69569	0.529855	-0.067497	-0.428328	-0.87381	-0.82963	-0.207704	-0.612584	-1.316109	-0.330184	-0.626087	0.26611	-0.755448	-0.07946	-0.59876	-0.120526	-0.840688	-0.3665	1.563011	1.058958	1.23172	0.165619	-0.558459	-0.441164	0.26695	-0.672793	-0.412139	-0.71032	0.248116	1.92371	-1.174838	2.319747	1.97411	-0.51396	-0.843744	-0.630008	1.491836	-0.973136	-0.577054	1.499722	-0.64548	-0.34246	1.599794	-0.622095	-1.002594	-0.816627	0.475039	-0.434157	-0.083725	-0.174513	-1.052553
SalVenAttnA_SPL_2_R	-0.425002	0.072396	0.7323	-0.733385	0.138167	-1.139372	-0.645786	0.524289	0.701087	0.412728	1.745855	-0.484298	-1.055332	-0.387083	-0.932819	-1.162996	0.564009	-0.891269	-0.787842	-0.354142	-0.991785	0.06139	-0.656591	-0.546603	-1.002105	-1.06663	-0.193218	-0.87197	-1.233011	-0.909469	-1.008354	-0.335944	-0.852347	-0.920218	-0.410217	-0.139803	-0.581803	-0.831417	-0.012997	-0.694405	0.999623	-0.15702	0.065805	-0.911125	-0.853729	-0.851618	0.225403	-0.386365	1.214767	-0.69569	0.529855	-0.067497	-0.428328	-0.87381	-0.82963	-0.207704	-0.298308	0.496951	-0.330184	1.205542	-0.945942	-0.755448	0.190695	-0.659757	-0.120526	-0.8815	-0.21199	0.865928	0.050766	-0.755035	0.596634	-0.274694	-0.893567	-0.992019	-0.672793	-0.412139	0.351649	-0.633209	-0.147829	-0.85242	0.694363	1.615462	-0.51396	-0.843744	-0.625682	-0.725595	-0.973136	-0.437311	1.499722	-0.027462	-0.34246	0.617341	-0.622095	-0.679349	-0.816627	0.475039	-0.995492	-0.764502	0.479846	-1.052553
SalVenAttnB_IFG_1_R	-0.305266	2.639	0.555858	-0.733385	1.181417	1.484579	-0.932211	1.694415	1.588841	-0.133532	0.645286	2.21315	1.279709	-0.863293	-0.318849	-1.041415	2.193893	-0.775549	0.302861	1.06729	1.368747	2.082362	1.105775	0.329907	-0.750017	-0.583808	1.953403	0.630699	2.610539	-0.575471	2.109282	-1.000872	0.192212	0.092208	1.265879	1.901942	0.001506	-0.458749	-0.706308	0.036259	2.859336	-0.384487	-0.280509	-0.486132	-0.539904	1.901101	1.008346	1.457864	1.092733	-0.120834	2.243278	-0.846164	1.857636	1.791565	-0.601307	-0.757782	-0.782549	-0.337692	1.524257	1.339485	0.264914	1.020211	-0.218981	1.763797	1.388213	0.011962	-0.3665	1.678064	1.000885	2.294382	1.524493	2.327749	-0.089545	2.132123	0.343725	0.991657	-0.918924	-0.7121	1.92371	-0.714039	1.846102	-0.910612	-0.489997	2.833437	-0.630008	-0.208867	-0.177588	1.837389	1.67904	-0.544721	-0.139798	1.599794	2.334582	0.914025	-0.724974	1.713424	0.957029	-0.083725	-0.838284	0.936945
SalVenAttnB_IPL_1_R	-0.921287	-0.415173	-1.059949	-1.324749	0.552787	-0.157688	-1.183474	0.834731	0.389173	0.557105	-0.43739	1.026169	-1.055332	-1.086562	-0.602117	-0.429946	0.22002	-0.764193	0.302861	-0.473311	-0.338637	0.563169	-0.31003	-0.499692	-1.002105	-0.80582	1.478509	0.291961	-0.389803	-1.004602	-0.757214	-1.23097	0.000707	-0.835336	-0.418167	0.166935	-0.99598	-1.034477	-1.449627	-0.420701	-0.589208	-0.964585	-1.063742	-0.322435	-0.876227	-0.529259	-0.54821	-0.706121	1.311717	-0.120834	-0.024772	-1.072106	-0.077447	0.658799	-1.037181	-1.080903	-0.835697	-0.520854	0.379392	-0.449475	-0.625402	0.309126	-1.041614	-0.526517	-0.687993	0.822441	-0.933021	0.467906	-0.103015	-0.136495	0.596634	0.069955	-1.159397	-0.276196	-0.793598	1.596022	-1.765116	-0.935705	1.741537	-1.44477	-0.197956	-0.934498	-0.948114	-0.49143	-1.03732	-0.697671	-0.177588	0.186467	-0.588476	-0.739551	0.843929	-0.544633	0.017408	-0.436941	-0.816627	-0.151826	-0.881294	0.367944	-1.049259	-1.156184
SalVenAttnB_IPL_2_R	-0.921287	-0.415173	-1.059949	-1.324749	0.552787	0.010534	-1.183474	1.150022	0.389173	0.557105	-0.43739	1.026169	0.152441	-1.086562	-0.602117	-1.501906	-0.022898	-0.764193	0.302861	-0.473311	-0.338637	0.563169	-0.656591	-0.499692	1.338934	-0.80582	1.478509	0.810116	-0.389803	-1.004602	-0.12904	-1.23097	0.532055	-0.835336	-0.418167	0.166935	-0.99598	-1.001991	-1.449627	-0.420701	-0.289828	-0.770915	-1.063742	-0.322435	-0.876227	-0.529259	-0.54821	0.199819	0.382824	-0.120834	-0.024772	-1.072106	-0.077447	-0.875107	-1.037181	-1.080903	-0.543695	0.518867	0.379392	-0.449475	-0.625402	0.309126	-1.041614	-0.526517	-0.096146	1.878008	-0.933021	0.467906	-0.103015	-0.136495	0.218549	0.136362	-0.042664	-0.276196	-0.793598	1.596022	-1.765116	-0.935705	0.385509	-1.44477	-0.253619	-0.934498	-0.948114	-0.406006	-1.03732	-0.697671	2.098037	0.186467	-0.582955	-0.739551	0.632257	-0.544633	0.834909	-0.146874	-0.704599	-0.151826	-0.881294	1.211181	-1.049259	-1.156184
SalVenAttnB_IPL_3_R	-0.921287	-0.386982	0.239984	-1.324749	0.552787	-0.891779	-1.183474	0.834731	0.389173	0.557105	-0.43739	0.90376	-0.367884	0.372705	-0.602117	-1.501906	-0.022898	-0.764193	0.302861	-0.473311	-0.338637	0.563169	-0.198745	-0.499692	1.338934	-0.80582	1.478509	0.810116	-0.389803	-1.004602	0.076028	-1.23097	0.532055	-0.835336	-0.226452	0.166935	-0.99598	-1.034477	-1.449627	-0.084025	-0.289828	-0.770915	-1.063742	-0.322435	-0.876227	-0.529259	-0.54821	0.199819	0.382824	-0.120834	-0.024772	-1.072106	-0.077447	-0.171361	-1.037181	-1.080903	-0.543695	0.518867	0.379392	-0.449475	-0.625402	0.309126	-1.041614	-0.526517	-0.096146	0.822441	-1.673618	0.467906	0.087786	-0.136495	0.218549	0.069955	-1.159397	-0.276196	-0.727143	1.596022	-1.765116	-0.935705	0.264093	-1.44477	-0.253619	-0.934498	-0.948114	-0.406006	-1.03732	-0.697671	2.098037	0.186467	-0.432535	-0.85882	1.116636	-0.544633	0.834909	-1.127269	-0.704599	-0.151826	2.070396	1.211181	-1.049259	-0.471132
SalVenAttnB_Ins_1_R	-0.305266	1.296709	0.555858	-0.733385	2.071951	1.484579	-0.932211	-0.013401	1.588841	1.267479	0.645286	2.21315	1.279709	-0.863293	-0.318849	-1.041415	1.766761	-0.775549	0.302861	1.06729	1.368747	2.082362	1.105775	0.329907	1.787661	-0.583808	1.953403	0.630699	2.610539	-0.575471	0.855595	-1.000872	0.192212	1.749055	2.600739	1.901942	0.001506	0.630364	-0.706308	1.433641	2.859336	-0.192894	-1.031089	-0.486132	-0.539904	1.901101	1.008346	1.457864	1.092733	-0.120834	2.243278	-0.846164	0.50106	0.658799	-0.601307	-0.757782	-0.054026	-0.337692	1.524257	1.921491	0.264914	1.020211	-0.218981	1.763797	1.388213	0.011962	-0.21199	1.678064	1.000885	2.294382	1.051853	1.926416	-0.089545	2.132123	0.343725	0.991657	-0.918924	-0.7121	1.92371	-0.714039	1.846102	-0.910612	-0.460495	2.833437	-0.630008	1.192774	0.355448	1.837389	1.67904	-0.544721	0.836857	1.599794	2.334582	2.444839	-0.724974	1.713424	0.957029	0.250215	-0.838284	0.936945
SalVenAttnB_Ins_2_R	-0.305266	1.296709	0.555858	-0.733385	1.181417	0.010534	-0.721314	1.694415	1.588841	1.267479	0.645286	2.21315	-1.055332	-0.863293	-0.318849	-1.041415	1.766761	-0.775549	0.302861	1.06729	-0.991785	2.082362	1.105775	0.329907	1.787661	-0.583808	1.953403	0.630699	2.610539	-0.575471	1.541821	-1.000872	0.192212	0.092208	2.600739	1.901942	0.001506	-0.458749	-0.706308	0.036259	2.859336	-0.192894	-1.031089	-0.486132	-0.539904	1.901101	1.008346	1.457864	1.092733	-0.120834	2.243278	-0.846164	0.50106	0.658799	-0.601307	-0.757782	-0.782549	-0.337692	1.524257	1.921491	0.264914	1.020211	-0.218981	1.763797	1.388213	0.135957	-1.00544	1.678064	1.000885	2.294382	1.051853	1.926416	-0.089545	2.132123	0.343725	0.991657	-0.918924	-0.7121	0.340193	-0.714039	1.846102	-0.910612	-0.489997	2.833437	-0.630008	-0.208867	0.355448	0.714773	0.462185	-0.544721	0.836857	1.599794	2.334582	0.311839	-0.724974	1.713424	0.957029	1.120324	-0.838284	0.936945
SalVenAttnB_Ins_3_R	-0.851629	-0.399084	1.240481	0.622129	-0.98254	-0.957378	-0.932211	0.861149	-0.696106	-0.155011	-0.538154	1.150091	-1.006531	-0.595969	-0.876598	-1.162996	-0.669642	-0.757789	0.38283	-1.123388	0.541121	-0.340426	-0.632959	0.149339	0.563728	-0.724726	-0.408447	1.004767	0.45674	-0.954966	0.621825	-0.608506	0.306271	-0.461924	-0.863325	-0.921751	-0.196418	-1.001991	-1.148828	-0.492835	-0.402194	-0.947423	-1.024223	0.700763	0.675574	1.029657	-0.686757	-0.706121	-0.43813	-0.826722	0.001568	-0.021069	0.148284	-0.823445	-0.884079	-1.116581	-0.298308	1.307372	-0.566942	-0.60689	0.125526	-0.237809	0.190695	-0.159625	1.353056	0.277136	1.004804	-0.876675	-0.669363	-0.949552	-0.841353	-0.38412	1.449116	0.884147	0.768839	0.373112	-0.199639	-0.485749	-1.08436	-0.665264	0.142409	-1.125186	-0.932926	0.42826	0.358125	-1.132494	-0.584598	-0.455831	-0.066072	0.92381	1.588455	-1.60632	-0.486996	0.88557	-0.497531	-0.556491	0.736974	2.354629	-0.303421	0.936945
SalVenAttnB_OFC_1_R	-0.851629	-0.942174	1.240481	0.622129	-0.98254	-1.139372	-0.457221	0.215061	-0.696106	-0.155011	-0.538154	1.150091	-1.006531	-0.595969	-0.876598	-1.162996	1.766761	-0.757789	0.38283	-1.151069	-0.308665	-0.340426	-0.632959	0.149339	0.563728	-0.724726	-0.408447	0.820749	0.45674	-0.954966	0.621825	-1.031971	0.306271	-0.461924	-0.863325	-0.921751	-0.196418	-1.001991	-1.148828	-0.492835	-0.289828	-0.190681	-1.024223	0.700763	0.675574	1.029657	-0.686757	0.36582	-0.568913	-0.826722	0.001568	-1.177605	0.148284	-0.823445	-0.884079	-1.116581	-0.848373	1.307372	-0.566942	-0.60689	0.125526	-0.237809	-0.710927	-0.159625	-1.14172	0.277136	1.004804	-0.876675	-0.669363	-1.000899	-0.841353	1.926416	0.201165	0.884147	0.768839	-0.98036	0.599437	-0.485749	-1.08436	-0.665264	-1.154847	-1.125186	-0.932926	0.42826	0.358125	-1.132494	-0.584598	-0.455831	-0.066072	0.92381	1.588455	-1.60632	-0.486996	-0.720371	-0.895562	-0.556491	-0.61754	-0.318467	-0.7923	-0.830613
SalVenAttnB_PFCd_1_R	-0.425002	0.072396	0.779345	0.156735	1.580368	0.70964	-0.645786	1.241178	0.701087	-0.715487	0.457242	2.21315	0.46224	0.546116	-0.198287	-0.429946	2.193893	-0.001055	0.302861	1.981732	1.368747	1.73834	0.716964	0.765031	1.787661	-0.583808	0.084549	-0.235976	0.084319	0.002573	1.437742	-0.335944	-0.519629	-0.835336	-0.410217	0.620557	-0.186538	0.630364	-0.107474	2.319854	0.999623	-0.362557	0.717192	-0.911125	-0.465853	-0.851618	2.845907	-0.438352	1.311717	2.002027	0.529855	-0.067497	1.584147	1.791565	-0.633534	-0.239971	-0.317342	0.496951	2.193906	1.109322	0.321308	0.764971	-0.754416	1.578012	1.966883	-0.475246	-0.060555	0.865928	1.058958	1.23172	1.524493	1.926416	-0.441164	-0.417011	-0.149259	-0.610889	-0.918924	-0.132149	1.741537	-1.174838	2.319747	1.97411	0.617252	-0.520383	0.345086	1.192774	-0.313005	0.508783	1.524682	-0.897268	-0.307389	1.599794	0.805789	2.444839	-0.164988	0.475039	0.255353	-0.654784	0.001648	1.702577
SalVenAttnB_PFCl_1_R	-0.839006	2.639	0.779345	0.156735	1.181417	2.302175	-0.932211	1.694415	1.588841	-0.133532	0.457242	2.21315	0.152441	-0.331572	0.91678	-0.464455	2.193893	-0.001055	0.302861	1.981732	-0.003172	2.082362	1.105775	0.329907	1.787661	-0.583808	1.953403	-0.235976	0.084319	0.002573	0.139096	-1.000872	-0.519629	-0.933477	1.265879	1.901942	-0.186538	-0.458749	-0.706308	1.760961	0.667937	-0.175776	-1.031089	-0.486132	-0.539904	0.13347	1.008346	1.04805	1.214767	1.123488	2.243278	-0.846164	2.246959	1.791565	-0.633534	-0.757782	-0.782549	1.307372	1.524257	1.109322	0.264914	2.457127	-1.128436	-0.159625	1.353056	0.259059	-1.00544	1.563011	2.946561	1.23172	1.524493	2.327749	0.297241	2.132123	0.343725	0.991657	-0.918924	-0.7121	1.684038	-0.714039	2.319747	1.97411	-0.695422	0.113424	-0.630008	-0.208867	1.614136	0.3446	1.524682	-0.544721	0.323363	1.599794	0.805789	1.881985	-0.164988	-0.556491	1.145217	1.630495	-0.174513	-1.052553
SalVenAttnB_PFCl_2_R	-0.305266	0.217532	-0.839795	-0.733385	1.181417	1.484579	-0.069515	1.241178	1.588841	1.267479	0.457242	2.21315	0.629091	0.546116	-0.198287	-0.464455	1.766761	-0.775549	-0.012117	0.859575	1.368747	2.082362	1.105775	0.329907	1.787661	-0.583808	1.953403	-0.235976	2.610539	0.87176	1.555781	-1.000872	0.192212	1.749055	2.600739	1.924176	0.001506	2.565529	-0.706308	2.319854	2.859336	-0.192894	-0.280509	-0.486132	-0.465853	0.415717	2.845907	1.457864	0.7675	-0.109085	2.243278	-0.067497	1.857636	1.791565	-0.601307	0.350698	-0.317342	-0.337692	2.193906	1.921491	0.264914	0.764971	-0.07946	1.578012	1.388213	0.259059	0.011877	1.563011	1.56795	1.450527	1.051853	1.926416	-0.089545	2.132123	-0.435026	0.991657	0.351649	-0.132149	1.92371	-0.714039	1.846102	1.97411	0.617252	2.833437	-0.630008	1.192774	1.614136	0.714773	1.67904	-0.897268	-0.139798	1.413831	2.334582	0.311839	-0.724974	1.713424	0.957029	-0.083725	-0.838284	0.549825
SalVenAttnB_PFCl_3_R	-0.305266	1.296709	0.555858	-0.733385	-0.971826	0.70964	-0.721314	1.241178	1.588841	1.267479	0.645286	2.21315	-0.190915	-0.863293	-0.318849	-1.041415	1.766761	-0.775549	-0.464165	1.06729	1.368747	2.082362	1.105775	0.329907	1.787661	-0.583808	1.953403	0.630699	2.610539	-0.575471	2.109282	-1.000872	0.192212	1.749055	2.600739	1.924176	0.001506	0.470453	-0.706308	0.036259	2.859336	-0.192894	-0.280509	-0.486132	-0.539904	1.901101	1.008346	1.457864	1.092733	-0.120834	2.243278	-0.846164	0.50106	0.658799	-0.601307	-0.757782	-0.36763	-0.337692	1.524257	1.109322	0.264914	1.020211	-0.218981	1.763797	1.388213	0.011962	-0.3665	1.678064	0.023214	1.450527	1.051853	1.926416	-0.089545	2.132123	0.343725	0.991657	-0.918924	-0.7121	0.376325	-0.714039	2.266791	-0.910612	-0.489997	2.833437	-0.630008	1.192774	-0.177588	0.714773	0.462185	-0.544721	-0.139798	1.413831	2.334582	0.311839	-0.724974	1.713424	0.957029	0.250215	-0.838284	0.549825
SalVenAttnB_SPL_1_R	-0.425002	0.072396	0.7323	-0.634973	-0.990831	0.112613	-0.645786	0.524289	0.701087	-1.165755	1.745855	-0.484298	-1.296508	-0.387083	0.102322	-1.162996	-0.608749	1.013102	-0.454853	-0.354142	-0.991785	-0.180744	-0.470518	-0.546603	-1.002105	1.026724	-0.193218	-0.87197	-1.233011	-0.909469	-1.282276	-0.608506	-0.787774	-0.920218	-0.888903	-0.139803	-0.581803	-0.831417	-0.012997	-0.694405	0.999623	-0.15702	-1.024223	-0.911125	-0.853729	-0.851618	0.225403	-0.386365	1.214767	-0.69569	0.529855	-1.029431	-0.428328	-0.87381	-0.82963	-0.207704	-0.71434	1.045648	-0.330184	-0.626087	-0.945942	-0.755448	0.190695	-0.59876	-0.120526	0.741614	-0.21199	1.563011	0.050766	-0.755035	-0.766308	-0.558459	-0.762476	0.26695	-0.149259	-0.98036	0.351649	-0.633209	-1.031369	-0.85242	-0.197956	-0.197096	-0.51396	-0.843744	-0.625682	-1.132494	-0.097108	-0.84322	1.499722	-0.027462	-0.307389	0.617341	-0.622095	-0.679349	-0.497531	0.475039	-0.434157	-0.764502	0.479846	-1.052553
SalVenAttnB_Temp_1_R	-0.921287	-0.386982	0.239984	-0.834541	-0.385872	-0.167094	-1.183474	1.150022	0.389173	2.039818	-0.43739	0.90376	-0.367884	0.372705	0.120037	-1.501906	-0.022898	-0.918342	1.366428	-0.507021	0.355401	0.563169	-0.389709	0.097028	1.338934	-0.80582	0.396067	1.03115	-0.02659	-1.004602	-0.429093	-1.219199	2.311317	-0.492513	-0.226452	0.574681	-1.181191	-0.648929	-1.449627	-0.084025	-0.289828	-0.770915	-1.012782	2.092888	-0.876227	-0.109114	-0.54821	0.838574	0.382824	-0.120834	-0.024772	-1.072106	-0.080025	-0.422066	-1.037181	-0.741545	-0.543695	0.536953	0.379392	-0.38977	-0.625402	0.604387	-0.322305	-0.41698	-0.096146	0.822441	-0.125159	0.467906	0.087786	0.027515	0.218549	0.136362	-0.042664	0.808019	-0.793598	1.596022	-1.765116	-0.935705	0.376325	-1.116929	-0.258728	-0.934498	-0.948114	0.726195	1.717553	-0.697671	2.098037	0.186467	-0.432535	-0.85882	1.478979	-0.544633	1.347802	-0.146874	-0.704599	-0.318679	-0.881294	1.211181	-1.049259	-0.471132
SalVenAttnB_Temp_2_R	-0.889854	-0.386982	0.239984	-0.834541	-0.385872	-0.167094	-0.564588	1.150022	0.389173	2.039818	-0.210877	-0.214028	-0.367884	-0.922441	-0.6576	-1.501906	-0.022898	-0.918342	1.366428	-0.507021	0.224019	0.563169	-0.389709	2.644519	1.338934	0.053412	0.396067	1.457413	-0.02659	-1.004602	-0.493402	-1.219199	1.379442	-0.12261	-0.226452	0.574681	-1.181191	-0.648929	-0.852457	-0.084025	-0.079395	-1.011525	-1.234347	2.092888	-0.968173	0.679166	-0.385439	2.01389	-0.498287	-0.353437	1.521148	-1.072106	-0.080025	-0.422066	-1.037181	-0.741545	-0.656656	-0.231268	0.379392	-0.078309	-0.625402	0.604387	-0.322305	-0.41698	-0.096146	0.822441	1.990432	0.467906	-0.593927	0.027515	0.218549	0.069955	-0.042664	0.808019	-0.727143	1.596022	-0.169974	-0.769893	-0.086604	-1.116929	0.51059	-0.934498	-0.948114	0.726195	1.717553	-0.697671	2.098037	0.727448	-0.432535	-0.570055	1.588455	-0.544633	1.347802	-0.146874	-0.704599	-0.318679	2.070396	1.211181	-1.049259	-0.471132
DorsAttnA_IPS_1_R	-0.839006	-0.415173	-1.059949	0.156735	0.552787	1.716024	-1.183474	1.150022	1.814847	0.557105	1.832188	1.026169	0.152441	-1.086562	0.120037	-0.464455	0.22002	-0.764193	0.302861	-0.473311	-0.338637	0.563169	-0.31003	-0.499692	-1.002105	-0.80582	1.478509	0.810116	-0.389803	-1.004602	-0.12904	-1.23097	0.000707	-0.835336	-0.418167	0.166935	-0.99598	-1.034477	-1.449627	-0.420701	-0.589208	-0.964585	-1.063742	-0.322435	-0.876227	-0.529259	-0.54821	0.199819	1.311717	-0.120834	-0.024772	-1.072106	-0.080025	0.191844	-1.037181	-1.080903	-0.835697	-0.520854	0.379392	-0.626087	-0.625402	0.309126	-1.041614	-0.526517	-0.096146	1.878008	-0.508801	0.467906	0.087786	-0.136495	0.596634	0.069955	-1.094387	-0.276196	-0.793598	1.596022	-1.765116	-0.935705	1.684038	-1.44477	-0.253619	-0.934498	-0.948114	-0.49143	-1.03732	-0.697671	-0.177588	-0.437311	-0.588476	-0.739551	1.44397	-0.544633	0.017408	0.88557	-0.816627	-0.151826	-0.881294	0.367944	-1.049259	-1.156184
DorsAttnA_IPS_2_R	-0.921287	-0.942174	-1.059949	-0.834541	0.552787	-0.891779	-1.183474	1.150022	1.814847	0.557105	1.832188	0.90376	0.152441	-1.086562	0.120037	-0.464455	-0.022898	-0.764193	-0.316166	-0.473311	-0.991785	0.563169	-0.31003	-0.499692	-1.002105	-0.80582	1.478509	0.810116	-0.389803	-1.004602	-1.008354	-1.23097	0.000707	-0.492513	-0.226452	-0.253004	-0.851127	-1.034477	-1.449627	-0.084025	-0.289828	-0.770915	-1.234347	-0.322435	-0.876227	-0.109114	-0.385439	0.838574	-0.43813	-0.867076	-0.024772	-1.072106	0.061097	0.191844	-1.037181	-1.080903	-0.543695	-0.520854	0.379392	-0.626087	-0.625402	0.309126	-1.041614	-0.526517	-0.687993	2.591513	-0.508801	0.467906	0.458917	-0.136495	0.596634	0.069955	-1.094387	-0.417011	-0.793598	1.596022	-1.765116	-0.935705	0.376325	-1.44477	0.51059	-0.934498	-0.948114	0.726195	-1.03732	-0.697671	-0.177588	0.186467	-0.066072	-0.85882	1.478979	-0.544633	0.017408	0.88557	-0.704599	-0.151826	2.070396	1.211181	-0.792011	-0.471132
DorsAttnA_PrCd_1_R	0.821711	2.639	0.779345	0.156735	2.071951	1.716024	-0.348464	1.241178	1.588841	-0.133532	1.745855	2.21315	0.152441	-0.331572	0.91678	-0.429946	2.193893	-0.001055	-0.787842	1.981732	-0.003172	1.73834	0.716964	0.329907	1.787661	-0.583808	1.953403	-0.235976	0.084319	0.002573	0.605635	-1.000872	-0.519629	-0.933477	-0.418167	1.901942	-0.186538	0.630364	-0.107474	2.319854	2.859336	-0.175776	-0.434034	-0.486132	-0.465853	0.13347	1.008346	0.894316	0.7675	1.123488	2.243278	-0.067497	1.857636	1.928337	-0.633534	-0.239971	-0.36763	1.307372	2.193906	1.109322	0.321308	2.457127	-1.128436	-0.159625	1.966883	0.259059	-0.060555	1.563011	2.946561	1.23172	1.524493	2.327749	-0.089545	2.132123	-0.435026	0.991657	-0.918924	-0.132149	1.741537	-0.714039	2.319747	1.97411	-0.695422	1.150483	-0.630008	-0.208867	-0.52319	0.3446	1.524682	-0.897268	0.323363	1.599794	0.805789	2.444839	-0.164988	1.713424	1.145217	1.120324	-0.174513	1.702577
DorsAttnA_PrCv_1_R	-0.305266	2.639	0.555858	0.156735	1.181417	2.302175	-0.721314	-0.013401	1.588841	-0.133532	0.645286	2.21315	1.279709	-0.331572	0.91678	-1.041415	2.193893	-0.775549	0.302861	1.06729	-0.003172	2.082362	-0.177673	0.329907	-0.750017	-0.583808	1.953403	0.630699	0.084319	-0.575471	1.541821	-1.000872	0.192212	-0.933477	1.265879	1.924176	-0.186538	-0.458749	-0.706308	0.036259	2.859336	-0.192894	-1.031089	-0.486132	-0.539904	0.13347	1.008346	1.04805	1.092733	-0.120834	2.243278	-0.846164	1.857636	0.658799	-0.601307	-0.757782	-0.782549	-0.337692	1.524257	1.109322	0.264914	1.020211	-0.218981	1.763797	1.966883	0.011962	-0.060555	1.678064	1.000885	2.294382	1.54547	2.327749	-0.089545	2.132123	0.343725	0.991657	-0.918924	-0.7121	1.92371	-0.714039	1.846102	-0.910612	-0.695422	0.113424	-0.630008	-0.208867	-0.52319	0.3446	1.814761	-0.544721	0.323363	1.599794	2.334582	1.881985	-0.724974	1.713424	1.145217	1.120324	-0.838284	-1.052553
DorsAttnA_SPL_1_R	-0.851629	0.603984	0.7323	-0.634973	-0.990831	-1.139372	-0.645786	0.861149	-0.696106	0.412728	-0.475038	-0.484298	-1.055332	-0.387083	0.102322	-1.162996	-0.608749	-0.891269	-0.454853	-0.354142	-0.991785	0.06139	-0.197801	-0.546603	-1.002105	-1.06663	-0.193218	1.004767	0.45674	-0.909469	-0.115009	-0.608506	-0.787774	-0.920218	-0.410217	-0.139803	-0.581803	-0.474157	-0.012997	-0.750524	-0.599491	-0.947423	-1.024223	0.700763	-0.853729	-0.109114	0.225403	-1.263958	1.214767	-0.69569	0.529855	-1.029431	-0.428328	-0.87381	-0.82963	-0.207704	-0.71434	-1.316109	-0.537645	-0.626087	-0.945942	-0.755448	0.190695	-0.659757	1.966883	0.741614	-0.21199	0.865928	0.050766	-0.949552	0.596634	-0.274694	-0.893567	0.884147	-0.672793	-0.412139	0.351649	-0.785265	-0.147829	-0.85242	-0.264112	-0.197096	-0.51396	-0.843744	-0.625682	-1.132494	-0.584598	-0.437311	-0.383834	0.92381	-0.34246	-1.60632	-0.622095	-1.097715	-0.497531	-1.120246	-0.434157	0.367944	-0.303421	-1.052553
DorsAttnA_SPL_2_R	-0.851629	0.603984	0.7323	-0.634973	-0.98254	-1.139372	-0.645786	0.861149	-0.696106	0.412728	-0.475038	-0.484298	-1.055332	-0.387083	0.102322	-1.162996	-0.608749	-0.891269	-0.454853	-0.354142	-0.991785	-0.340426	-0.632959	-0.546603	-1.002105	-1.06663	-0.193218	1.004767	0.45674	-0.909469	-0.493402	-0.608506	-0.787774	-1.146728	-0.888903	-0.139803	-0.581803	-0.474157	-0.012997	-0.750524	-0.599491	-0.947423	-1.024223	0.700763	-0.853729	-0.109114	-0.385439	-1.263958	-0.568913	-0.69569	0.001568	-1.029431	-1.201596	-0.87381	-0.82963	-1.116581	-0.71434	-1.316109	-0.537645	-0.60689	-0.945942	-0.237809	0.190695	-0.659757	1.966883	0.741614	-0.21199	-0.876675	-0.669363	-0.949552	-0.841353	-0.274694	-0.893567	0.884147	-0.672793	-0.412139	-0.199639	-0.785265	-1.08436	-0.85242	-0.264112	-0.197096	-0.932926	-0.843744	-0.625682	-1.132494	-0.584598	-1.034724	-0.383834	0.92381	-0.773536	-1.60632	-0.622095	-1.002594	-0.497531	-1.120246	-0.434157	0.367944	-0.303421	-0.830613
DorsAttnA_SPL_3_R	-0.851629	-0.942174	0.7323	0.622129	-0.98254	-1.139372	-0.892475	-1.319419	-0.696106	0.412728	1.832188	-0.689786	-1.055332	-0.992466	0.102322	-1.162996	-0.669642	-0.988713	-0.454853	-0.507021	-0.991785	-0.340426	-0.632959	-0.694841	-0.165487	-1.06663	-0.193218	0.907392	-0.8775	-0.954966	-1.008354	-1.23097	-0.787774	-1.146728	-0.888903	-0.253004	-0.196418	-1.001991	-0.012997	-0.084025	-0.402194	-1.011525	-1.024223	0.700763	-0.853729	1.067327	-0.686757	-0.85598	-0.642865	-0.826722	-0.024772	-1.029431	-1.201596	-0.87381	-0.942226	-1.116581	-0.71434	1.045648	-0.537645	-0.626087	-0.945942	-0.755448	-0.710927	-0.659757	-1.14172	0.741614	-0.875436	-0.876675	-0.669363	-0.949552	0.596634	-0.114563	-0.893567	-1.010181	-0.672793	0.426678	-0.199639	-0.861415	-0.147829	-0.711448	-0.654967	-0.197096	-0.932926	0.42826	0.711029	-1.132494	-0.584598	-0.455831	-0.383834	0.92381	0.19941	-1.60632	0.834909	-1.097715	-0.497531	-1.120246	0.736974	0.367944	-0.792011	-0.313007
DorsAttnA_SPL_4_R	-0.933149	-0.942174	0.7323	-0.634973	-0.98254	-1.139372	-0.892475	-0.00983	-0.782979	0.882871	-0.475038	-0.689786	-1.296508	-1.115261	-1.051533	-1.162996	-1.097673	-0.988713	-0.454853	-1.151069	-1.092471	-1.029153	-0.648616	-0.694841	-0.165487	-1.06663	-0.193218	0.907392	-0.8775	-0.954966	-0.757214	-1.02578	0.700408	-1.146728	-0.863325	-0.253004	-1.181191	-1.047805	-1.10813	-0.706724	-0.859441	-1.011525	-1.209064	0.700763	-1.065561	1.676192	-0.54821	0.838574	-0.73479	-0.867076	-0.565503	-1.177605	-1.201596	-1.081504	-0.942226	-1.116581	-0.71434	0.678966	-0.537645	-1.01975	-0.792327	-0.755448	-0.710927	-0.659757	-1.14172	-0.475246	-0.875436	-0.983363	-0.667481	-1.000899	-0.841353	-0.114563	-0.762476	-1.010181	-0.727143	0.426678	-0.199639	-0.861415	-1.544735	-0.711448	-0.654967	-1.12614	-0.932926	-0.299435	0.711029	-1.132494	-0.584598	-0.455831	-0.383834	-0.85882	0.437507	-1.60632	-0.622095	-0.679349	-0.895562	-1.120246	0.736974	0.367944	-0.792011	-1.156184
DorsAttnA_TempOcc_1_R	-0.889854	-0.386982	0.239984	-0.834541	-0.385872	-0.167094	-0.564588	1.150022	0.389173	2.039818	-0.210877	-0.214028	-0.367884	-0.52384	-0.6576	0.109273	-0.022898	-0.918342	1.366428	-0.507021	0.224019	0.338331	-0.389709	0.097028	1.338934	0.053412	0.396067	2.068061	-0.02659	-1.004602	-0.493402	-1.219199	2.311317	-0.12261	-0.226452	0.574681	-1.181191	-0.369915	-0.852457	-0.084025	-0.079395	-0.947423	-1.234347	2.092888	-0.968173	0.679166	-0.385439	2.01389	-0.902633	-0.353437	1.521148	-1.072106	-0.080025	0.191844	-1.037181	-0.741545	-0.384065	-0.231268	0.379392	-0.078309	-0.625402	0.604387	-0.322305	-0.41698	-0.100805	0.822441	-0.3665	0.467906	-0.269422	0.027515	0.218549	0.069955	-0.042664	0.808019	-0.727143	1.596022	-1.765116	-0.935705	-0.086604	-1.116929	0.51059	-0.934498	-0.331911	0.726195	1.717553	-0.697671	2.098037	0.727448	-0.432535	-0.570055	1.279638	-0.544633	1.347802	0.317143	-0.704599	-0.318679	2.070396	1.211181	-1.049259	0.549825
DorsAttnA_TempOcc_2_R	-0.889854	-0.386982	0.239984	-0.834541	-0.385872	-0.167094	-0.564588	-0.00983	0.389173	2.039818	-0.210877	-0.214028	-0.367884	-0.73711	-0.6576	-1.501906	-0.022898	-0.918342	1.366428	-0.507021	0.224019	0.563169	-0.389709	2.644519	1.338934	0.053412	0.396067	1.457413	-0.02659	-1.004602	-0.294507	-1.219199	2.311317	-0.12261	-0.226452	0.574681	-1.181191	-0.369915	-0.852457	-0.084025	-0.079395	-1.011525	-1.234347	2.092888	-0.968173	1.067327	-0.400028	2.01389	-0.642865	-0.353437	1.521148	-1.072106	-0.080025	0.191844	-1.037181	-0.741545	-0.656656	-0.231268	0.379392	-0.38977	-0.625402	0.604387	-0.322305	-0.41698	-0.096146	0.822441	1.990432	0.467906	-0.593927	0.027515	0.218549	0.069955	-0.042664	0.808019	-0.727143	1.596022	-0.169974	-0.769893	-0.086604	-1.116929	0.51059	-0.934498	-0.331911	0.726195	1.717553	-0.697671	2.098037	0.727448	-0.432535	-0.570055	1.279638	-0.544633	1.347802	-0.146874	-0.704599	-0.318679	2.070396	1.211181	-1.049259	-0.471132
DorsAttnA_TempPole_1_R	-0.658093	-1.434433	2.633297	-1.324749	-0.885008	-0.798311	0.225499	1.150022	-0.752784	0.882871	-0.210877	-0.689786	-1.296508	-0.15717	-1.051533	2.307152	2.193893	-0.918342	-0.454853	-1.151069	-0.003172	-1.166393	-0.632959	2.644519	1.338934	-0.113482	-0.193218	0.898859	-1.144606	-0.954966	-1.574138	-1.23097	1.379442	-0.461924	-0.171465	-0.921751	-1.181191	-1.001991	0.437495	-0.547852	-1.028698	-0.15702	-1.031089	1.44645	-0.876227	-0.61156	1.008346	2.01389	-0.902633	-0.990133	-1.011802	-1.177605	-1.577799	-0.87381	-0.942226	-1.116581	-0.298308	-0.231268	-0.566942	-0.626087	-0.792327	-0.237809	-0.710927	-0.809665	-1.14172	0.277136	-0.060555	-0.876675	-0.669363	-1.000899	-0.841353	-0.890505	0.201165	-0.992019	0.768839	-1.131008	-0.918924	-0.785265	-1.544735	0.473906	0.205489	-0.934498	-0.932926	-0.406006	1.717553	-1.132494	-0.584598	0.727448	-1.261988	0.92381	1.588455	-1.60632	-0.608013	-0.842548	-0.895562	-0.318679	-0.995492	1.211181	-0.158118	-0.367799
DorsAttnB_IPL_1_R	-0.839006	0.072396	-1.059949	-1.324749	0.552787	-1.139372	-0.457221	-1.319419	-0.696106	0.557105	-0.43739	-0.993352	-0.190915	-1.115261	0.120037	0.262201	-0.669642	-0.764193	-0.787842	-1.123388	-1.665037	-0.340426	-0.656591	-0.546603	-1.002105	-1.06663	0.084549	0.291961	-0.389803	-0.220512	2.109282	-1.000872	0.000707	-1.146728	-0.863325	1.098067	-0.99598	-1.034477	-1.10813	0.036259	-0.589208	-0.384487	-1.209064	-0.322435	-0.876227	-0.529259	-0.54821	-0.706121	1.311717	-0.826722	-0.024772	-1.029431	-1.297221	1.791565	-0.884079	-0.447709	-0.298308	-0.337692	-0.537645	-0.60689	-0.945942	1.020211	-1.128436	-0.159625	-1.14172	0.135957	-1.673618	0.467906	0.458917	-0.949552	0.596634	2.327749	-1.159397	-0.276196	-0.435026	1.596022	-0.71032	-0.785265	-0.147829	-1.44477	-0.253619	-0.197096	-0.191775	-0.49143	-1.03732	-1.132494	-0.52319	-1.034724	0.13794	-0.739551	-0.964407	-1.60632	-0.608013	-0.436941	-0.816627	-0.151826	-0.995492	-0.654784	-0.494292	-1.14253
DorsAttnB_IPL_2_R	-0.839006	-0.415173	-1.059949	0.156735	0.552787	-1.139372	-0.645786	1.150022	0.389173	0.557105	1.832188	-0.749658	-0.190915	-0.331572	0.120037	-0.429946	0.095887	-0.764193	-0.787842	-0.473311	-0.003172	0.06139	-0.177673	-0.546603	-1.002105	-1.06663	1.842112	0.291961	0.084319	-0.575471	-1.574138	-1.23097	0.000707	-1.146728	-0.418167	1.098067	0.206523	-1.034477	-1.10813	0.036259	-0.589208	-0.175776	-1.070484	-0.322435	-0.876227	-0.529259	-0.54821	1.04805	1.311717	-0.826722	-0.651646	-1.029431	-0.080025	1.791565	-0.633534	-0.757782	-0.835697	-0.520854	-0.537645	-0.626087	-0.945942	0.764971	-1.128436	-0.159625	-1.14172	0.135957	0.011877	0.467906	0.458917	-0.136495	0.596634	0.069955	-1.159397	-0.276196	-0.793598	1.596022	-0.918924	-0.785265	1.684038	-1.44477	-0.253619	-0.910612	-0.695422	-0.49143	-0.625682	-0.725595	-0.52319	0.3446	0.13794	-0.739551	-0.964407	-1.60632	0.017408	-0.679349	-0.816627	-0.151826	0.255353	-0.654784	-0.494292	-1.14253
DorsAttnB_PostC_1_R	-0.839006	-0.942174	-1.059949	-0.834541	0.552787	-1.139372	-0.645786	-1.319419	-0.696106	0.557105	-0.43739	-0.749658	2.236924	-1.115261	0.120037	-1.162996	0.095887	-0.764193	-0.787842	-0.507021	-1.665037	-0.340426	0.055657	-0.546603	-1.002105	-0.967967	1.953403	0.291961	-0.8775	-0.954966	-0.429093	-1.23097	0.532055	-1.146728	-0.863325	1.098067	-1.19973	-0.831417	-1.10813	0.036259	-0.599491	-0.964585	-1.063742	0.700763	-0.876227	-0.529259	-0.54821	-0.438352	0.382824	-0.826722	-0.024772	-1.029431	-0.428328	1.791565	-0.236084	-1.116581	-0.835697	-0.520854	-0.537645	-0.60689	-0.945942	1.020211	-0.909531	-0.659757	-1.14172	0.135957	-1.00544	0.467906	-0.669363	-1.000899	0.596634	-0.114563	-1.159397	2.132123	-0.793598	-0.412139	-0.918924	-0.785265	-0.147829	-1.44477	-0.197956	-0.197096	-0.932926	-0.49143	-0.264117	-0.725595	-0.52319	-1.034724	-0.582955	-0.739551	-0.964407	-1.60632	-0.622095	-0.735383	-0.816627	-0.151826	-0.995492	0.250215	-0.494292	-1.14253
DorsAttnB_PostC_2_R	-0.839006	0.072396	-1.059949	0.156735	0.552787	-1.139372	-0.645786	1.150022	0.389173	0.557105	-0.43739	-0.749658	-0.190915	-0.331572	-0.602117	-0.429946	-0.669642	-0.764193	-0.787842	-0.473311	-0.003172	-0.340426	-0.177673	-0.546603	-1.002105	-1.06663	1.842112	0.291961	0.084319	-0.909469	-0.757214	-1.23097	0.532055	-1.146728	-0.418167	0.166935	-0.99598	-1.034477	-1.10813	0.036259	-0.589208	-0.192894	-1.063742	-0.322435	-0.876227	-0.529259	-0.385439	-0.438352	1.311717	-0.826722	-0.024772	-1.029431	-0.080025	1.928337	-0.633534	-0.757782	-0.835697	-0.520854	0.379392	1.109322	0.321308	0.309126	-1.128436	-0.159625	1.966883	0.135957	-1.673618	1.563011	0.458917	-0.243292	0.596634	0.069955	-1.094387	-0.276196	-0.793598	1.596022	-0.918924	-0.785265	-0.147829	-1.44477	-0.253619	-0.910612	-0.695422	-0.49143	-0.625682	-0.725595	-0.52319	0.3446	1.524682	-0.739551	-0.964407	-0.544633	0.017408	1.881985	-0.816627	-0.151826	0.255353	-0.06265	-0.174513	-1.14253
DorsAttnB_PostC_3_R	-0.839006	-0.942174	0.7323	0.156735	0.552787	0.112613	-0.645786	0.524289	0.389173	0.412728	1.832188	-0.484298	-1.055332	-0.992466	-0.602117	-0.429946	0.22002	-0.764193	-0.787842	-0.354142	-0.991785	-0.340426	-0.656591	-0.546603	-1.002105	-1.06663	1.842112	0.291961	-1.233011	-0.909469	-0.429093	-1.23097	0.000707	-1.146728	-0.418167	1.098067	-0.581803	-1.034477	-1.10813	-0.706724	-0.289828	-0.362557	-1.063742	0.700763	-0.853729	-0.851618	0.225403	1.04805	1.311717	-0.120834	0.529855	-1.029431	-0.428328	-0.87381	-1.037181	-0.757782	-0.298308	-0.520854	-0.537645	-0.626087	-0.945942	2.457127	0.190695	-0.659757	-1.14172	2.591513	-0.21199	0.865928	0.458917	-0.243292	-0.841353	0.069955	-0.893567	-0.417011	-0.793598	-0.98036	-0.918924	-0.785265	0.385509	-1.44477	2.319747	-0.197096	-0.695422	-0.49143	-0.625682	-1.132494	-0.52319	-0.437311	-0.066072	-0.027462	-0.307389	-0.544633	0.017408	-0.436941	-0.816627	-1.120246	-0.995492	0.367944	-0.494292	-1.052553
DorsAttnB_PrCd_1_R	-0.839006	0.072396	0.779345	0.156735	1.580368	1.484579	-0.645786	1.241178	1.588841	-0.133532	1.745855	2.21315	0.152441	-0.331572	-0.198287	-0.429946	2.193893	-0.764193	-0.787842	-0.354142	-0.003172	1.73834	0.716964	0.765031	-1.002105	-1.06663	0.084549	-0.235976	0.084319	-0.909469	0.139096	-0.335944	-0.519629	-0.835336	-0.418167	0.620557	-0.186538	0.630364	-0.107474	2.319854	0.999623	-0.362557	-0.434034	-0.911125	-0.465853	-0.851618	1.008346	1.04805	1.311717	1.123488	0.529855	-0.067497	1.584147	1.928337	-0.633534	-0.239971	-0.782549	0.496951	2.193906	0.509972	0.321308	2.457127	-0.754416	1.578012	1.966883	0.259059	-0.060555	0.865928	2.946561	1.23172	1.524493	1.926416	-0.441164	-0.417011	-0.149259	-0.610889	-0.918924	-0.132149	1.741537	-1.174838	0.694363	1.97411	-0.695422	-0.520383	-0.630008	-0.725595	-0.52319	-0.437311	1.524682	-0.897268	-0.139798	1.599794	0.805789	-1.002594	-0.164988	0.475039	0.255353	-0.083725	-0.174513	1.702577
DorsAttnB_PrCd_2_R	-0.839006	0.603984	0.779345	0.156735	1.580368	0.70964	-0.645786	1.241178	1.588841	-0.133532	1.745855	2.21315	0.152441	-0.331572	-0.198287	-0.429946	2.193893	-0.764193	0.302861	-0.354142	-0.003172	1.73834	1.105775	0.765031	-1.002105	-0.583808	0.084549	-0.235976	0.084319	-0.909469	1.437742	-0.335944	-0.519629	-0.835336	-0.418167	0.620557	-0.186538	0.630364	-0.107474	2.319854	0.999623	-0.362557	-0.434034	-0.911125	-0.465853	-0.851618	1.008346	0.894316	1.311717	1.123488	0.529855	-0.067497	1.584147	1.928337	-0.633534	-0.239971	-0.36763	0.496951	2.193906	0.509972	0.321308	2.457127	-1.128436	1.578012	1.966883	-0.475246	-0.060555	0.865928	2.946561	1.23172	1.524493	1.926416	-0.441164	-0.417011	-0.149259	0.991657	-0.918924	-0.785265	1.741537	-1.174838	2.319747	1.97411	-0.695422	-0.520383	0.345086	-0.725595	-0.52319	0.3446	1.524682	-0.897268	-0.307389	1.599794	0.805789	2.444839	-0.164988	0.475039	0.255353	-0.654784	-0.174513	1.702577
DorsAttnB_PrCd_3_R	0.821711	0.603984	0.779345	0.156735	1.580368	0.70964	-0.645786	1.241178	0.701087	-0.715487	1.745855	2.21315	0.152441	-0.331572	-0.198287	-0.464455	2.193893	-0.001055	-0.787842	-0.354142	-0.75659	1.73834	1.105775	0.765031	-1.002105	-0.583808	0.084549	-0.235976	0.084319	0.002573	1.437742	-0.335944	-0.519629	-0.835336	-0.410217	0.620557	-0.186538	0.630364	-0.107474	2.319854	0.999623	-0.362557	0.065805	-0.911125	-0.465853	-0.851618	1.008346	-0.438352	1.311717	2.002027	0.529855	-0.067497	1.584147	1.928337	-0.633534	-0.239971	-0.36763	0.496951	2.193906	0.509972	0.321308	2.457127	-0.754416	1.578012	1.966883	-0.475246	-0.060555	0.865928	2.946561	1.23172	0.165619	1.926416	-0.441164	-0.417011	-0.149259	-0.610889	-0.918924	-0.785265	1.741537	-1.174838	0.694363	1.97411	0.617252	-0.520383	0.345086	-0.725595	-0.313005	0.3446	1.524682	-0.897268	-0.307389	1.599794	0.805789	2.444839	-0.164988	0.475039	0.255353	-0.06265	-0.174513	1.702577
DorsAttnB_PrCv_1_R	-0.839006	2.639	0.555858	0.156735	2.071951	0.70964	-0.932211	0.524289	1.588841	-0.133532	0.645286	2.21315	0.46224	-0.331572	0.91678	-1.041415	2.193893	-0.775549	0.302861	1.06729	-0.003172	2.082362	1.105775	0.329907	-0.750017	-0.583808	1.953403	0.630699	0.084319	-0.575471	1.555781	-1.000872	0.192212	-0.933477	1.265879	1.901942	-0.186538	-0.458749	-0.706308	0.036259	-0.599491	0.232959	-1.031089	-0.486132	-0.539904	0.13347	1.008346	1.457864	1.214767	-0.826722	2.243278	-0.846164	2.246959	1.791565	-0.633534	-0.757782	-0.782549	1.307372	1.524257	1.109322	0.264914	1.020211	-0.218981	-0.159625	1.353056	0.135957	-0.060555	1.678064	1.56795	-0.243292	1.54547	2.327749	0.297241	2.132123	0.343725	0.991657	-0.918924	-0.7121	1.92371	-0.714039	1.846102	1.97411	-0.695422	0.113424	-0.630008	-0.208867	-0.52319	0.3446	0.462185	-0.544721	-0.139798	1.599794	0.805789	1.881985	-0.724974	-0.556491	1.145217	1.120324	-0.838284	-1.052553
DorsAttnB_SPL_1_R	-0.425002	-0.942174	0.7323	0.156735	-0.98254	-1.139372	-0.645786	0.524289	0.389173	0.412728	1.832188	-0.484298	-1.055332	-0.387083	0.102322	-1.162996	0.22002	-0.891269	-0.787842	-0.354142	-0.991785	-0.340426	-0.656591	-0.546603	-1.002105	-1.06663	-0.193218	1.004767	-1.233011	-0.909469	-1.282276	-0.335944	-0.787774	-1.146728	-0.888903	1.098067	-0.581803	-0.395981	-0.012997	-0.750524	-0.599491	-0.362557	-1.024223	0.700763	-0.853729	-0.851618	0.225403	-1.263958	1.214767	-0.69569	0.529855	-1.029431	-0.428328	-0.87381	-0.82963	-1.116581	-0.298308	1.045648	-0.537645	-0.626087	-0.945942	-0.755448	0.190695	-0.659757	-0.120526	2.591513	-0.21199	0.865928	0.458917	-0.949552	-0.841353	-0.274694	-0.893567	0.884147	-0.672793	-0.412139	-0.918924	-0.785265	0.385509	-0.85242	-0.619959	-0.197096	-0.191775	-0.406006	-0.625682	-0.725595	-0.973136	-0.437311	-0.066072	-0.027462	-0.773536	-1.60632	-0.608013	-0.679349	-0.816627	-1.120246	-0.995492	0.367944	0.479846	-1.052553
DorsAttnB_SPL_2_R	-0.851629	-0.942174	0.7323	0.156735	-0.98254	-1.139372	-0.645786	0.861149	0.389173	0.412728	1.832188	-0.484298	-1.055332	-0.387083	0.102322	-1.162996	0.095887	-0.891269	-0.787842	-0.354142	-0.991785	-0.340426	-0.632959	-0.546603	-1.002105	-1.06663	-0.193218	1.004767	0.45674	-0.909469	-0.429093	-0.608506	-0.787774	-1.146728	-0.410217	1.098067	-0.581803	-0.395981	-0.012997	-0.750524	-0.599491	-0.947423	-1.024223	0.700763	-0.853729	-0.109114	0.225403	1.04805	1.214767	-0.69569	0.001568	-1.029431	-0.526039	-0.87381	-0.82963	-1.116581	-0.298308	1.045648	-0.537645	-0.626087	0.321308	-0.755448	0.190695	-0.659757	-1.14172	2.591513	-0.21199	0.865928	-0.669363	-0.243292	-0.841353	-0.274694	-0.893567	0.884147	-0.672793	-0.412139	-0.918924	-0.785265	-0.147829	-0.85242	-0.264112	-0.197096	-0.932926	-0.406006	-0.625682	-1.132494	-0.973136	-1.034724	-0.066072	0.92381	-0.34246	-1.60632	-0.622095	-1.097715	-0.497531	-1.120246	0.255353	0.367944	-0.303421	-1.052553
DorsAttnB_SPL_3_R	-0.425002	0.603984	0.7323	0.156735	0.138167	-0.157375	-0.645786	0.524289	0.701087	0.412728	1.745855	-0.484298	-1.055332	-0.387083	-0.932819	-1.162996	0.564009	-0.891269	-0.787842	-0.354142	-0.003172	0.06139	-0.648616	-0.546603	-1.002105	-1.06663	-0.193218	-0.87197	-1.233011	-0.909469	-0.12904	-0.335944	-0.787774	-0.920218	-0.410217	-0.139803	-0.581803	-0.831417	-0.012997	-0.750524	-0.599491	-0.362557	-1.024223	-0.911125	-0.853729	-0.851618	0.225403	-0.386365	1.214767	-0.69569	0.529855	-0.021069	0.088367	-0.87381	-0.82963	-0.207704	-0.298308	0.496951	-0.537645	1.205542	-0.945942	-0.755448	0.190695	-0.659757	-0.120526	0.741614	-0.21199	0.865928	0.050766	-0.949552	-0.766308	-0.274694	-0.893567	-0.417011	-0.672793	-0.412139	-0.918924	-0.785265	-1.031369	-0.85242	-0.619959	1.615462	-0.191775	0.113424	-0.625682	-0.725595	-0.973136	-0.437311	1.499722	-0.027462	-0.34246	-0.969884	-0.622095	-0.679349	-0.816627	-1.120246	0.255353	-0.764502	0.479846	-1.052553
Aud_Ins_1_R	-0.851629	-0.399084	0.555858	0.622129	1.181417	-0.957378	-0.932211	0.861149	-0.696106	-0.155011	0.645286	1.150091	0.46224	-0.595969	0.91678	-1.162996	-0.669642	-0.757789	0.38283	-1.123388	1.368747	-0.340426	-0.632959	0.329907	0.563728	-0.724726	-0.408447	1.004767	0.45674	-0.954966	-1.240794	-0.608506	0.306271	-0.461924	-0.863325	1.901942	-0.196418	-1.001991	-1.148828	-0.492835	-0.402194	-0.947423	-1.031089	0.700763	0.675574	1.029657	1.008346	-0.706121	1.214767	-0.826722	0.001568	-0.021069	-0.526039	0.532697	-0.884079	-1.116581	-0.298308	1.307372	-0.566942	-0.60689	0.264914	-0.237809	0.190695	-0.159625	1.353056	0.135957	0.011877	1.678064	1.000885	-0.243292	-0.841353	-0.38412	-0.102685	2.132123	0.768839	0.373112	-0.918924	-0.485749	-0.147829	-0.665264	0.142409	-1.125186	-0.932926	0.113424	0.358125	-0.208867	-0.52319	-1.034724	-0.066072	0.92381	1.588455	-0.969884	-0.486996	-0.735383	-0.497531	-0.556491	0.736974	2.354629	-0.303421	0.936945
Aud_ParOcc_1_R	-0.921287	-0.386982	0.239984	-0.834541	0.552787	0.010534	-1.183474	1.150022	-0.782979	0.557105	-0.210877	0.90376	-0.367884	0.372705	0.120037	-1.501906	-0.022898	-0.918342	1.366428	-0.507021	0.355401	0.563169	-0.389709	0.097028	1.338934	-0.80582	1.478509	2.068061	-0.02659	-1.004602	-0.493402	-1.219199	1.379442	-0.492513	-0.226452	0.574681	-0.99598	-0.648929	-1.449627	-0.084025	-0.589208	-0.45569	-1.012782	2.092888	-0.876227	-0.109114	-0.54821	0.199819	0.382824	-0.120834	1.521148	-1.072106	-0.080025	-0.422066	-1.037181	-0.741545	-0.543695	0.536953	0.379392	-1.01975	-0.625402	0.309126	-0.322305	-0.41698	-0.096146	0.822441	-0.125159	0.467906	-0.269422	-0.136495	0.218549	0.069955	-0.042664	0.808019	-0.727143	1.596022	-1.765116	-0.935705	0.376325	-1.116929	0.51059	-0.934498	-0.937952	0.726195	-0.264117	-0.697671	2.098037	0.186467	-0.511363	-0.85882	1.279638	-0.544633	0.834909	-0.146874	-0.704599	-0.318679	2.070396	1.211181	-1.049259	-0.471132
Aud_ParOper_1_R	-0.921287	-0.942174	-1.059949	-1.324749	0.552787	0.010534	-1.183474	0.834731	0.389173	2.039818	-0.43739	1.150091	0.152441	-0.992466	-0.6576	-1.162996	0.22002	-0.918342	1.366428	-0.473311	-0.338637	0.563169	-0.31003	-0.499692	1.338934	-0.80582	0.396067	0.291961	-0.389803	-1.004602	-0.115009	-0.608506	0.532055	-0.492513	-0.226452	-0.921751	-0.851127	-1.001991	-1.449627	-0.420701	-0.079395	-0.362557	-1.234347	-0.322435	-0.853729	0.679166	-0.385439	0.894316	1.311717	-0.120834	-0.024772	-0.021069	-0.077447	0.532697	-0.82963	-1.116581	-0.835697	-0.520854	0.379392	-1.01975	-0.625402	0.309126	-1.041614	-0.526517	-0.687993	0.277136	-0.125159	0.467906	-0.669363	-0.136495	0.596634	-0.114563	0.334805	-0.992019	-0.793598	1.596022	-1.765116	-0.935705	0.376325	-1.116929	-0.197956	-0.934498	-0.937952	0.726195	-1.03732	-1.132494	2.098037	0.186467	-0.432535	-0.85882	-0.773536	-0.544633	1.347802	-0.436941	-0.704599	-0.318679	-0.434157	1.211181	-0.792011	-0.471132
Aud_ST_1_R	-0.921287	-0.386982	-0.809529	-1.324749	0.552787	-0.957378	-1.183474	-1.322163	-0.696106	0.176578	-0.43739	1.150091	-1.006531	-0.922441	-0.876598	-1.501906	-0.117506	-0.757789	0.38283	-0.507021	0.541121	-0.340426	-0.632959	0.097028	0.563728	-0.724726	-0.408447	0.820749	0.45674	-1.004602	-0.429093	-1.219199	0.306271	-0.461924	-0.418167	0.574681	-0.851127	-1.001991	-1.148828	-0.084025	-0.599491	-0.362557	-1.234347	0.700763	-0.876227	0.679166	-0.385439	-0.706121	1.214767	-0.120834	-1.011802	-0.021069	-0.077447	0.532697	-0.884079	-1.116581	-0.848373	1.307372	-0.566942	-1.01975	-0.625402	-0.237809	-0.710927	-0.41698	-0.687993	0.277136	-1.673618	-0.876675	-0.669363	-0.243292	0.596634	-0.799004	-0.893567	0.884147	0.768839	1.596022	-1.765116	-0.485749	0.376325	-1.116929	-0.258728	-1.125186	-0.932926	0.42826	0.358125	-1.132494	-0.584598	-0.437311	-0.432535	-0.557256	1.588455	-0.544633	-0.260701	-1.002594	-0.704599	0.475039	2.070396	2.354629	-0.792011	-1.14253
Aud_ST_2_R	-0.851629	-0.942174	1.240481	0.622129	-0.98254	-0.957378	-0.457221	0.215061	-0.696106	-0.155011	-0.538154	1.150091	-1.006531	-0.595969	-0.876598	-1.162996	-0.669642	-0.757789	0.38283	-1.151069	0.541121	-0.340426	0.055657	0.149339	0.563728	-0.724726	-0.408447	1.004767	0.45674	-0.954966	-1.008354	-1.031971	0.306271	-0.461924	-0.863325	-0.921751	-0.196418	-1.001991	-1.148828	-0.693647	-0.681268	-0.947423	-1.070484	0.700763	0.675574	-0.61156	-0.686757	-0.706121	-0.568913	-0.826722	-1.371799	-1.177605	-1.201596	0.532697	-0.884079	-1.116581	-0.848373	-0.477918	-0.566942	-0.60689	0.125526	-0.237809	-0.710927	-0.159625	-1.14172	0.135957	1.004804	-0.876675	-0.669363	-0.949552	-0.841353	-0.799004	-0.176415	0.884147	0.768839	0.426678	0.599437	-0.485749	-1.08436	-0.665264	-0.471545	-1.125186	-0.932926	0.42826	0.358125	-1.132494	-0.584598	-1.034724	-0.066072	-0.557256	-0.139798	-1.60632	-0.260701	-0.720371	-0.497531	-0.556491	2.070396	2.354629	-0.7923	-0.313007
Aud_ST_3_R	-0.851629	-0.942174	0.02352	0.622129	-0.98254	-0.957378	-0.457221	0.215061	-0.696106	-0.155011	-0.538154	1.150091	0.46224	-0.595969	-0.876598	-1.162996	-0.669642	-0.757789	0.38283	-1.151069	-0.308665	-0.340426	0.055657	0.149339	0.563728	-0.724726	-0.408447	1.004767	0.45674	-0.954966	0.076028	-1.031971	0.306271	-0.461924	-0.863325	-0.921751	-1.181191	-1.001991	-1.148828	-0.492835	-0.681268	-0.858611	-1.024223	0.700763	0.675574	-0.61156	-0.686757	-0.706121	-0.498287	-0.826722	-1.371799	-1.177605	-1.297221	-0.823445	-0.884079	-1.116581	-0.848373	-0.477918	-0.566942	-0.60689	0.125526	-0.237809	-0.710927	-0.159625	-1.14172	0.135957	1.004804	-0.876675	-0.669363	-0.949552	-0.841353	-0.908193	-0.176415	0.884147	0.768839	0.426678	0.599437	-0.485749	-0.507534	-0.665264	-0.471545	-1.125186	-0.932926	0.42826	0.358125	-1.132494	-0.584598	-0.455831	-0.066072	0.92381	1.588455	-0.544633	-0.260701	-0.436941	-0.895562	-0.556491	0.736974	2.354629	-0.7923	-0.313007
Aud_ST_4_R	-0.921287	-0.386982	0.239984	-1.324749	0.552787	-0.167094	-1.183474	-1.322163	0.389173	2.039818	-0.43739	1.150091	-1.006531	0.372705	-0.602117	-1.501906	-0.022898	-0.918342	1.366428	-0.473311	-0.338637	0.563169	-0.198745	-0.499692	1.338934	-0.80582	0.396067	0.898859	-0.389803	-1.004602	0.076028	-1.219199	0.532055	-0.492513	-0.226452	0.166935	-0.99598	-1.001991	-1.449627	-0.420701	-0.289828	-0.964585	-1.012782	-0.322435	-0.876227	0.679166	-0.54821	2.01389	0.382824	-0.120834	-0.024772	-1.072106	-0.077447	0.191844	-1.037181	-1.080903	-0.848373	0.536953	0.379392	-1.01975	-0.625402	0.309126	-0.322305	-0.41698	-0.687993	0.822441	-1.673618	0.467906	-0.669363	-0.136495	0.218549	0.069955	-1.159397	0.808019	-0.793598	1.596022	-1.765116	-0.935705	0.340193	-1.116929	-0.258728	-0.934498	-0.937952	0.726195	-1.03732	-1.132494	2.098037	0.186467	-0.432535	-0.85882	1.116636	-0.544633	1.347802	-1.127269	-0.704599	-0.151826	2.070396	1.211181	-1.049259	-0.471132
Aud_ST_5_R	-0.851629	-0.942174	-0.809529	0.622129	-0.98254	-0.957378	-0.457221	0.215061	-0.696106	0.176578	-0.538154	1.150091	-1.006531	-0.595969	-0.876598	-1.162996	-0.669642	-0.757789	0.38283	-1.151069	-0.308665	-0.340426	0.055657	0.097028	0.563728	-0.724726	-0.408447	1.004767	0.45674	-0.954966	-1.095836	-1.031971	0.306271	-0.461924	-0.863325	-0.921751	-1.181191	-1.001991	-1.148828	-0.084025	-0.681268	-0.947423	-1.070484	0.700763	0.675574	-0.61156	-0.686757	-0.706121	-0.568913	-0.826722	-1.371799	-1.177605	-1.297221	-0.823445	-0.884079	-1.116581	-0.848373	-0.477918	-0.566942	-0.626087	0.125526	-0.237809	-0.710927	-0.159625	-1.14172	0.277136	1.004804	-0.876675	-0.669363	-0.949552	0.596634	-0.38412	1.449116	0.884147	0.768839	0.426678	0.599437	-0.485749	-0.507534	-0.665264	-0.471545	-1.125186	-0.932926	0.42826	0.358125	-1.132494	-0.584598	-0.455831	-0.066072	-0.557256	-0.139798	-1.60632	-0.260701	-0.436941	-0.895562	-0.556491	2.070396	2.354629	-0.7923	-0.313007
Aud_Temp_1_R	-0.921287	-0.386982	-1.059949	-1.324749	0.552787	0.010534	-1.183474	0.834731	0.389173	0.557105	-0.43739	0.90376	0.152441	-1.086562	-0.602117	-1.501906	-0.022898	-0.764193	1.366428	-0.473311	-0.338637	0.563169	0.716964	-0.499692	-1.002105	-0.80582	1.478509	1.03115	-0.389803	-1.004602	-1.095836	-1.23097	0.532055	-0.835336	-0.226452	0.166935	-0.99598	-1.034477	-1.449627	-0.420701	-0.289828	-0.964585	-1.063742	-0.322435	-0.876227	-0.529259	-0.54821	0.199819	0.382824	-0.120834	-0.024772	-1.072106	-0.077447	0.191844	-1.037181	-1.080903	-0.543695	0.518867	0.379392	-1.01975	-0.625402	0.309126	-1.041614	-0.526517	-0.687993	0.822441	-1.673618	0.467906	-0.103015	-0.136495	0.218549	0.136362	-1.159397	-0.276196	-0.727143	1.596022	-1.765116	-0.935705	0.340193	-1.44477	-0.253619	-0.934498	-0.948114	-0.406006	-1.03732	-1.132494	2.098037	0.186467	-0.582955	-0.85882	1.116636	-0.544633	1.347802	-0.146874	-0.704599	-0.151826	2.070396	1.211181	-1.049259	-0.471132
SomMotA_ParOper_1_R	-0.839006	-0.942174	-1.059949	0.156735	0.552787	-0.157375	-0.645786	1.150022	-0.782979	0.557105	-0.43739	-0.484298	2.236924	-1.086562	-0.602117	-0.429946	0.22002	-0.764193	-0.787842	-0.473311	-0.338637	0.563169	-0.31003	-0.499692	-1.002105	-1.06663	0.084549	0.291961	-0.389803	-1.004602	-1.574138	-1.23097	0.000707	-0.835336	-0.418167	0.620557	-0.99598	-1.034477	-1.10813	-0.420701	-0.589208	-0.964585	-1.063742	-0.322435	-0.876227	-0.529259	-0.54821	-0.438352	0.382824	-0.826722	-0.024772	-1.029431	-0.077447	0.658799	-1.037181	-1.080903	-0.835697	-0.337692	-0.537645	-0.60689	-0.625402	0.309126	-1.041614	-0.159625	1.966883	0.822441	-1.673618	0.467906	-0.669363	-0.243292	0.596634	0.069955	-1.159397	-0.417011	-0.793598	1.596022	-0.918924	-0.785265	-0.147829	-1.44477	-0.533235	-0.910612	-0.695422	-0.49143	-1.03732	-0.725595	-0.52319	0.3446	1.524682	-0.739551	0.632257	-0.544633	-0.622095	-1.002594	-0.816627	-1.120246	2.070396	-0.654784	-0.494292	-1.14253
SomMotA_1_R	-0.425002	0.072396	0.779345	0.156735	1.580368	-0.157375	-0.645786	1.241178	0.701087	-0.715487	1.745855	2.21315	0.152441	-0.331572	-0.198287	-0.429946	2.193893	-0.764193	0.302861	-0.354142	-0.003172	1.73834	-0.656591	0.765031	-1.002105	-1.06663	0.084549	-0.235976	0.084319	-0.909469	0.605635	-0.335944	-0.852347	-0.835336	-0.410217	0.620557	-0.186538	0.630364	-0.107474	-0.750524	0.999623	-0.362557	0.065805	-0.911125	-0.465853	-0.851618	0.225403	-0.438352	1.311717	1.123488	0.529855	-0.067497	1.584147	1.928337	-0.633534	-0.239971	-0.36763	0.496951	2.193906	0.509972	0.321308	2.457127	-0.07946	-0.59876	1.966883	-0.475246	-0.21199	0.865928	1.058958	1.23172	1.524493	-0.558459	-0.441164	-0.417011	-0.149259	-0.610889	-0.918924	-0.785265	0.385509	-1.174838	2.319747	1.97411	-0.695422	-0.520383	0.345086	-0.725595	-0.313005	-0.437311	1.499722	-0.027462	-0.307389	1.599794	0.805789	-1.002594	-0.816627	0.475039	0.255353	-0.06265	-0.174513	-1.052553
SomMotA_2_R	-0.839006	0.072396	0.779345	0.156735	1.580368	1.716024	-0.645786	1.241178	1.588841	-0.133532	1.745855	2.21315	0.152441	-0.331572	0.91678	-0.429946	2.193893	-0.764193	-0.787842	-0.354142	-0.003172	1.73834	-0.656591	0.765031	-1.002105	-1.06663	0.084549	-0.235976	0.084319	-0.909469	0.605635	-0.335944	-0.519629	-0.835336	-0.418167	0.620557	-0.186538	0.630364	-0.107474	-0.750524	0.999623	-0.362557	-0.434034	-0.911125	-0.465853	0.13347	1.008346	-0.386365	1.311717	1.123488	0.529855	-0.067497	1.857636	1.928337	-0.633534	-0.757782	-0.782549	0.496951	2.193906	0.509972	0.321308	2.457127	-1.128436	-0.159625	1.966883	0.259059	-0.060555	0.865928	2.946561	1.23172	0.596634	-0.799004	-0.893567	-0.417011	-0.435026	1.617128	-0.918924	-0.785265	1.741537	-1.174838	2.319747	1.97411	-0.695422	1.150483	-0.625682	-0.725595	-0.52319	-0.437311	1.524682	-0.897268	-0.139798	1.599794	0.805789	-1.002594	-0.816627	0.475039	0.255353	-0.654784	-0.174513	-1.052553
SomMotA_3_R	-0.839006	0.072396	-1.059949	0.156735	0.552787	-0.157375	-0.645786	0.524289	0.389173	0.557105	1.832188	-0.484298	0.152441	-1.086562	-0.602117	-0.429946	0.22002	-0.764193	-0.787842	-0.354142	-0.338637	1.73834	0.716964	-0.546603	-1.002105	-1.06663	1.842112	1.03115	-1.233011	-0.909469	-1.574138	-1.23097	0.000707	-1.146728	-0.418167	0.166935	-0.99598	-1.034477	-1.10813	-0.750524	-0.589208	-0.770915	-0.434034	-0.322435	-0.876227	-0.851618	-0.54821	-0.706121	1.311717	-0.826722	0.529855	-1.029431	-0.077447	-0.87381	-1.037181	-1.080903	-0.835697	-0.520854	0.379392	-0.626087	0.321308	2.457127	-1.128436	-0.659757	-1.14172	2.591513	-1.673618	0.865928	0.458917	-0.243292	0.596634	0.069955	-1.094387	-0.417011	-0.149259	-0.98036	-1.765116	-0.785265	0.385509	-1.44477	0.694363	-0.197096	-0.695422	-0.520383	-1.03732	-0.725595	-0.52319	-0.437311	-0.066072	-0.027462	-0.34246	-0.544633	-0.608013	-0.436941	-0.816627	-0.151826	0.255353	-0.654784	-0.494292	-1.052553
SomMotA_4_R	-0.839006	-0.942174	-1.059949	0.156735	0.552787	-1.139372	-0.457221	-1.319419	0.389173	0.557105	-0.210877	-0.749658	-1.055332	-0.863293	-0.198287	-1.501906	0.095887	-0.764193	-0.464165	-0.354142	-0.338637	1.73834	-0.177673	0.765031	-1.002105	-0.80582	1.842112	0.810116	-1.233011	-0.909469	-1.282276	-1.000872	0.000707	-1.146728	-0.888903	0.166935	0.206523	-0.395981	-0.107474	0.036259	-0.589208	-0.858611	-1.070484	-0.701138	-0.876227	1.029657	-0.54821	-0.706121	1.311717	-0.826722	-1.011802	-0.846164	-0.077447	-0.87381	-0.633534	-0.757782	-0.835697	-0.520854	-0.537645	-0.60689	-0.945942	2.457127	-1.128436	-0.659757	-1.14172	0.135957	-1.673618	0.865928	0.458917	-1.000899	0.596634	-0.114563	-1.159397	-0.276196	-0.793598	-0.412139	-1.765116	-0.785265	-0.147829	-1.44477	1.846102	-0.197096	-0.191775	-0.49143	-1.03732	-1.132494	-0.973136	0.3446	0.13794	-0.739551	-0.964407	1.599794	-0.608013	-0.735383	-0.816627	-1.120246	-0.995492	0.250215	-0.494292	-1.14253
SomMotA_5_R	-0.425002	0.603984	0.7323	0.156735	0.138167	-0.157375	-0.645786	0.524289	0.701087	0.412728	1.745855	-0.484298	-1.055332	-0.387083	-0.198287	-1.162996	0.564009	-0.891269	-0.787842	-0.354142	-0.003172	0.06139	-0.648616	-0.546603	-1.002105	-1.06663	-0.193218	-0.87197	-1.233011	-0.909469	-0.429093	-0.335944	-0.852347	-0.920218	-0.410217	-0.139803	-0.581803	-0.831417	-0.012997	-0.750524	0.999623	-0.362557	0.065805	-0.911125	-0.853729	-0.851618	0.225403	-0.386365	1.214767	-0.69569	0.529855	-0.067497	0.088367	-0.87381	-0.82963	-0.207704	-0.298308	0.496951	-0.537645	-0.60689	-0.945942	-0.755448	0.190695	-0.659757	-0.120526	0.741614	-0.21199	0.865928	0.050766	-0.755035	0.596634	-0.274694	-0.893567	-0.417011	-0.149259	-0.412139	-0.918924	-0.785265	0.385509	-0.85242	0.694363	1.615462	-0.191775	-0.520383	-0.625682	-0.725595	-0.973136	-0.437311	1.499722	-0.027462	-0.34246	1.599794	-0.622095	-0.679349	-0.816627	0.475039	-0.995492	-0.764502	0.479846	-1.052553
SomMotA_6_R	-0.425002	0.603984	0.7323	0.156735	0.138167	-1.139372	-0.645786	0.524289	0.389173	0.412728	1.745855	-0.484298	-1.055332	-0.387083	-0.198287	-1.162996	0.095887	-0.891269	0.302861	-0.354142	-0.003172	0.06139	-0.656591	-0.546603	-1.002105	-1.06663	-0.193218	-0.87197	-1.233011	-0.909469	-0.429093	-0.335944	-0.787774	-0.920218	-0.410217	1.098067	-0.581803	-0.395981	-0.012997	-0.750524	-0.599491	-0.362557	-1.024223	-0.911125	-0.853729	-0.851618	0.225403	-1.263958	1.214767	-0.69569	0.529855	-1.029431	0.088367	-0.87381	-0.82963	-1.116581	-0.298308	1.045648	-0.537645	-0.626087	0.321308	-0.755448	0.190695	-0.659757	-1.14172	0.741614	-0.21199	0.865928	0.458917	-0.243292	-0.841353	-0.274694	-0.893567	-0.417011	-0.672793	-0.412139	-0.918924	-0.785265	0.385509	-0.85242	-0.619959	-0.197096	-0.191775	-0.520383	-0.625682	-0.725595	-0.973136	-0.437311	-0.066072	-0.027462	-0.34246	-0.969884	-0.622095	-0.679349	-0.816627	-1.120246	-0.995492	-0.764502	0.479846	-1.052553
SomMotA_7_R	-0.839006	-0.942174	0.7323	0.156735	0.552787	0.112613	-0.645786	0.524289	0.389173	0.412728	1.832188	-0.484298	-1.006531	-0.387083	0.102322	-0.429946	0.22002	-0.891269	-0.787842	-0.354142	-0.003172	-0.340426	-0.656591	-0.546603	-1.002105	-1.06663	1.842112	1.004767	-1.233011	-0.909469	-0.429093	-0.335944	0.000707	-1.146728	-0.418167	1.098067	-0.581803	-0.395981	-1.10813	-0.750524	-0.079395	-0.362557	-1.024223	0.700763	-0.853729	0.13347	0.225403	-1.263958	1.214767	-0.69569	0.529855	-1.029431	0.088367	-0.87381	-0.82963	-1.116581	-0.298308	1.045648	-0.537645	-0.60689	-0.945942	2.457127	0.190695	-0.659757	-1.14172	2.591513	-0.21199	0.865928	0.458917	-0.243292	-0.841353	0.069955	-0.893567	-0.417011	-0.672793	-0.412139	-0.71032	-0.785265	0.385509	-0.85242	2.319747	-0.197096	-0.695422	-0.406006	-0.625682	-0.725595	-0.52319	-0.437311	-0.066072	-0.027462	-0.307389	-0.544633	-0.608013	-1.002594	-0.816627	-1.120246	0.255353	-0.06265	-0.303421	-1.052553
SomMotA_8_R	-0.839006	-0.942174	-1.059949	0.156735	0.552787	-1.139372	-0.645786	-1.319419	0.389173	0.557105	1.832188	-0.749658	0.841036	-1.086562	0.102322	-0.429946	0.22002	-0.764193	-0.787842	-0.354142	-0.003172	-0.340426	-0.177673	-0.499692	-0.750017	-1.06663	1.842112	0.291961	-0.389803	-0.909469	-1.282276	-1.23097	0.000707	-1.146728	-0.418167	0.620557	-0.99598	-1.034477	-1.10813	-0.420701	-0.589208	-0.964585	-1.063742	0.700763	-0.876227	-0.529259	-0.54821	-0.438352	1.214767	-0.826722	-0.651646	-1.029431	-0.428328	-0.87381	-1.037181	-1.080903	-0.835697	-0.520854	-0.537645	-0.60689	-0.945942	2.457127	-1.128436	-0.659757	-1.14172	0.135957	-1.673618	0.865928	0.458917	-0.243292	-0.841353	0.069955	-0.176415	-0.276196	-0.793598	-0.412139	-0.918924	-0.785265	0.385509	-1.44477	-0.197956	-0.197096	-0.695422	-0.49143	-1.03732	-0.725595	-0.52319	0.3446	1.524682	-0.739551	-0.307389	-1.60632	-0.608013	-0.735383	-0.816627	-1.120246	-0.995492	0.250215	-0.494292	-1.14253
SomMotA_9_R	-0.425002	0.603984	0.7323	0.156735	0.138167	-1.139372	-0.645786	0.524289	0.701087	0.412728	1.745855	-0.484298	-1.055332	-0.387083	-0.932819	-1.162996	0.564009	-0.891269	-0.787842	-0.354142	-0.003172	0.06139	-0.648616	-0.546603	-1.002105	-1.06663	-0.193218	-0.87197	-1.233011	-0.909469	-0.12904	-0.335944	-0.852347	-0.920218	-0.410217	-0.139803	-0.581803	-0.831417	-0.012997	-0.750524	0.999623	-0.362557	0.065805	-0.911125	-0.853729	-0.851618	0.225403	-0.386365	1.214767	-0.69569	0.529855	-0.021069	0.088367	-0.87381	-0.82963	-0.207704	-0.298308	0.496951	-0.537645	1.205542	-0.945942	-0.755448	0.190695	-0.659757	-0.120526	0.741614	-0.21199	0.865928	0.050766	-0.755035	-0.766308	-0.274694	-0.893567	-0.417011	-0.149259	-0.412139	-0.918924	-0.785265	-1.031369	-0.85242	0.694363	1.615462	-0.191775	0.113424	-0.625682	-0.725595	-0.973136	-0.437311	1.499722	-0.027462	-0.34246	-0.969884	-0.622095	-0.679349	-0.816627	0.475039	0.255353	-0.764502	0.479846	-1.052553
SomMotA_10_R	-0.425002	0.603984	0.779345	0.156735	1.580368	-0.157375	-0.645786	0.861149	0.701087	-0.715487	1.745855	2.21315	0.841036	-0.331572	-0.198287	-1.162996	0.564009	-0.764193	0.302861	-0.354142	-0.003172	1.73834	-0.648616	0.765031	-1.002105	-1.06663	0.084549	-0.235976	-1.233011	0.002573	0.139096	-0.335944	-0.852347	-0.920218	-0.410217	0.620557	-0.186538	0.630364	-0.107474	1.760961	0.999623	-0.362557	0.065805	-0.911125	-0.465853	-0.851618	0.225403	-0.438352	1.311717	1.123488	0.529855	-0.067497	1.584147	1.928337	-0.633534	-0.239971	-0.317342	0.496951	-0.330184	0.509972	0.321308	2.457127	-0.07946	-0.59876	-0.120526	-0.8815	-0.21199	0.865928	0.050766	1.23172	1.524493	-0.558459	-0.441164	-0.417011	-0.149259	-0.610889	-0.918924	-0.785265	1.741537	-1.174838	0.694363	1.615462	-0.191775	-0.520383	0.345086	-0.725595	-0.313005	-0.437311	1.499722	-0.027462	-0.307389	1.599794	0.805789	-1.002594	-0.816627	0.475039	0.255353	-0.06265	-0.174513	1.702577
SomMotA_11_R	-0.425002	0.072396	-0.839795	0.156735	1.580368	-0.157375	-0.645786	1.241178	0.701087	-0.715487	1.745855	2.21315	0.841036	-0.387083	-0.198287	-1.162996	0.564009	-0.764193	-0.787842	-0.354142	-0.003172	1.73834	-0.656591	0.765031	-1.002105	-1.06663	0.084549	-0.235976	-1.233011	-0.909469	0.605635	-0.335944	-0.852347	-0.920218	-0.410217	0.620557	-0.186538	0.630364	-0.107474	-0.750524	0.999623	-0.362557	0.065805	-0.911125	-0.853729	-0.851618	0.225403	-0.386365	1.311717	-0.69569	0.529855	-0.067497	-0.428328	-0.87381	-0.82963	-0.207704	-0.36763	0.496951	-0.330184	-0.626087	0.321308	0.764971	-0.07946	-0.659757	-0.120526	-0.8815	-0.21199	0.865928	0.050766	1.23172	1.524493	-0.558459	-0.441164	-0.417011	-0.149259	-0.610889	-0.918924	-0.785265	1.741537	-1.174838	0.694363	1.615462	-0.51396	-0.520383	-0.625682	-0.725595	-0.313005	-0.437311	1.499722	-0.027462	-0.307389	1.599794	-0.622095	-0.436941	-0.816627	0.475039	0.255353	-0.06265	-0.174513	-1.052553
SomMotA_12_R	-0.425002	0.603984	0.779345	-0.453143	1.580368	0.70964	-0.645786	1.241178	0.701087	-0.715487	1.745855	2.21315	0.841036	-0.331572	-0.198287	-0.464455	0.564009	-0.001055	-0.012117	-0.354142	-0.003172	1.73834	0.716964	0.765031	-1.002105	-0.583808	0.084549	-0.235976	0.084319	0.002573	1.437742	-0.335944	-0.519629	-0.920218	-0.410217	0.620557	-0.186538	0.630364	-0.107474	2.319854	0.999623	-0.362557	0.065805	-0.911125	-0.465853	-0.851618	2.845907	0.045323	0.7675	1.123488	0.529855	-0.067497	1.584147	1.928337	-0.633534	-0.239971	-0.36763	0.496951	2.193906	1.109322	0.321308	0.764971	-1.128436	1.578012	1.966883	0.259059	-0.060555	0.865928	1.058958	1.23172	0.165619	0.406032	-0.441164	-0.417011	-0.149259	0.991657	-0.918924	-0.132149	1.741537	-1.174838	2.319747	1.97411	0.617252	-0.520383	0.345086	-0.725595	-0.313005	0.508783	1.499722	-0.897268	-0.307389	1.599794	0.805789	2.444839	-0.164988	0.475039	0.255353	-0.083725	-0.174513	1.702577
SomMotB_Ins_1_R	-0.305266	2.639	0.555858	-0.733385	1.181417	0.010534	-0.932211	1.694415	1.588841	-0.133532	0.645286	2.21315	1.279709	-0.863293	-0.318849	-1.041415	2.193893	-0.775549	0.302861	1.06729	1.368747	2.082362	1.105775	0.329907	1.787661	-0.583808	1.953403	0.630699	0.084319	-0.575471	1.541821	-1.000872	0.192212	0.092208	1.265879	1.901942	0.001506	0.630364	-0.706308	0.036259	0.189684	0.232959	-1.031089	-0.486132	-0.539904	1.901101	1.008346	0.830289	0.7675	-0.120834	2.243278	-0.846164	0.50106	1.791565	-0.601307	-0.239971	-0.782549	-0.337692	1.524257	1.205542	0.264914	1.020211	-0.218981	1.763797	1.353056	0.135957	0.011877	1.678064	1.000885	2.294382	1.524493	2.327749	-0.089545	2.132123	0.343725	1.617128	-0.918924	-0.7121	0.340193	-0.714039	1.846102	1.97411	-0.460495	0.113424	-0.630008	-0.208867	1.614136	2.08148	1.814761	-0.544721	0.836857	1.599794	-0.486996	1.881985	-0.724974	1.713424	1.145217	1.120324	-0.838284	0.936945
SomMotB_Ins_2_R	-0.839006	-0.942174	0.555858	0.156735	-0.98254	-0.957378	-0.932211	0.524289	-0.696106	-0.155011	0.645286	1.150091	0.629091	-0.595969	-0.876598	-1.162996	-0.669642	-0.757789	0.38283	-1.123388	-0.003172	-0.340426	-0.632959	0.329907	0.563728	-0.724726	-0.408447	1.004767	0.45674	-0.954966	-1.240794	-0.608506	0.306271	-0.461924	-0.863325	-0.921751	-0.186538	-1.001991	-1.148828	-0.492835	-0.599491	-0.947423	-1.031089	0.700763	0.675574	1.901101	0.225403	-0.706121	1.214767	-0.826722	0.001568	-0.021069	-0.526039	0.532697	-0.884079	-1.116581	-0.298308	1.307372	-0.566942	-0.60689	0.264914	-0.237809	0.190695	-0.59876	1.353056	0.135957	0.011877	1.678064	1.000885	-0.243292	-0.841353	-0.38412	-0.102685	2.132123	0.768839	0.373112	-0.918924	-0.485749	-0.147829	-0.665264	0.142409	-1.125186	-0.932926	0.113424	0.358125	-0.208867	-0.52319	-1.034724	-0.066072	0.92381	-0.139798	-0.969884	-0.486996	-1.002594	-0.497531	-0.556491	0.736974	2.354629	-0.303421	-1.14253
SomMotB_ParOper_1_R	-0.839006	-0.942174	-1.059949	0.156735	0.552787	-1.139372	-0.645786	0.524289	0.389173	-0.133532	0.645286	1.150091	-0.190915	-0.331572	-0.602117	-0.429946	-0.669642	-0.001055	-0.787842	1.06729	-0.003172	-0.340426	-0.177673	-0.546603	-0.750017	-0.724726	1.953403	0.291961	0.084319	-0.575471	-1.282276	-0.335944	0.306271	-0.933477	-0.418167	1.901942	0.206523	-1.001991	-1.148828	0.036259	0.667937	-0.175776	-1.031089	0.700763	-0.876227	0.13347	-0.385439	-0.706121	0.7675	-0.120834	2.243278	-1.029431	0.061097	1.791565	-0.633534	-0.757782	-0.782549	-0.337692	-0.537645	1.109322	0.321308	-0.237809	-1.128436	-0.159625	-1.14172	0.135957	0.011877	1.678064	1.000885	-0.243292	0.596634	0.069955	1.449116	2.132123	-0.727143	0.373112	-0.918924	-0.785265	-0.147829	-0.665264	-0.197956	-0.910612	-0.695422	0.113424	-0.625682	-0.725595	-0.52319	-1.034724	1.524682	0.92381	0.843929	-1.60632	0.017408	-0.735383	-0.816627	-0.556491	1.145217	-0.654784	-0.494292	-1.14253
SomMotB_ParOper_2_R	-0.839006	-0.942174	0.239984	0.156735	0.552787	-1.139372	-0.645786	-0.915388	1.588841	0.557105	-0.43739	1.026169	-0.190915	-0.331572	-0.602117	-0.429946	2.193893	-0.764193	0.302861	-1.123388	-0.003172	-1.029153	-0.177673	-0.499692	-1.002105	-1.06663	0.084549	0.291961	-0.389803	-0.575471	-1.282276	-1.000872	0.000707	-0.835336	-0.418167	0.166935	0.206523	-1.034477	-1.10813	0.036259	-0.589208	-0.384487	-1.063742	-0.486132	-0.539904	1.029657	-0.54821	-0.438352	0.382824	-0.826722	-0.024772	-1.029431	-1.297221	0.658799	-0.633534	-0.757782	-0.835697	-0.337692	-0.537645	-0.60689	0.321308	-1.045208	-1.128436	-0.159625	1.966883	0.135957	-0.060555	0.467906	-0.669363	-0.949552	0.596634	0.069955	-1.159397	-0.417011	-0.793598	0.373112	-0.918924	-0.785265	-0.147829	-1.44477	-0.533235	-0.910612	-0.460495	-0.49143	-1.03732	-0.725595	-0.52319	0.3446	1.524682	-0.739551	1.478979	-0.555749	-0.622095	-0.735383	-0.816627	-0.151826	0.255353	-0.654784	-0.494292	-1.14253
SomMotB_1_R	-0.425002	0.072396	0.779345	0.156735	1.580368	-0.157375	-0.645786	1.241178	0.701087	-0.715487	1.745855	2.21315	0.152441	-0.387083	-0.198287	-0.429946	2.193893	-0.764193	-0.787842	-0.354142	-0.003172	1.73834	-0.656591	0.765031	-1.002105	-1.06663	0.084549	-0.87197	0.084319	-0.909469	0.605635	-0.335944	-0.852347	-0.835336	-0.410217	0.620557	-0.851127	0.630364	-0.107474	-0.750524	0.999623	-0.362557	0.065805	-0.911125	-0.853729	-0.851618	0.225403	-0.386365	1.311717	1.123488	0.529855	-0.067497	-0.428328	-0.87381	-0.82963	-0.757782	-0.36763	0.496951	-0.330184	-0.626087	0.321308	2.457127	-0.07946	-0.659757	1.966883	-0.8815	-0.21199	0.865928	1.058958	1.23172	0.596634	-0.558459	-0.441164	-0.417011	-0.149259	-0.610889	-0.918924	-0.785265	0.385509	-1.174838	2.319747	1.615462	-0.695422	-0.520383	-0.625682	-0.725595	-0.313005	-0.437311	1.499722	-0.027462	-0.307389	1.599794	0.805789	-0.436941	-0.816627	0.475039	0.255353	-0.06265	-0.174513	-1.052553
SomMotB_2_R	-0.425002	0.072396	0.7323	0.156735	0.138167	-0.157375	-0.645786	0.524289	0.701087	0.412728	1.745855	-0.484298	-1.055332	-0.387083	-0.932819	-1.162996	0.095887	-0.891269	-0.787842	-0.354142	-0.003172	0.06139	-0.656591	-0.546603	-1.002105	-1.06663	-0.193218	-0.87197	-1.233011	-0.909469	-0.429093	-0.335944	-0.519629	-0.920218	-0.410217	1.098067	-0.581803	-0.474157	-0.012997	-0.750524	0.999623	-0.362557	0.065805	-0.911125	-0.853729	-0.851618	0.225403	-0.386365	1.311717	-0.69569	0.529855	-1.029431	0.088367	-0.87381	-0.82963	-0.207704	-0.298308	0.496951	-0.537645	-0.626087	-0.945942	2.457127	0.190695	-0.659757	-0.120526	0.741614	-0.21199	0.865928	0.050766	1.23172	-0.841353	-0.274694	-0.893567	-0.417011	-0.149259	-0.412139	-0.918924	-0.785265	0.385509	-0.85242	0.694363	-0.197096	-0.191775	-0.520383	-0.625682	-0.725595	-0.177588	-0.437311	1.499722	-0.027462	-0.34246	-1.60632	-0.622095	-0.679349	-0.816627	0.475039	-0.995492	-0.764502	0.479846	-1.052553
SomMotB_3_R	-0.839006	2.639	0.555858	0.156735	2.071951	1.484579	-0.932211	1.694415	1.588841	-0.133532	0.457242	2.21315	2.236924	-0.331572	0.91678	-0.464455	2.193893	-0.001055	-0.012117	1.981732	-0.003172	2.082362	-0.177673	0.329907	-0.750017	-0.583808	1.953403	-0.235976	0.084319	0.002573	0.605635	-1.000872	-0.519629	-0.933477	1.265879	1.901942	-0.186538	-0.458749	-0.706308	0.036259	0.667937	-0.175776	-1.031089	-0.486132	-0.539904	0.13347	1.008346	1.04805	1.214767	-0.826722	2.243278	-0.846164	2.246959	1.928337	-0.633534	-0.757782	-0.782549	1.307372	1.524257	1.109322	0.264914	2.457127	-1.128436	-0.159625	1.353056	0.259059	0.011877	1.563011	2.946561	1.23172	-0.841353	2.327749	0.297241	2.132123	0.343725	1.617128	-0.918924	-0.7121	1.684038	-0.714039	2.319747	1.97411	-0.695422	0.113424	-0.630008	-0.208867	1.614136	0.3446	1.524682	-0.544721	0.323363	1.599794	-0.486996	1.881985	-0.724974	1.713424	1.145217	1.120324	-0.174513	-1.052553
SomMotB_4_R	-0.933149	0.072396	-0.809529	0.156735	0.552787	1.716024	-0.457221	-1.319419	-0.696106	0.557105	-0.538154	1.150091	-1.055332	-0.507278	-0.876598	0.735437	-0.669642	-0.796063	-0.012117	-0.354142	-1.665037	-0.340426	-0.595795	-0.546603	-1.002105	-0.80582	1.953403	0.291961	-1.233011	-0.977146	-1.574138	-0.608506	0.000707	-0.214945	-0.888903	0.620557	-1.233218	-0.395981	-0.852457	-0.77511	-0.589208	0.385199	-1.209064	-0.951148	-0.228218	-0.851618	-0.54821	-0.706121	1.311717	-0.826722	-1.011802	0.303599	-0.428328	1.928337	-0.884079	-0.64653	-0.848373	-1.316109	-0.537645	-0.60689	-0.792327	2.457127	-0.710927	-0.659757	-1.14172	0.135957	-1.673618	1.563011	1.56795	-1.000899	0.596634	-0.38412	-0.893567	-1.010181	-1.331433	-0.412139	-0.71032	-0.485749	-0.147829	-0.665264	-0.264112	-0.197096	-0.932926	-0.996506	-0.856147	-0.725595	-0.52319	-0.577054	-0.588476	-0.544721	-0.964407	-1.60632	-0.622095	-1.127269	-0.497531	-1.120246	-0.995492	0.250215	-0.792011	-1.14253
SomMotB_5_R	-0.839006	2.639	0.555858	0.156735	2.071951	0.70964	-0.932211	1.694415	1.588841	-0.133532	0.457242	2.21315	0.629091	-0.331572	0.91678	-0.464455	2.193893	-0.001055	-0.012117	1.981732	-0.003172	2.082362	-0.177673	0.329907	-0.750017	-0.583808	1.953403	0.630699	0.084319	-0.575471	0.139096	-1.000872	0.192212	-0.933477	1.265879	1.901942	-0.186538	-0.458749	-0.706308	0.036259	0.667937	-0.175776	-1.031089	-0.486132	-0.539904	0.13347	1.008346	-0.706121	1.214767	-0.826722	2.243278	-0.846164	2.246959	1.791565	-0.633534	-0.757782	-0.782549	1.307372	1.524257	1.109322	0.264914	0.764971	-0.218981	-0.159625	1.966883	0.259059	1.004804	1.563011	1.56795	1.23172	-0.841353	2.327749	0.297241	2.132123	0.343725	0.991657	-0.918924	-0.7121	1.684038	-0.714039	1.846102	1.97411	-0.695422	0.113424	-0.630008	-0.208867	1.614136	0.3446	1.524682	-0.544721	0.323363	1.599794	-0.486996	-0.735383	-0.724974	-0.556491	1.145217	1.120324	-0.838284	-1.052553
SomMotB_6_R	-0.839006	2.639	0.555858	0.156735	0.552787	0.70964	-0.932211	0.524289	1.588841	-0.133532	-0.538154	2.21315	0.629091	-0.331572	-0.876598	-0.464455	-0.669642	-0.001055	-0.012117	1.06729	-0.003172	2.082362	-0.177673	0.329907	-0.750017	-0.724726	1.953403	0.630699	0.45674	-0.954966	0.605635	-0.608506	0.306271	-0.933477	1.265879	1.901942	-0.186538	-0.458749	-1.148828	-0.492835	-0.599491	-0.947423	-1.031089	0.700763	0.675574	0.13347	1.008346	-0.706121	1.214767	-0.826722	2.243278	-0.846164	-0.526039	1.791565	-0.633534	-0.757782	-0.782549	1.307372	1.524257	-0.60689	0.264914	1.020211	-1.128436	-0.159625	1.353056	0.135957	1.004804	1.678064	1.000885	-0.243292	-0.841353	2.327749	-0.102685	2.132123	0.343725	0.373112	-0.918924	-0.7121	-0.147829	-0.665264	1.846102	1.97411	-0.695422	0.113424	-0.630008	-0.208867	-0.52319	0.3446	0.462185	-0.544721	-0.139798	1.599794	0.017408	-0.735383	-0.724974	-0.556491	1.145217	1.120324	-0.303421	-1.052553
SomMotB_7_R	-0.839006	-0.415173	-1.059949	0.156735	0.552787	1.484579	-0.645786	-1.319419	0.389173	-0.133532	-0.43739	-0.749658	-0.190915	-0.331572	-0.602117	-0.429946	0.22002	-0.775549	0.302861	-0.473311	-1.665037	-1.029153	-0.177673	-0.546603	-1.002105	-1.06663	0.084549	0.291961	0.084319	-0.575471	-1.282276	-1.000872	0.000707	-0.933477	-0.418167	0.166935	0.206523	0.470453	-1.10813	-0.492835	-0.589208	-0.175776	-1.031089	-0.486132	-0.876227	1.901101	-0.54821	0.830289	0.382824	-0.826722	-0.024772	-1.029431	-1.297221	1.791565	-0.633534	-0.757782	-0.782549	-0.337692	-0.537645	-0.60689	0.321308	1.020211	-1.128436	-0.159625	-1.14172	0.135957	-0.060555	0.467906	-0.669363	-0.949552	0.596634	2.327749	-1.159397	2.132123	-0.793598	1.596022	-0.918924	-0.785265	-0.147829	-1.44477	-0.253619	-0.910612	-0.489997	-0.49143	-0.625682	-0.725595	-0.52319	0.3446	0.13794	-0.739551	-0.139798	-0.544633	0.834909	-0.735383	-0.816627	-0.151826	0.255353	-0.654784	-0.494292	-1.14253
VisualA_ExStr_1_R	-0.933149	-0.942174	-0.809529	-0.634973	-0.98254	-1.139372	-0.892475	0.215061	-0.782979	0.882871	-0.475038	-0.689786	-1.296508	-1.115261	-1.051533	-0.505996	-1.097673	-0.988713	-0.454853	-1.151069	0.224019	0.338331	-0.595795	-0.694841	-0.165487	-0.967967	-0.193218	0.907392	-0.02659	-0.954966	-0.493402	-1.02578	0.700408	-0.975755	-0.863325	-0.253004	-1.181191	-1.047805	-1.10813	-0.693647	-0.859441	-1.011525	-1.209064	0.700763	-1.065561	1.676192	-0.925728	0.838574	-1.107267	-0.867076	-0.651646	-1.177605	-1.201596	-1.081504	-0.942226	-1.116581	-0.71434	-0.231268	-0.537645	-1.01975	-0.792327	-0.755448	-1.128436	-0.659757	-1.14172	-0.512763	-0.875436	-0.983363	-0.941816	-1.000899	-0.841353	-0.274694	0.334805	-1.010181	-0.727143	-1.131008	0.599437	-0.861415	-0.507534	-0.711448	-0.654967	-1.12614	-0.932926	-0.299435	0.711029	-1.132494	-0.584598	-0.455831	-0.383834	-0.7726	0.19941	-1.60632	-0.622095	-0.679349	-0.895562	-1.120246	0.736974	-0.796568	-0.771698	-1.156184
VisualA_ExStr_2_R	-0.921287	-0.386982	-0.809529	-0.834541	0.552787	0.010534	-0.892475	-0.383611	-0.782979	0.412728	1.832188	0.90376	-0.367884	-0.992466	0.102322	-1.162996	-0.022898	-0.918342	1.366428	-0.507021	0.355401	0.338331	1.105775	0.097028	-0.165487	-0.80582	0.396067	0.907392	-0.02659	-1.004602	-0.294507	-1.23097	0.306271	-0.492513	-0.226452	-0.253004	-1.181191	-1.001991	-1.449627	-0.706724	-0.289828	-0.947423	-1.234347	0.700763	-0.876227	1.067327	-0.54821	0.838574	0.382824	-0.867076	-1.011802	-0.021069	-0.080025	0.191844	-0.82963	-0.741545	-0.384065	1.011143	0.379392	-0.460059	-0.625402	0.309126	-0.710927	-0.526517	-0.687993	0.822441	-0.125159	0.467906	-0.269422	-1.000899	0.218549	-0.114563	0.334805	-1.010181	-0.727143	1.596022	-0.199639	-0.769893	-0.464707	-1.116929	0.51059	-1.12614	-0.932926	-0.090934	0.711029	-0.697671	2.098037	0.186467	-0.432535	-0.85882	0.632257	-0.544633	-0.622095	-0.146874	-0.704599	-0.318679	2.070396	1.211181	-0.792011	-0.313007
VisualA_ExStr_3_R	-0.933149	-0.942174	-0.809529	-0.634973	-0.98254	-1.139372	-0.892475	0.215061	-0.782979	0.882871	-0.475038	-0.689786	-1.296508	-1.115261	-1.051533	-0.505996	-1.097673	-0.988713	-0.454853	-1.151069	-1.665037	-1.029153	-0.595795	-0.694841	-0.165487	-0.967967	-0.193218	1.11979	-0.8775	-0.954966	-0.294507	-1.002043	-0.379724	-0.975755	-0.863325	-0.253004	-1.181191	-1.047805	-1.10813	-0.693647	-0.859441	-1.011525	-1.209064	0.700763	-1.065561	1.676192	-0.925728	0.838574	-0.568913	-0.867076	-0.651646	-1.177605	-1.201596	-1.081504	-0.942226	-1.116581	-0.71434	0.678966	-0.537645	-1.01975	-0.792327	0.604387	-1.128436	-0.526517	-1.14172	-0.475246	-0.933021	-0.983363	-0.269422	-1.000899	-0.841353	-0.936976	0.297241	0.884147	-0.727143	-1.131008	-1.765116	-0.861415	-0.464707	-0.711448	-0.533235	-1.12614	-0.932926	-0.299435	0.711029	-1.132494	-0.584598	-0.455831	-0.383834	-0.557256	0.437507	-1.60632	-0.486996	-0.146874	-0.895562	-1.120246	-0.61754	-0.796568	-0.792011	-1.156184
VisualA_ExStr_4_R	-0.921287	-0.942174	-0.474662	-0.834541	-0.385872	-0.891779	-0.892475	-0.915388	-0.782979	0.412728	1.832188	1.150091	-1.296508	-0.992466	0.120037	-1.162996	-0.022898	-0.918342	1.366428	-0.507021	0.541121	0.338331	-0.632959	0.097028	-0.165487	-0.967967	0.396067	1.457413	-0.02659	-0.954966	-0.757214	-1.23097	1.379442	-0.492513	-0.863325	-0.253004	-1.181191	-1.001991	-1.449627	-0.492835	-0.681268	-0.720201	-1.209064	0.700763	-0.876227	0.109068	-0.54821	0.838574	0.160373	-0.867076	-0.024772	-1.177605	-1.201596	0.191844	-1.037181	-0.741545	-0.848373	1.011143	-0.537645	-0.449475	-0.625402	-0.755448	-0.710927	-0.526517	-0.687993	0.822441	-0.933021	-0.983363	-0.269422	-1.000899	-0.841353	-0.114563	-1.094387	0.884147	-0.727143	0.426678	0.599437	-0.769893	-0.464707	-1.116929	-0.264112	-1.12614	-0.932926	-0.090934	-0.264117	-1.132494	2.098037	0.186467	-0.432535	-0.7726	0.632257	-1.183247	-0.622095	-0.146874	-0.895562	-0.151826	0.736974	-0.318467	-0.792011	-0.313007
VisualA_ExStr_5_R	-0.933149	-0.942174	-1.028299	-0.634973	-0.98254	-1.139372	-0.892475	-0.00983	-0.782979	0.882871	-0.475038	-0.562111	-1.296508	-1.115261	-1.051533	-0.505996	-1.097673	-0.988713	-0.454853	-1.151069	-1.092471	-1.029153	-0.389709	0.12207	-0.165487	-0.967967	-0.193218	1.11979	-0.8775	-0.954966	-0.12904	-1.002043	0.025802	-0.975755	-0.863325	-0.253004	-1.181191	-1.047805	-1.10813	-0.706724	-0.859441	-1.011525	-1.070484	1.44645	-1.065561	1.676192	-0.925728	-0.808155	0.160373	-0.867076	-1.011802	-1.177605	-1.297221	-1.081504	-0.942226	-1.116581	-0.71434	-0.231268	-0.537645	-1.01975	-0.792327	-0.243359	-0.710927	-0.659757	-1.14172	-0.539058	-0.875436	0.467906	-0.941816	-1.000899	-0.841353	-0.936976	0.334805	0.884147	-0.727143	0.426678	0.599437	-0.861415	-0.507534	-0.711448	-0.654967	-1.12614	-0.932926	-0.299435	-0.264117	-1.132494	-0.584598	-0.455831	-0.383834	-0.7726	0.437507	-1.60632	-0.622095	-0.679349	-0.895562	-1.120246	-0.61754	-0.796568	-0.792011	-0.471132
VisualA_ExStr_6_R	-0.921287	-0.942174	-0.809529	-0.834541	-0.98254	-1.139372	-0.892475	-0.915388	-0.782979	0.557105	-0.210877	0.90376	-1.296508	-0.992466	0.120037	-1.162996	0.22002	-0.918342	1.366428	-0.507021	0.355401	0.563169	-0.389709	-0.694841	-0.165487	-0.967967	-0.193218	0.907392	-0.02659	-0.954966	-1.282276	-1.002043	0.700408	-0.835336	-0.863325	-0.253004	-1.181191	-1.001991	-1.10813	-0.084025	-0.589208	-0.964585	-1.209064	0.700763	-0.876227	1.676192	-0.54821	0.838574	0.382824	-0.69569	-1.011802	-1.177605	-1.201596	-0.422066	-0.82963	-1.116581	-0.835697	0.536953	-0.537645	-1.01975	-0.625402	-0.755448	-0.710927	-0.526517	-0.687993	-0.512763	-0.875436	-0.983363	-0.269422	-1.000899	-0.841353	-0.936976	-1.159397	-1.010181	-0.727143	-0.412139	0.599437	-0.769893	-0.464707	-1.44477	0.51059	-1.12614	-0.932926	-0.090934	-0.264117	-1.132494	2.098037	0.186467	-0.511363	-0.7726	1.44397	-1.60632	-0.622095	-0.679349	-0.895562	-1.120246	2.070396	-0.318467	-0.792011	-0.471132
VisualA_ExStr_7_R	-0.889854	-0.415173	0.239984	-0.834541	-0.385872	-0.167094	-0.892475	-1.319419	0.389173	2.039818	-0.210877	0.90376	-0.367884	-0.922441	-0.6576	-1.501906	-0.022898	-0.918342	1.366428	-0.507021	0.355401	0.563169	-0.389709	0.097028	1.338934	-0.80582	1.478509	0.820749	-0.02659	-1.004602	-0.493402	-1.23097	1.379442	-0.492513	-0.226452	0.574681	-1.181191	-0.648929	-1.449627	-0.084025	-0.589208	-0.770915	-1.234347	2.092888	-0.876227	1.067327	-0.54821	0.199819	0.382824	-0.120834	1.521148	-1.072106	-0.080025	-0.422066	-1.037181	-0.741545	-0.384065	0.536953	0.379392	-0.38977	-0.625402	0.604387	-0.322305	-0.41698	-0.096146	0.822441	-0.125159	0.467906	-0.269422	0.027515	0.218549	0.069955	0.334805	0.808019	-0.727143	1.596022	-1.765116	-0.769893	0.264093	-1.116929	0.51059	-0.934498	-0.937952	0.726195	-0.264117	-0.697671	2.098037	0.186467	-0.432535	-0.85882	1.279638	-0.544633	0.834909	-0.146874	-0.704599	-0.318679	2.070396	1.211181	-1.049259	-0.471132
VisualA_ExStr_8_R	-0.889854	-0.386982	0.239984	-0.834541	-0.385872	-0.167094	-0.892475	1.150022	0.389173	2.039818	-0.210877	-0.214028	-0.367884	-0.73711	0.120037	-1.501906	-0.022898	-0.918342	1.366428	-0.507021	0.224019	0.338331	-0.389709	0.097028	1.338934	0.053412	0.396067	0.820749	-0.02659	-1.004602	-0.294507	-1.219199	1.379442	-0.12261	-0.226452	0.574681	-1.181191	-0.648929	-0.852457	-0.084025	-0.079395	-0.964585	-1.234347	2.092888	-0.968173	1.067327	-0.385439	2.01389	-0.902633	-0.244549	1.521148	-1.072106	-0.080025	0.191844	-1.037181	-0.741545	-0.656656	-0.231268	0.379392	-0.078309	-0.625402	0.604387	-0.322305	-0.41698	-0.100805	0.822441	-0.3665	0.467906	-0.269422	0.027515	0.218549	0.069955	0.334805	0.808019	-0.727143	1.596022	-0.169974	-0.769893	-0.086604	-1.116929	0.51059	-0.934498	-0.937952	0.726195	1.717553	-0.697671	2.098037	0.727448	-0.432535	-0.570055	1.279638	-0.544633	1.347802	0.317143	-0.704599	-0.318679	2.070396	1.211181	-1.049259	0.549825
VisualA_ExStr_9_R	-0.933149	-0.942174	-0.809529	-0.634973	-0.98254	-1.139372	-0.892475	-0.00983	-0.782979	0.882871	-0.475038	-0.562111	-1.296508	-1.115261	-1.051533	-0.505996	-1.097673	-0.988713	-0.454853	-1.151069	-1.092471	-1.029153	-0.389709	0.12207	-0.165487	-0.967967	-0.193218	1.11979	-0.8775	-0.954966	-0.294507	-1.002043	-0.379724	-0.975755	-0.863325	-0.253004	-1.181191	-1.001991	-1.10813	-0.706724	-0.599491	-1.011525	-1.209064	1.44645	-1.065561	-0.346335	-0.925728	-0.808155	-0.73479	-0.867076	-0.565503	-1.177605	-1.297221	-1.081504	-0.942226	-1.116581	-0.71434	1.045648	-0.537645	-1.01975	-0.792327	-0.243359	-0.710927	-0.526517	-1.14172	-0.539058	-0.875436	-0.983363	-0.941816	-1.000899	-0.841353	-0.908193	-0.762476	0.884147	-0.727143	0.426678	0.599437	-0.861415	-1.544735	-0.711448	-0.654967	-1.12614	-0.932926	-0.090934	-0.264117	-1.132494	-0.584598	-0.455831	-0.383834	-0.7726	0.19941	-1.60632	-1.155814	-1.097715	-0.895562	-1.120246	0.736974	-0.796568	-0.792011	-1.156184
VisualA_ExStr_10_R	-0.933149	-0.942174	-0.809529	-0.834541	-0.98254	-1.139372	-0.892475	-0.00983	-0.782979	0.412728	1.832188	-0.689786	-1.296508	-1.115261	0.102322	-0.505996	-1.097673	-0.988713	-0.454853	-0.507021	-1.665037	-1.029153	-0.595795	-0.694841	-0.165487	-0.967967	-0.193218	0.907392	-0.02659	-0.954966	-0.294507	-1.002043	1.379442	-0.975755	-0.863325	-0.253004	-1.181191	-1.047805	-1.10813	-0.693647	-0.859441	-1.011525	-1.209064	1.44645	-1.065561	1.067327	-0.54821	0.838574	-1.050126	-0.867076	-0.651646	-1.177605	-1.201596	-1.081504	-0.942226	-1.116581	-0.71434	-0.231268	-0.537645	-1.01975	-0.792327	-0.755448	-0.710927	-0.659757	-1.14172	-0.512763	-0.508801	-0.983363	-0.269422	-1.000899	-0.841353	-0.936976	1.449116	0.884147	-0.727143	-0.412139	0.599437	-0.861415	-0.507534	-0.711448	-0.654967	-1.12614	-0.932926	-0.090934	0.711029	-1.132494	-0.584598	0.727448	-0.432535	-0.7726	0.19941	-1.60632	-0.622095	-0.679349	-0.895562	-1.120246	0.736974	-0.796568	-0.792011	0.936945
VisualA_ExStr_11_R	-0.256047	-0.386982	0.239984	-0.834541	-0.385872	-0.167094	-1.183474	0.834731	-0.782979	0.412728	-0.210877	-0.214028	-0.367884	0.372705	-0.6576	-1.501906	-0.88347	-0.918342	1.366428	-0.507021	0.224019	0.338331	-0.389709	0.097028	1.338934	-0.113482	0.396067	1.457413	-0.02659	-1.004602	-1.095836	-1.219199	0.700408	-0.625797	-0.226452	0.574681	-1.181191	-1.034477	-0.852457	-0.547852	-0.589208	-0.858611	0.384678	2.092888	-0.876227	1.067327	-0.54821	0.199819	-0.902633	-0.244549	-1.011802	-1.072106	-1.04886	-0.422066	0.487289	-0.741545	-0.656656	0.536953	-0.770819	-0.38977	-0.516637	-0.755448	0.185782	-0.41698	-0.100805	0.822441	1.990432	-0.983363	-0.593927	-0.654087	0.218549	-0.890505	-0.042664	-1.010181	-0.793598	1.596022	-1.765116	-0.935705	-0.086604	0.549077	0.694363	-0.934498	-0.937952	-0.996506	0.711029	-1.132494	2.098037	0.727448	-0.432535	-0.570055	1.279638	-1.183247	1.347802	-1.127269	-0.497531	-0.318679	-0.434157	1.211181	-1.049259	-1.156184
VisualA_ExStr_12_R	-0.889854	-0.386982	-0.809529	-0.834541	-0.385872	-0.167094	-0.564588	-1.319419	0.389173	2.039818	-0.538154	-0.562111	-1.296508	0.372705	-0.6576	-1.501906	-0.022898	-0.918342	1.366428	-0.507021	0.224019	0.338331	-0.389709	2.644519	1.338934	-0.967967	0.396067	0.907392	-0.02659	-0.954966	-0.294507	-1.002043	1.379442	-0.12261	-0.226452	0.574681	-1.181191	-1.001991	-0.852457	-0.084025	-0.589208	-1.011525	-1.209064	1.44645	-0.968173	1.067327	-0.54821	2.01389	-0.498287	-0.867076	-1.011802	-1.177605	-0.080025	0.191844	-0.236084	-0.741545	-0.656656	-0.231268	-0.537645	-1.01975	-0.516637	-0.755448	-0.710927	-0.526517	-0.100805	0.822441	1.990432	-0.983363	-0.269422	-1.000899	-0.841353	-0.936976	-0.102685	-1.010181	-0.727143	0.426678	0.599437	-0.769893	-0.086604	-1.116929	-0.258728	-1.12614	-0.932926	-0.090934	1.717553	-1.132494	2.098037	0.727448	-0.432535	-0.7726	1.588455	-0.544633	1.347802	-0.146874	-0.895562	-0.318679	-0.434157	0.367944	-0.792011	-0.313007
VisualA_PrC_1_R	-0.839006	2.639	0.779345	0.156735	2.071951	0.70964	-0.932211	1.241178	1.588841	-0.133532	0.457242	2.21315	2.236924	-0.331572	0.91678	-0.464455	2.193893	-0.001055	-0.012117	1.981732	1.368747	2.082362	-0.177673	0.329907	1.787661	-0.583808	1.953403	-0.235976	0.084319	0.002573	0.139096	-1.000872	-0.519629	0.092208	1.265879	1.901942	-0.186538	0.630364	-0.107474	1.760961	0.667937	-0.175776	-0.434034	-0.486132	-0.465853	0.13347	1.008346	0.894316	2.161014	1.123488	2.243278	-0.846164	2.246959	1.928337	-0.633534	-0.239971	-0.36763	1.307372	1.524257	1.109322	0.321308	2.457127	-1.128436	-0.159625	1.966883	0.259059	-0.060555	1.563011	2.946561	1.23172	1.524493	2.327749	0.297241	2.132123	0.343725	1.617128	-0.918924	-0.7121	1.684038	-0.714039	2.319747	1.97411	-0.695422	0.113424	-0.630008	-0.725595	1.614136	0.3446	1.524682	-0.544721	0.323363	1.599794	0.805789	1.881985	-0.164988	-0.556491	1.145217	1.630495	-0.174513	1.702577
VisualA_SPL_1_R	-0.921287	-0.942174	0.7323	0.156735	0.552787	-0.891779	-0.645786	-0.383611	-0.696106	0.412728	1.832188	0.90376	0.152441	-0.992466	0.120037	-0.464455	0.22002	-0.764193	-0.787842	-0.507021	-0.991785	-0.340426	-0.632959	0.097028	-1.002105	-0.80582	1.842112	0.291961	0.45674	-1.004602	-0.12904	-1.23097	0.000707	-1.146728	-0.418167	-0.253004	-0.581803	-1.034477	-1.10813	-0.492835	-0.589208	-0.947423	-1.031089	0.700763	-0.853729	-0.109114	-0.385439	-0.706121	1.311717	-0.120834	0.001568	-1.029431	0.088367	-0.87381	-0.82963	-1.116581	-0.835697	-0.520854	-0.537645	-0.626087	-0.625402	0.309126	-1.128436	-0.526517	-1.14172	2.591513	-0.21199	0.865928	0.458917	-0.243292	-0.841353	0.069955	-0.042664	-0.417011	-0.793598	1.596022	-1.765116	-0.785265	-0.464707	-1.44477	-0.197956	-0.910612	-0.932926	-0.406006	-1.03732	-1.132494	-0.52319	0.186467	-0.066072	-0.027462	1.44397	-0.544633	-0.608013	-1.127269	-0.704599	-0.151826	0.255353	1.211181	-0.303421	-1.052553
VisualA_SPL_2_R	-0.851629	-0.942174	0.7323	0.622129	-0.98254	0.112613	-0.645786	0.524289	-0.696106	0.412728	1.832188	-0.484298	-1.006531	-0.992466	0.102322	-1.162996	-0.669642	-0.891269	-0.787842	-0.354142	0.541121	-0.340426	-0.632959	-0.546603	-1.002105	-1.06663	-0.193218	0.291961	0.45674	-0.909469	-1.282276	-0.608506	-0.787774	-1.146728	-0.863325	1.098067	-0.581803	-0.395981	-0.012997	-0.492835	-0.079395	-0.947423	-1.024223	0.700763	-0.853729	-0.109114	-0.385439	-1.263958	1.214767	-0.69569	0.001568	-1.029431	0.088367	-0.87381	-0.82963	-1.116581	-0.298308	1.045648	-0.537645	-0.60689	0.264914	-0.237809	0.190695	-0.659757	-1.14172	2.591513	-0.21199	-0.876675	-0.669363	-0.243292	0.596634	0.136362	-0.089545	0.884147	-0.672793	1.596022	-0.199639	-0.785265	-0.147829	-0.85242	-0.264112	-0.197096	-0.932926	0.42826	-0.625682	-1.132494	-0.52319	-1.034724	-0.066072	0.92381	-0.307389	-1.60632	-0.608013	0.88557	-0.497531	-1.120246	0.255353	0.367944	-0.303421	0.936945
VisualB_ExStrInf_1_R	-0.921287	-0.942174	-0.474662	-0.634973	-0.98254	-1.139372	-0.892475	0.215061	-0.782979	0.882871	-0.475038	-0.562111	-1.296508	-1.115261	-1.051533	-0.505996	-1.097673	-0.988713	-0.454853	-1.151069	-1.092471	-1.029153	-0.389709	0.12207	-0.165487	-0.967967	-0.193218	1.11979	-0.8775	-0.954966	-0.757214	-1.002043	0.025802	-0.214945	-0.863325	-0.253004	-1.181191	-1.001991	-1.10813	-0.706724	-0.599491	-1.011525	-1.209064	1.44645	-1.065561	-0.346335	-0.925728	-0.808155	-0.73479	-0.826722	-0.565503	-1.177605	-1.297221	-1.081504	-0.942226	-1.116581	-0.71434	-0.231268	-0.537645	-1.01975	-0.792327	-0.243359	-0.710927	-0.659757	-1.14172	-0.539058	-0.875436	-0.983363	-0.667481	-1.000899	-0.841353	-0.908193	-0.762476	0.884147	-0.727143	0.426678	0.599437	-0.861415	-1.544735	-0.711448	-0.533235	-1.12614	-0.932926	-0.843744	0.711029	-1.132494	-0.584598	-0.455831	-0.383834	-0.7726	0.437507	-1.60632	-0.622095	-1.097715	-0.895562	-1.120246	0.736974	-0.796568	-0.792011	-0.313007
VisualB_ExStrInf_2_R	-0.921287	-0.942174	-1.028299	-0.634973	-0.98254	-1.139372	-0.892475	-0.00983	-0.782979	0.557105	-0.475038	-0.484298	-1.296508	-1.115261	-1.051533	-0.505996	-1.097673	-0.988713	-0.454853	-1.151069	-1.665037	-1.029153	-0.595795	0.12207	-0.165487	-0.967967	-0.193218	1.11979	-0.8775	-0.954966	-0.115009	-1.002043	1.379442	-0.214945	-0.863325	-0.253004	-1.181191	-1.001991	-1.10813	-0.706724	-0.599491	-1.011525	-1.209064	0.700763	-1.065561	-0.346335	-0.925728	-0.808155	-1.050126	-0.867076	-0.565503	-1.177605	-1.297221	-1.081504	-0.942226	-1.116581	-0.71434	-0.231268	-0.537645	-1.01975	-0.792327	-0.243359	-0.710927	-0.526517	-1.14172	-0.539058	-0.875436	-0.983363	-0.941816	-1.000899	-0.841353	-0.114563	-0.762476	0.884147	-0.727143	-0.610889	0.599437	-0.861415	-1.544735	-0.711448	-0.533235	-1.12614	-0.932926	-0.090934	-0.264117	-1.132494	-0.584598	-1.034724	-0.383834	-0.7726	0.437507	-1.60632	-0.622095	-1.097715	-0.895562	-1.120246	-0.61754	-0.796568	-0.792011	-1.156184
VisualB_ExStrInf_3_R	-0.256047	-0.942174	0.565477	-0.634973	-0.98254	-1.139372	-0.645786	0.834731	-0.696106	0.882871	-1.188543	-0.689786	-1.296508	-0.387083	-1.051533	2.307152	2.193893	-0.918342	-0.454853	-1.151069	-0.524998	-0.340426	-0.389709	0.12207	-1.002105	-0.967967	1.953403	1.11979	0.084319	-1.004602	-1.282276	-1.000872	-0.379724	-0.214945	-0.863325	-0.921751	-1.233218	-0.395981	-1.148828	-0.547852	-1.028698	-0.858611	-1.031089	-0.701138	-0.876227	1.901101	-0.54821	-0.706121	-1.147918	-0.109085	-0.087805	1.429888	-1.577799	-0.87381	-0.140019	-1.116581	-0.71434	-2.26899	-0.566942	-1.250662	-0.945942	-0.243359	-0.710927	-0.809665	-1.14172	-0.8815	-0.875436	-0.639766	-0.669363	-1.000899	-0.841353	-0.558459	-1.159397	-0.992019	-0.727143	-0.91502	0.599437	-0.485749	-1.544735	0.473906	0.205489	-1.12614	0.051639	-0.843744	-0.264117	-1.132494	-1.110832	-1.034724	-1.302434	-0.625932	0.19941	-1.60632	-1.174881	-0.842548	-0.704599	-1.120246	-0.995492	-1.056421	-0.792011	-0.367799
VisualB_ExStrInf_4_R	-0.933149	-0.386982	-0.809529	0.161311	0.138167	-1.263605	-0.645786	1.241178	-0.752784	0.882871	-0.475038	-0.689786	-1.055332	-0.507278	-0.932819	-1.162996	-0.608749	-0.796063	-0.012117	-0.416882	-1.665037	-0.693466	-0.613424	-1.232619	-1.002105	-1.06663	-0.828203	0.820749	-0.8775	-0.977146	-1.574138	-1.02578	0.700408	-0.214945	-0.760582	-1.285912	-1.19973	-0.831417	0.068598	-0.694405	-0.599491	-0.15702	-1.070484	-0.701138	-0.853729	-0.346335	-0.385439	-1.371704	-1.050126	-0.690545	-0.651646	-1.029431	-0.428328	-1.081504	-0.942226	-0.64653	-0.71434	-1.316109	-0.730133	-0.878771	-0.744316	-1.045208	0.190695	-0.59876	1.966883	-0.512763	-1.673618	-0.639766	-0.667481	-0.949552	-1.378112	-0.558459	0.297241	-1.010181	-0.727143	-0.98036	0.351649	-0.633209	-1.375319	0.473906	-1.019289	-0.197096	0.051639	-0.843744	-0.856147	-1.132494	-0.564709	-0.84322	-0.383834	-0.557256	-0.386659	-0.4112	-1.174881	-0.735383	-0.291506	-1.120246	-0.015112	-0.733822	-0.771698	-1.052553
VisualB_ExStrSup_1_R	-0.933149	-0.942174	-1.028299	-0.634973	-0.98254	-1.139372	-0.892475	-1.322163	-0.782979	0.882871	-0.475038	-0.689786	-1.296508	-1.115261	-1.051533	-1.162996	-1.097673	-0.988713	-0.454853	-1.151069	0.541121	-1.029153	-0.595795	-0.694841	-0.165487	-0.967967	-0.193218	1.11979	-0.8775	-0.954966	-1.008354	-1.002043	0.025802	-0.975755	-0.863325	-0.253004	-1.181191	-1.047805	-1.10813	-0.693647	-0.859441	-1.011525	-1.209064	0.700763	-1.065561	-0.346335	-0.925728	-0.808155	-1.107267	-0.867076	-1.011802	-1.177605	-1.297221	-1.081504	-0.942226	-1.116581	-0.71434	-0.520854	-0.537645	-1.01975	-0.792327	-0.243359	-0.710927	-0.526517	-1.14172	-0.539058	-0.875436	-0.983363	-0.941816	-1.000899	-0.841353	-0.936976	0.297241	0.884147	-0.727143	0.426678	0.599437	-0.861415	-0.507534	-0.711448	-0.264112	-1.12614	-0.932926	-0.299435	-0.264117	-1.132494	-0.584598	-0.455831	-0.383834	-0.557256	0.437507	-1.60632	-1.155814	-0.679349	-0.895562	-1.120246	-0.61754	-0.796568	-0.792011	-1.156184
VisualB_ExStrSup_2_R	-0.851629	-0.942174	-0.474662	-0.634973	-0.98254	-1.139372	-0.892475	0.861149	-0.782979	0.882871	-0.475038	-0.689786	-1.296508	-0.992466	-1.051533	-1.162996	-1.097673	-0.988713	-0.454853	-1.151069	0.541121	-1.029153	-0.389709	-0.694841	-0.165487	-0.967967	-0.193218	1.11979	-0.8775	-0.954966	-0.757214	-0.608506	0.025802	-0.975755	-0.863325	-0.253004	-1.181191	-1.001991	-1.10813	-0.693647	-0.589208	-1.011525	-1.209064	0.700763	-1.065561	-0.346335	-0.925728	0.838574	-1.050126	-0.867076	-0.024772	-1.177605	-1.201596	-1.081504	-0.942226	-0.741545	-0.71434	0.678966	-0.537645	-1.01975	-0.792327	-0.755448	-0.710927	-0.526517	-1.14172	-0.475246	-0.875436	-0.983363	-0.667481	-1.000899	-0.841353	-0.936976	-0.762476	0.884147	-0.727143	0.426678	0.599437	-0.861415	-0.507534	-0.711448	-0.533235	-1.12614	-0.932926	-0.299435	0.711029	-1.132494	-0.584598	-0.455831	-0.383834	-0.557256	-0.882175	-1.60632	-1.155814	-0.679349	-0.895562	-1.120246	0.736974	-0.318467	-0.792011	0.936945
VisualB_ExStrSup_3_R	-0.933149	-0.942174	-0.809529	-0.634973	-0.646124	-1.263605	-0.892475	-0.013401	-0.696106	0.882871	-0.538154	-0.689786	-1.296508	-1.115261	-1.051533	0.262201	-1.097673	-0.988713	-0.454853	-1.151069	-1.092471	-0.340426	-0.389709	0.12207	-0.165487	-0.967967	-0.193218	-0.660751	-0.8775	-0.954966	-1.095836	-1.02578	0.025802	-1.146728	-0.863325	-0.139803	-1.181191	-1.047805	0.068598	-0.693647	-0.681268	-0.858611	-1.209064	-0.701138	-1.065561	-0.346335	-0.925728	0.838574	-1.050126	-0.826722	-1.011802	-0.424692	-1.297221	-0.823445	-0.884079	-1.116581	-0.848373	0.678966	-0.730133	-1.01975	-0.516637	-0.755448	-1.128436	-0.659757	-1.14172	-0.539058	-0.933021	-0.983363	-0.941816	-1.000899	-0.841353	-0.936976	0.297241	-1.010181	-0.727143	-1.131008	-1.765116	-0.861415	-1.544735	-0.711448	0.205489	-1.12614	-0.932926	-0.299435	-1.03732	-1.132494	0.079101	-0.455831	-1.261988	-0.7726	-0.386659	-1.60632	-1.155814	-1.127269	-0.497531	-1.120246	0.736974	-0.796568	-0.792011	-1.14253
VisualB_ExStrSup_4_R	-0.933149	-0.942174	-0.474662	-0.634973	-0.98254	-1.139372	-0.892475	1.150022	-0.782979	0.882871	-0.475038	-0.689786	-1.296508	-1.115261	-1.051533	-1.162996	-1.097673	-0.988713	-0.454853	-1.151069	-1.665037	-1.029153	-0.648616	-0.694841	-0.165487	-0.967967	-0.193218	0.907392	-0.8775	-0.954966	-0.493402	-1.002043	0.025802	-0.975755	-0.863325	-0.253004	-1.181191	-1.047805	-1.10813	-0.693647	-0.859441	-1.011525	-1.209064	0.700763	-1.065561	1.676192	-0.925728	0.838574	-1.050126	-0.867076	-0.565503	-1.177605	-1.201596	-1.081504	-0.942226	-1.116581	-0.71434	0.678966	-0.537645	-0.449475	-0.792327	-0.755448	-0.710927	-0.659757	-1.14172	-0.512763	-0.875436	-0.983363	-0.667481	-1.000899	-0.841353	-0.274694	-0.762476	-1.010181	-0.727143	0.426678	0.599437	-0.861415	-0.507534	-0.711448	-0.654967	-1.12614	-0.932926	-0.299435	0.711029	-1.132494	-0.584598	-0.455831	-0.383834	0.92381	0.437507	-1.60632	-0.622095	-1.097715	-0.895562	-1.120246	0.736974	-0.796568	-0.792011	-1.156184
VisualB_ExStrSup_5_R	-0.933149	-0.942174	-1.028299	-0.634973	-0.98254	-1.139372	-0.892475	-1.322163	-0.782979	0.882871	-0.475038	-0.689786	-1.296508	-1.115261	-1.051533	-0.505996	-1.097673	-0.988713	-0.454853	-1.151069	-1.092471	-1.029153	-0.648616	-0.694841	-0.165487	-0.967967	-0.193218	-0.660751	-0.8775	-0.954966	-0.115009	-1.002043	-0.379724	-1.146728	-0.863325	-0.139803	-1.181191	-1.001991	-1.10813	-0.693647	-0.599491	-1.011525	-1.209064	-0.701138	-1.065561	-0.346335	-0.925728	0.838574	-1.050126	-0.826722	-0.565503	-1.177605	-1.297221	-1.081504	-0.942226	-1.116581	-0.71434	0.678966	-0.537645	-1.01975	-0.792327	-0.243359	-0.710927	-0.659757	-1.14172	-0.539058	-0.875436	-0.983363	-0.941816	-1.000899	-0.841353	-0.936976	-1.094387	-1.010181	-0.727143	-1.131008	-0.199639	-0.861415	-0.464707	-0.711448	-0.471545	-1.12614	-0.932926	-0.299435	0.711029	-1.132494	-0.584598	-0.455831	-0.383834	-0.85882	0.437507	-1.60632	-1.155814	-0.679349	-0.895562	-1.120246	0.736974	0.367944	-0.792011	-0.471132
VisualB_SPL_1_R	-0.425002	0.603984	0.7323	-0.634973	-0.98254	-1.139372	-0.645786	0.524289	0.701087	0.412728	-0.475038	-0.484298	-1.055332	-0.387083	0.102322	-1.162996	0.564009	-0.891269	-0.787842	-0.354142	-0.991785	0.06139	-0.197801	-0.546603	-1.002105	-1.06663	-0.193218	-0.87197	-1.233011	-0.909469	-1.574138	-0.608506	-0.787774	-0.920218	-0.410217	-0.139803	-0.581803	-0.831417	-0.012997	-0.694405	-0.599491	-0.947423	-1.024223	-0.911125	-0.853729	-0.851618	0.225403	-0.386365	1.214767	-0.69569	0.529855	-1.029431	-0.428328	-0.87381	-0.82963	-0.207704	-0.71434	0.496951	-0.537645	-0.626087	-0.945942	-0.755448	0.190695	-0.659757	-0.120526	0.741614	-0.21199	0.865928	0.050766	-0.949552	-0.766308	-0.274694	-0.893567	0.26695	-0.672793	-0.412139	0.351649	-0.785265	-0.147829	-0.85242	-0.264112	-0.197096	-0.51396	-0.843744	-0.625682	-1.132494	-0.973136	-0.84322	-0.383834	0.92381	-0.34246	0.617341	-0.622095	-0.679349	-0.497531	-1.120246	-0.995492	-0.764502	-0.303421	-1.052553
VisualB_Striate_1_R	-0.933149	-0.942174	0.7323	-0.634973	0.138167	-1.139372	-0.892475	0.215061	-0.782979	0.882871	-0.475038	-0.689786	-1.296508	-1.115261	-1.051533	-1.162996	-1.097673	-0.988713	-0.454853	-1.151069	-1.092471	-1.029153	-0.595795	0.12207	-0.165487	-0.967967	-0.193218	1.11979	-0.8775	-0.954966	-0.493402	-1.002043	-0.379724	-0.214945	-0.863325	-0.253004	-1.181191	-1.001991	-1.10813	-0.693647	-0.681268	-1.011525	-1.209064	0.700763	-1.065561	-0.346335	-0.925728	-0.808155	0.160373	-0.867076	-0.565503	-1.177605	-1.201596	-1.081504	-0.942226	-0.64653	-0.71434	0.678966	-0.537645	-1.01975	-0.792327	-0.243359	-1.128436	-0.526517	-1.14172	-0.539058	-0.875436	-0.983363	-0.669363	-1.000899	-0.841353	-0.908193	-0.893567	0.884147	-0.727143	0.426678	0.599437	-0.861415	-1.544735	-0.711448	-0.533235	-1.12614	-0.932926	-0.090934	-0.264117	-1.132494	-0.584598	-0.455831	-0.066072	-0.557256	1.116636	-1.60632	-0.622095	-1.127269	-0.895562	-1.120246	-0.61754	-0.796568	-0.792011	0.936945
VisualB_Striate_2_R	-0.933149	-0.942174	-0.474662	-0.634973	-0.646124	-1.139372	-0.892475	-0.00983	-0.782979	0.882871	-0.475038	-0.689786	-1.296508	-1.115261	-1.051533	-0.505996	-1.097673	-0.988713	-0.454853	-1.151069	-1.092471	-1.029153	-0.389709	0.12207	-0.165487	-1.06663	-0.193218	1.11979	-0.8775	-0.954966	-0.757214	-1.02578	0.700408	-0.975755	-0.863325	-0.139803	-1.181191	-1.001991	-1.10813	-0.706724	-0.859441	-0.720201	-1.209064	-0.701138	-1.065561	-0.346335	-0.925728	-0.85598	0.160373	-0.867076	-0.565503	-1.177605	-1.297221	-1.081504	-0.942226	-1.116581	-0.71434	0.678966	-0.537645	-1.01975	-0.792327	-0.243359	-0.710927	-0.526517	-1.14172	-0.475246	-0.3665	-0.983363	-0.941816	-1.000899	-0.841353	-0.936976	-0.762476	0.884147	-0.727143	-1.131008	-1.765116	-0.861415	-1.544735	-0.711448	-0.471545	-1.12614	-0.932926	-0.090934	-0.264117	-1.132494	-0.584598	-0.455831	-0.383834	-0.7726	0.19941	-1.60632	-0.486996	-0.146874	-0.895562	-1.120246	-0.61754	-0.796568	-0.792011	-1.14253
VisualB_Striate_3_R	0.709376	-0.942174	-0.839795	0.622129	0.138167	0.112613	-0.892475	0.861149	-0.782979	0.882871	-0.475038	-0.689786	-1.006531	-0.387083	0.102322	-1.162996	-1.097673	-0.988713	-0.454853	-1.151069	0.224019	-1.029153	-0.648616	0.12207	-0.165487	1.026724	-0.193218	1.11979	-0.8775	-0.954966	0.076028	-0.608506	0.700408	1.637713	-0.863325	-0.253004	-1.181191	-1.001991	-1.148828	-0.492835	-0.289828	-1.011525	-1.234347	-0.701138	-0.853729	-0.346335	-0.686757	-0.808155	-0.642865	-0.867076	-0.565503	-1.177605	-1.297221	-1.081504	-0.942226	-1.116581	-0.71434	0.678966	-0.537645	-0.460059	-0.792327	0.604387	-0.710927	-0.659757	-1.14172	-0.512763	-0.875436	-0.577914	-0.669363	-1.000899	-0.841353	-0.908193	0.297241	-0.992019	-0.727143	0.426678	-0.199639	-0.861415	-1.375319	-0.711448	-0.533235	-1.12614	-0.932926	-0.843744	0.711029	-1.132494	-0.584598	-0.455831	-0.066072	-0.557256	1.116636	-1.60632	-0.622095	-1.127269	-0.497531	-1.120246	0.736974	-0.318467	-0.792011	-1.156184
VisualC_ExStr_1_R	-0.933149	-0.942174	-1.028299	-0.634973	-0.98254	-1.139372	-0.892475	-0.00983	-0.782979	0.882871	-0.475038	-0.689786	-1.296508	-1.115261	-1.051533	-0.505996	-1.097673	-0.988713	-0.454853	-1.151069	-1.092471	-1.029153	-0.389709	0.12207	-0.165487	-0.967967	-0.193218	1.11979	-0.8775	-0.954966	-0.493402	-1.002043	-0.379724	-0.975755	-0.863325	-0.139803	-1.181191	-1.047805	-1.10813	-0.693647	-0.859441	-0.720201	-1.209064	0.700763	-1.065561	1.676192	-0.686757	-0.808155	-0.73479	-0.867076	-1.011802	-1.177605	-1.201596	-1.081504	-0.942226	-1.116581	-0.71434	-0.520854	-0.537645	-1.01975	-0.792327	-0.243359	-1.128436	-0.526517	-1.14172	-0.539058	-0.933021	-0.983363	-0.667481	-1.000899	-0.841353	-0.908193	0.334805	0.884147	-0.727143	0.426678	1.5237	-0.861415	-0.464707	-0.711448	-0.654967	-1.12614	-0.932926	-0.090934	-1.03732	-1.132494	-0.584598	-0.455831	-0.383834	-0.7726	0.437507	-1.60632	-0.608013	-0.679349	-0.895562	-1.120246	0.736974	0.367944	-0.792011	-1.14253
VisualC_ExStr_2_R	-0.933149	-0.942174	-1.028299	-0.634973	-0.98254	-1.139372	-0.892475	0.215061	-0.782979	0.882871	-0.475038	-0.484298	-1.296508	-1.115261	-1.051533	-0.505996	-1.097673	-0.988713	-0.454853	-1.151069	-1.092471	-1.029153	-0.389709	0.12207	-0.165487	-0.967967	-0.193218	1.11979	-0.8775	-0.954966	-0.757214	-1.002043	-0.379724	-0.975755	-0.863325	-0.139803	-1.181191	-1.047805	-1.10813	-0.706724	-0.599491	-1.011525	-1.209064	0.700763	-1.065561	0.109068	-0.686757	-0.808155	-0.73479	-0.867076	-1.011802	-1.177605	-1.297221	-1.081504	-0.942226	-1.116581	-0.71434	0.678966	-0.537645	-1.01975	-0.945942	-0.243359	-0.710927	-0.659757	-1.14172	-0.539058	-0.875436	-0.983363	-0.941816	-1.000899	-0.841353	-0.908193	-0.762476	0.884147	-0.727143	0.426678	-1.765116	-0.861415	-1.544735	-0.711448	-0.654967	-1.12614	-0.932926	-0.090934	-0.264117	-1.132494	-0.584598	-0.455831	-0.383834	-0.7726	0.437507	-1.60632	-0.608013	-1.097715	-0.895562	-1.120246	-0.61754	-0.318467	-0.792011	-1.14253
VisualC_ExStr_3_R	-0.933149	-0.942174	-0.809529	-0.634973	-0.98254	0.010534	-0.892475	0.215061	-0.696106	0.882871	-0.475038	-0.562111	-1.296508	-1.115261	-1.051533	0.397732	-0.022898	-0.988713	-0.454853	-1.151069	-1.092471	-1.029153	-0.595795	0.12207	-0.165487	-0.967967	1.478509	1.11979	-0.8775	-0.954966	-0.493402	-1.002043	0.025802	-0.214945	-0.863325	-0.139803	-0.196418	-1.001991	-1.10813	-0.492835	-0.289828	-1.011525	-1.209064	0.700763	-1.065561	-0.346335	-0.925728	-0.808155	-0.73479	-0.867076	-0.565503	-1.177605	0.061097	-0.87381	-0.942226	-0.64653	-0.71434	0.678966	-0.566942	-1.01975	-0.792327	-0.243359	0.190695	-0.659757	-1.14172	-0.539058	-0.875436	-0.983363	-0.669363	-1.000899	-0.841353	0.136362	-1.159397	0.884147	-0.727143	0.426678	-0.199639	-0.861415	-1.544735	-0.711448	-0.533235	-1.12614	-0.932926	-0.843744	-0.264117	-1.132494	-0.584598	-0.455831	-0.066072	-0.7726	0.19941	-1.60632	-0.608013	-0.436941	-0.497531	-1.120246	0.736974	-0.796568	-0.303421	-0.313007
VisualC_ExStr_4_R	-0.933149	-0.942174	-1.028299	-0.634973	-0.98254	-1.139372	-1.183474	0.834731	-0.782979	0.882871	-0.475038	-0.484298	-1.296508	-1.115261	-1.051533	-0.505996	-1.097673	-0.988713	-0.454853	-1.151069	-1.092471	-1.029153	-0.389709	0.12207	-0.165487	-0.967967	-0.193218	1.11979	-0.8775	-0.954966	-0.115009	-1.002043	-0.379724	-0.975755	-0.863325	-0.253004	-1.181191	-1.047805	-1.10813	-0.706724	-0.599491	-0.858611	-1.209064	1.44645	-1.065561	-0.346335	-0.925728	-0.85598	-1.107267	-0.867076	-0.565503	-1.177605	-1.297221	-1.081504	-0.942226	-1.116581	-0.71434	0.536953	-0.537645	-1.01975	-0.792327	-0.243359	-0.710927	-0.659757	-1.14172	-0.512763	-0.875436	-0.983363	-0.941816	-1.000899	-0.841353	-0.908193	-0.762476	0.884147	-0.727143	0.426678	1.5237	-0.861415	-1.544735	-0.711448	0.205489	-1.12614	-0.932926	-0.843744	-0.264117	-1.132494	-0.584598	-0.455831	-0.383834	-0.7726	0.19941	-1.60632	-0.608013	-1.097715	-0.895562	-1.120246	-0.61754	-1.341163	-0.792011	-1.14253
